Workbook

Sheet 용역청구서 표지
B4: 용 역 청 구 서
B7: P4 Ph4 GAS 1공구 마감공사
C8: S25-004
C14: 2025년 11월
C15: 대성이엔지

Sheet 용역 청구서(갑지)
A1: 용 역 청 구 서
A3: 1 | B3: 공 사 명 | C3: : | D3: ='용역청구서 표지'!$B$7 -> P4 Ph4 GAS 1공구 마감공사 | E3: ='용역청구서 표지'!$C$8 -> S25-004
A4: 2 | B4: 공 종 | C4: : | D4: 외주용역(M/M부분)
A5: 3 | B5: 계 약 금 액 | C5: : | D5: =ROUNDUP(E5,0) -> -25500000 | E5: =집계장!I22 -> -25500000 | F5: (VAT 별도)
A6: 4 | B6: 누 계 기 성 금 액 | C6: : | D6: =ROUNDUP(E6,0) -> -25500000 | E6: =E7+E13 -> -25500000 | F6: (VAT 별도)
A7: 5 | B7: 전 회 기 성 금 액 | C7: : | D7: =ROUNDUP(E7,0) -> 0 | E7: =집계장!G22 -> 0 | F7: (VAT 별도)
A8: 6 | B8: 금 회 기 성 금 액 | C8: : | D8: =ROUNDUP(E8,0) -> -25593205 | E8: =집계장!F18 -> -25593205 | F8: (VAT 별도)
A9: 7 | B9: 선 금 액 | C9: : | D9: =ROUNDUP(E9,0) -> 0 | E9: =집계장!K20 -> 0 | F9: (VAT 별도)
A10: 8 | B10: 선 금 전 회 공 제 | C10: : | D10: =ROUNDUP(E10,0) -> 0 | E10: =집계장!G20 -> 0 | F10: (VAT 별도)
A11: 9 | B11: 선 금 금 회 공 제 | C11: : | D11: =ROUNDUP(E11,0) -> 0 | E11: =집계장!F20 -> 0 | F11: (VAT 별도)
A12: 10 | B12: 선 금 잔 여 금 액 | C12: : | D12: =ROUNDUP(E12,0) -> 0 | E12: =집계장!L20 -> 0 | F12: (VAT 별도)
A13: 11 | B13: 금 회 청 구 금 액 | C13: : | D13: =ROUNDUP(E13,0) -> -25500000 | E13: =집계장!F22 -> -25500000 | F13: (VAT 별도)
A14: 12 | B14: 잔 여 기 성 금 액 | C14: : | D14: =ROUNDUP(E14,0) -> 0 | E14: =집계장!I16 -> 0 | F14: (VAT 별도)
A15: 13 | B15: 공 정 율 | C15: : | D15: 1
A16: 14 | B16: 청 구 공 사 기 간 | C16: : | D16: 2025. 11. 01 ~ 2025. 11. 30
B18: 위 공사의 하도급에 있어서 공사설계도서, 시방서,품질관리 기준 및 약정대로 시공 되었음을 확인하오며. 만약 귀사의 현장담당의 검사에
B19: 관하여 하자가 발견된 때에는 즉시 실액배상 또는 재 시공할것을 서약하고 이에 기성 청구서를 제출합니다.
B20: 상기건과 관련하여 본 청구 이전까지의 모든 대금은 수령하였음을 확약합니다.
F21: 작 성 일 : 2025 년 11 월 30일
F23: 상 호 : | G23: 대성이엔지
B24: ※첨 부 : 기성내역서 1부. | F24: 주 소 : | G24: 경기도 파주시 파주읍 주라위길 380
F25: 대표이사 : | G25: 정 성 기 | I25: (인)
D26: ㈜케이씨이앤씨 귀하

Sheet 용역 내역서(을지)
A1: 용 역 내 역 서
A2: P4 Ph4 GAS 1공구 마감공사 | G2: 단위 : 원
A3: 품 명 | B3: 규 격 | C3: 단위 | D3: 단 가 | E3: 금 회 청 구
E4: 수 량 | F4: 금 액 | G4: 비 고
A5: 고급기술인 | B5: S+ | C5: M/M | D5: 1400000 | E5: 1 | F5: =D5*E5 -> 1400000
A6: 고급기술인 | B6: S | C6: M/M | D6: 1200000 | F6: =D6*E6 -> 0
A7: 중급기술인 | B7: A+ | C7: M/M | D7: 1000000 | F7: =D7*E7 -> 0
A8: 중급기술인 | B8: A | C8: M/M | D8: 900000 | F8: =D8*E8 -> 0
A9: 중급기술인 | B9: B+ | C9: M/M | D9: 800000 | F9: =D9*E9 -> 0
A10: 중급기술인 | B10: B | C10: M/M | D10: 700000 | F10: =D10*E10 -> 0
A11: 초급 기술인 | B11: C | C11: M/M | D11: 600000 | F11: =D11*E11 -> 0
A13: 인센티브 | E13: 0.01 | F13: =SUM(F5:F11)*E13 -> 14000
A15: 총 계 | E15: =SUM(E5:E11) -> 1 | F15: =SUM(F5:F13) -> 1414000

Sheet 집계장
A1: ='용역청구서 표지'!$B$7 -> P4 Ph4 GAS 1공구 마감공사
L2: ='용역청구서 표지'!$C$15 -> 대성이엔지
A3: 구분 | B3: 내역 | C3: 단위 | D3: 수량 | E3: 단가 | F3: 합계 | G3: 전회기성 | H3: 금회기성 | I3: 누계기성 | J3: 비 고
A4: 1. 물량 | B4: WELDING POINT | C4: D/I | D4: =SUM('물량 내역서'!$J$5:$J$27) -> 0 | E4: =F4/D4 -> #DIV/0! | F4: =SUM('물량 내역서'!$K$5:$K$27) -> 0 | H4: =F4 -> 0 | I4: =G4+H4 -> 0
B5: VALVE 설치비 | C5: EA | D5: =SUM('물량 내역서'!$J$28:$J$50) -> 0 | E5: =F5/D5 -> #DIV/0! | F5: =SUM('물량 내역서'!$K$28:$K$50) -> 0 | H5: =F5 -> 0 | I5: =G5+H5 -> 0
B6: 인원 실투입 | C6: M/D | D6: ='근로내역 (11월)'!AN29 -> 0 | E6: =F6/D6 -> #DIV/0! | F6: ='근로내역 (11월)'!AP29 -> 0 | H6: =F6 -> 0 | I6: =G6+H6 -> 0
A7: 2. 기타비용 | C7: 式 | E7: 0 | F7: =D7*E7 -> 0 | H7: =F7 -> 0 | I7: =G7+H7 -> 0
A8: 소 계 | B8: 물량 | F8: =SUM(F4:F7) -> 0 | H8: =F8 -> 0 | I8: =G8+H8 -> 0
A9: 3. 노무비 | B9: 직접노무비 | C9: 式 | D9: ='근로내역 (11월)'!AN30 -> 100 | E9: =F9/D9 -> 218737.5 | F9: ='근로내역 (11월)'!AP30 -> 21873750 | H9: =F9 -> 21873750 | I9: =G9+H9 -> 21873750 | O9: 100A | P9: 96660 | Q9: 98450 | R9: =+Q9-P9 -> 1790 | S9: =+R9/Q9 -> 0.018181818
A10: 4. 숙소 및 식대 | B10: 임대료+관리비 | C10: 式 | D10: =SUM(숙소임차료!H4:H6)+SUM(숙소관리비!H4:H8) -> 28 | E10: =F10/D10 -> 94642.857 | F10: =숙소임차료!I3+숙소관리비!I3 -> 2650000 | H10: =F10 -> 2650000 | I10: =G10+H10 -> 2650000 | N10: =+H10+H11 -> 3719454.9 | O10: 125A | P10: 116640 | Q10: 118800 | R10: =+Q10-P10 -> 2160 | S10: =+R10/Q10 -> 0.018181818
B11: 식대 | C11: 式 | D11: =SUM(식대비용!G4:G4) -> 11 | E11: =F11/D11 -> 97223.169 | F11: =식대비용!I3 -> 1069454.9 | H11: =F11 -> 1069454.9 | I11: =G11+H11 -> 1069454.9 | O11: 150A | P11: 139320 | Q11: 141900 | R11: =+Q11-P11 -> 2580 | S11: =+R11/Q11 -> 0.018181818
A12: 5. 기타 공제 내역 | C12: 式 | E12: 0 | F12: =D12*E12 -> 0 | H12: =F12 -> 0 | I12: =G12+H12 -> 0 | O12: 200A | P12: 218160 | Q12: 222200 | R12: =+Q12-P12 -> 4040 | S12: =+R12/Q12 -> 0.018181818
A13: 소 계 | B13: 공제 | F13: =SUM(F9:F12) -> 25593205 | H13: =F13 -> 25593205 | I13: =G13+H13 -> 25593205
A14: 합 계 | B14: 기성 (물량-공제) | F14: =F8-F13 -> -25593205 | H14: =F14 -> -25593205 | I14: =G14+H14 -> -25593205
A15: 6. 유보금 | B15: 기성금*XX% | C15: 式 | H15: =F15 -> 0 | I15: =G15+H15 -> 0
A16: 7. 유보금 차액 | B16: 전회 누계유보금+적자 기성액 | C16: 式 | H16: =F16 -> 0 | I16: =G16+H16 -> 0
A17: 8. NEGO | B17: NEGO | C17: 式 | H17: =F17 -> 0 | I17: =G17+H17 -> 0
A18: 총 계 | B18: 최종기성 | F18: =F14-F15-F16-F17 -> -25593205 | H18: =F18 -> -25593205 | I18: =G18+H18 -> -25593205
A19: 선급금 | B19: 선수공제 | C19: 式 | H19: =F19 -> 0 | I19: =G19+H19 -> 0 | K19: 지급 선급금 | L19: 선급금 차액
B20: 단수정리 | C20: 式 | F20: =ROUNDDOWN(F19,-5) -> 0 | H20: =F20 -> 0 | I20: =G20+H20 -> 0 | J20: 만 단위 이하 절사 | K20: 0 | L20: =K20-I20 -> 0
A21: 공제 후 실 지급액 | F21: =F18-F20 -> -25593205 | H21: =F21 -> -25593205 | I21: =G21+H21 -> -25593205
A22: 세금계산서 기준 | F22: =ROUNDDOWN(F21,-5) -> -25500000 | H22: =F22 -> -25500000 | I22: =G22+H22 -> -25500000 | J22: 만 단위 이하 절사
A23: TERMS AND CONDITIONS | D23: NOTE
A24: 1. 납 기 : KCEnC 지정 납기로 별도 협의 하에 결정하는 것으로 함.
A25: 2. 지불조건 : KCEnC 지불 조건에 따름.
A26: 3. 유효기간 : 기성 제출일로 부터 30일 이내

Sheet 물량 내역서
A1: 2025년 (11)월 물량 내역서
A2: ='용역청구서 표지'!$B$7 -> P4 Ph4 GAS 1공구 마감공사 | M2: 단위 : 원
A3: 품 명 | B3: 규 격 | C3: 단위 | D3: W/P 수량 | E3: 단 가 | F3: 계 약 내 역 | H3: 전 회 누 계 물 량 | J3: 금 회 물 량 | L3: 누 계 물 량
F4: D/I 수량 | G4: 금액 | H4: D/I 수량 | I4: 금액 | J4: D/I 수량 | K4: 금액 | L4: D/I 수량 | M4: 금액
A5: WEDING POINT | B5: 8A | C5: POINT | E5: 475000 | F5: =L5 -> 0 | G5: =M5 -> 0 | J5: =$D5*'DIA-INCH'!$C5 -> 0 | K5: =$E5*$J5 -> 0 | L5: =H5+J5 -> 0 | M5: =I5+K5 -> 0
A6: WEDING POINT | B6: 15A | C6: POINT | E6: 475000 | F6: =L6 -> 0 | G6: =M6 -> 0 | J6: =$D6*'DIA-INCH'!$C6 -> 0 | K6: =$E6*$J6 -> 0 | L6: =H6+J6 -> 0 | M6: =I6+K6 -> 0
A7: WEDING POINT | B7: 20A | C7: POINT | E7: 475000 | F7: =L7 -> 0 | G7: =M7 -> 0 | J7: =$D7*'DIA-INCH'!$C7 -> 0 | K7: =$E7*$J7 -> 0 | L7: =H7+J7 -> 0 | M7: =I7+K7 -> 0
A8: WEDING POINT | B8: 25A | C8: POINT | D8: 0 | E8: 475000 | F8: =L8 -> 0 | G8: =M8 -> 0 | J8: =$D8*'DIA-INCH'!$C8 -> 0 | K8: =$E8*$J8 -> 0 | L8: =H8+J8 -> 0 | M8: =I8+K8 -> 0
A9: WEDING POINT | B9: 32A | C9: POINT | D9: 0 | E9: 475000 | F9: =L9 -> 0 | G9: =M9 -> 0 | J9: =$D9*'DIA-INCH'!$C9 -> 0 | K9: =$E9*$J9 -> 0 | L9: =H9+J9 -> 0 | M9: =I9+K9 -> 0
A10: WEDING POINT | B10: 40A | C10: POINT | D10: 0 | E10: 475000 | F10: =L10 -> 0 | G10: =M10 -> 0 | J10: =$D10*'DIA-INCH'!$C10 -> 0 | K10: =$E10*$J10 -> 0 | L10: =H10+J10 -> 0 | M10: =I10+K10 -> 0
A11: WEDING POINT | B11: 50A | C11: POINT | D11: 0 | E11: 475000 | F11: =L11 -> 0 | G11: =M11 -> 0 | J11: =$D11*'DIA-INCH'!$C11 -> 0 | K11: =$E11*$J11 -> 0 | L11: =H11+J11 -> 0 | M11: =I11+K11 -> 0
A12: WEDING POINT | B12: 65A | C12: POINT | D12: 0 | E12: 475000 | F12: =L12 -> 0 | G12: =M12 -> 0 | J12: =$D12*'DIA-INCH'!$C12 -> 0 | K12: =$E12*$J12 -> 0 | L12: =H12+J12 -> 0 | M12: =I12+K12 -> 0
A13: WEDING POINT | B13: 80A | C13: POINT | D13: 0 | E13: 475000 | F13: =L13 -> 0 | G13: =M13 -> 0 | J13: =$D13*'DIA-INCH'!$C13 -> 0 | K13: =$E13*$J13 -> 0 | L13: =H13+J13 -> 0 | M13: =I13+K13 -> 0
A14: WEDING POINT | B14: 100A | C14: POINT | D14: 0 | E14: 475000 | F14: =L14 -> 0 | G14: =M14 -> 0 | J14: =$D14*'DIA-INCH'!$C14 -> 0 | K14: =$E14*$J14 -> 0 | L14: =H14+J14 -> 0 | M14: =I14+K14 -> 0
A15: WEDING POINT | B15: 110A | C15: POINT | D15: 0 | E15: 475000 | F15: =L15 -> 0 | G15: =M15 -> 0 | J15: =$D15*'DIA-INCH'!$C15 -> 0 | K15: =$E15*$J15 -> 0 | L15: =H15+J15 -> 0 | M15: =I15+K15 -> 0
A16: WEDING POINT | B16: 125A | C16: POINT | D16: 0 | E16: 475000 | F16: =L16 -> 0 | G16: =M16 -> 0 | J16: =$D16*'DIA-INCH'!$C16 -> 0 | K16: =$E16*$J16 -> 0 | L16: =H16+J16 -> 0 | M16: =I16+K16 -> 0
A17: WEDING POINT | B17: 150A | C17: POINT | D17: 0 | E17: 475000 | F17: =L17 -> 0 | G17: =M17 -> 0 | J17: =$D17*'DIA-INCH'!$C17 -> 0 | K17: =$E17*$J17 -> 0 | L17: =H17+J17 -> 0 | M17: =I17+K17 -> 0
A18: WEDING POINT | B18: 175A | C18: POINT | D18: 0 | E18: 475000 | F18: =L18 -> 0 | G18: =M18 -> 0 | J18: =$D18*'DIA-INCH'!$C18 -> 0 | K18: =$E18*$J18 -> 0 | L18: =H18+J18 -> 0 | M18: =I18+K18 -> 0
A19: WEDING POINT | B19: 200A | C19: POINT | D19: 0 | E19: 475000 | F19: =L19 -> 0 | G19: =M19 -> 0 | J19: =$D19*'DIA-INCH'!$C19 -> 0 | K19: =$E19*$J19 -> 0 | L19: =H19+J19 -> 0 | M19: =I19+K19 -> 0
... A27: WEDING POINT | B27: 550A | C27: POINT | D27: 0 | E27: 475000 | F27: =L27 -> 0 | G27: =M27 -> 0 | J27: =$D27*'DIA-INCH'!$C27 -> 0 | K27: =$E27*$J27 -> 0 | L27: =H27+J27 -> 0 | M27: =I27+K27 -> 0
A28: VALVE 설치비 | B28: 8A | C28: EA | D28: 0 | E28: =$E$31*'DIA-INCH'!$C5 -> 12500 | F28: =L28 -> 0 | G28: =M28 -> 0 | J28: =D28 -> 0 | K28: =$J28*$E28 -> 0 | L28: =H28+J28 -> 0 | M28: =I28+K28 -> 0
A29: VALVE 설치비 | B29: 15A | C29: EA | D29: 0 | E29: =$E$31*'DIA-INCH'!$C6 -> 25000 | F29: =L29 -> 0 | G29: =M29 -> 0 | J29: =D29 -> 0 | K29: =$J29*$E29 -> 0 | L29: =H29+J29 -> 0 | M29: =I29+K29 -> 0
A30: VALVE 설치비 | B30: 20A | C30: EA | D30: 0 | E30: =$E$31*'DIA-INCH'!$C7 -> 37500 | F30: =L30 -> 0 | G30: =M30 -> 0 | J30: =D30 -> 0 | K30: =$J30*$E30 -> 0 | L30: =H30+J30 -> 0 | M30: =I30+K30 -> 0
A31: VALVE 설치비 | B31: 25A | C31: EA | D31: 0 | E31: 50000 | F31: =L31 -> 0 | G31: =M31 -> 0 | J31: =D31 -> 0 | K31: =$J31*$E31 -> 0 | L31: =H31+J31 -> 0 | M31: =I31+K31 -> 0
A32: VALVE 설치비 | B32: 32A | C32: EA | D32: 0 | E32: =$E$31*'DIA-INCH'!$C9 -> 62500 | F32: =L32 -> 0 | G32: =M32 -> 0 | J32: =D32 -> 0 | K32: =$J32*$E32 -> 0 | L32: =H32+J32 -> 0 | M32: =I32+K32 -> 0
A33: VALVE 설치비 | B33: 40A | C33: EA | D33: 0 | E33: =$E$31*'DIA-INCH'!$C10 -> 75000 | F33: =L33 -> 0 | G33: =M33 -> 0 | J33: =D33 -> 0 | K33: =$J33*$E33 -> 0 | L33: =H33+J33 -> 0 | M33: =I33+K33 -> 0
A34: VALVE 설치비 | B34: 50A | C34: EA | D34: 0 | E34: =$E$31*'DIA-INCH'!$C11 -> 100000 | F34: =L34 -> 0 | G34: =M34 -> 0 | J34: =D34 -> 0 | K34: =$J34*$E34 -> 0 | L34: =H34+J34 -> 0 | M34: =I34+K34 -> 0
A35: VALVE 설치비 | B35: 65A | C35: EA | D35: 0 | E35: =$E$31*'DIA-INCH'!$C12 -> 125000 | F35: =L35 -> 0 | G35: =M35 -> 0 | J35: =D35 -> 0 | K35: =$J35*$E35 -> 0 | L35: =H35+J35 -> 0 | M35: =I35+K35 -> 0
A36: VALVE 설치비 | B36: 80A | C36: EA | D36: 0 | E36: =$E$31*'DIA-INCH'!$C13 -> 150000 | F36: =L36 -> 0 | G36: =M36 -> 0 | J36: =D36 -> 0 | K36: =$J36*$E36 -> 0 | L36: =H36+J36 -> 0 | M36: =I36+K36 -> 0
A37: VALVE 설치비 | B37: 100A | C37: EA | D37: 0 | E37: =$E$31*'DIA-INCH'!$C14 -> 200000 | F37: =L37 -> 0 | G37: =M37 -> 0 | J37: =D37 -> 0 | K37: =$J37*$E37 -> 0 | L37: =H37+J37 -> 0 | M37: =I37+K37 -> 0
A38: VALVE 설치비 | B38: 110A | C38: EA | D38: 0 | E38: =$E$31*'DIA-INCH'!$C15 -> 200000 | F38: =L38 -> 0 | G38: =M38 -> 0 | J38: =D38 -> 0 | K38: =$J38*$E38 -> 0 | L38: =H38+J38 -> 0 | M38: =I38+K38 -> 0
A39: VALVE 설치비 | B39: 125A | C39: EA | D39: 0 | E39: =$E$31*'DIA-INCH'!$C16 -> 250000 | F39: =L39 -> 0 | G39: =M39 -> 0 | J39: =D39 -> 0 | K39: =$J39*$E39 -> 0 | L39: =H39+J39 -> 0 | M39: =I39+K39 -> 0
A40: VALVE 설치비 | B40: 150A | C40: EA | D40: 0 | E40: =$E$31*'DIA-INCH'!$C17 -> 300000 | F40: =L40 -> 0 | G40: =M40 -> 0 | J40: =D40 -> 0 | K40: =$J40*$E40 -> 0 | L40: =H40+J40 -> 0 | M40: =I40+K40 -> 0
A41: VALVE 설치비 | B41: 175A | C41: EA | D41: 0 | E41: =$E$31*'DIA-INCH'!$C18 -> 350000 | F41: =L41 -> 0 | G41: =M41 -> 0 | J41: =D41 -> 0 | K41: =$J41*$E41 -> 0 | L41: =H41+J41 -> 0 | M41: =I41+K41 -> 0
A42: VALVE 설치비 | B42: 200A | C42: EA | D42: 0 | E42: =$E$31*'DIA-INCH'!$C19 -> 400000 | F42: =L42 -> 0 | G42: =M42 -> 0 | J42: =D42 -> 0 | K42: =$J42*$E42 -> 0 | L42: =H42+J42 -> 0 | M42: =I42+K42 -> 0
A43: VALVE 설치비 | B43: 225A | C43: EA | D43: 0 | E43: =$E$31*'DIA-INCH'!$C20 -> 450000 | F43: =L43 -> 0 | G43: =M43 -> 0 | J43: =D43 -> 0 | K43: =$J43*$E43 -> 0 | L43: =H43+J43 -> 0 | M43: =I43+K43 -> 0
... A50: VALVE 설치비 | B50: 550A | C50: EA | D50: 0 | E50: =$E$31*'DIA-INCH'!$C27 -> 1100000 | F50: =L50 -> 0 | G50: =M50 -> 0 | J50: =D50 -> 0 | K50: =$J50*$E50 -> 0 | L50: =H50+J50 -> 0 | M50: =I50+K50 -> 0
A51: 합 계 | F51: =SUM(F5:F50) -> 0 | G51: =SUM(G5:G50) -> 0 | H51: =SUM(H5:H50) -> 0 | I51: =SUM(I5:I50) -> 0 | J51: =SUM(J5:J50) -> 0 | K51: =SUM(K5:K50) -> 0 | L51: =SUM(L5:L50) -> 0 | M51: =SUM(M5:M50) -> 0

Sheet 근로내역 (11월)
A1: 2025년 ( 11 )월 일용 노무비명세서 | AH1: 현장명 | AM1: ='용역청구서 표지'!$B$7 -> P4 Ph4 GAS 1공구 마감공사
AH2: 현장소장 | AM2: 장 규 철
AH3: 잡코드 | AM3: ='용역청구서 표지'!$C$8 -> S25-004
A5: 번호 | B5: 성명 | C5: 주민등록번호 | D5: 직종 | E5: 연락처(H.P) | F5: 은행명 | G5: 예금주 | H5: 계좌번호 | I5: 1 | J5: 2 | K5: 3 | L5: 4 | M5: 5 | N5: 6 | O5: 7 | P5: 8 | Q5: 9 | R5: 10 | S5: 11 | T5: 12 | U5: 13 | V5: 14 | W5: 15 | X5: 16 | Y5: 17 | Z5: 18 | AA5: 19 | AB5: 20 | AC5: 21 | AD5: 22 | AE5: 23 | AF5: 24 | AG5: 25 | AH5: 26 | AI5: 27 | AJ5: 28 | AK5: 29 | AL5: 30 | AM5: 31 | AN5: 공수 | AO5: 단가 | AP5: 총액
A6: 1 | B6: 김종완 | C6: 740404-1471013 | D6: 배관공 | E6: 010-9983-3546 | F6: 우리 | G6: 김종완 | H6: 1006-001-448823 | Y6: 0.875 | AA6: 1 | AB6: 1 | AC6: 1 | AF6: 1 | AG6: 1 | AH6: 1 | AI6: 1 | AJ6: 1 | AN6: =SUM(I6:AM6) -> 8.875 | AO6: 210000 | AP6: =AN6*AO6 -> 1863750
A7: 2 | B7: 김철 | C7: 761102-1565911 | D7: 공사보조 | E7: 010-5534-8412 | F7: 신한 | G7: 김철 | H7: 110-470-878920 | Y7: 0.625 | AA7: 0.5 | AB7: 1 | AC7: 1 | AF7: 1 | AG7: 1 | AH7: 1 | AI7: 1 | AJ7: 1 | AN7: =SUM(I7:AM7) -> 8.125 | AO7: 250000 | AP7: =AN7*AO7 -> 2031250
A8: 3 | B8: 박기태 | C8: 841117-1836338 | D8: 배관공 | E8: 010-9800-6028 | F8: 농협 | G8: 박기태 | H8: 883-12-137056 | Y8: 0.875 | AA8: 1 | AC8: 1 | AF8: 1 | AG8: 1 | AH8: 1 | AI8: 1 | AJ8: 1 | AN8: =SUM(I8:AM8) -> 7.875 | AO8: 210000 | AP8: =AN8*AO8 -> 1653750
A9: 4 | B9: 서승희 | C9: 941121-2216111 | D9: 보통인부 | E9: 010-8540-8270 | F9: 국민 | G9: 서승희 | H9: 865302-00-042896 | Y9: 0.625 | AA9: 1 | AB9: 1 | AC9: 1 | AF9: 1 | AG9: 1 | AH9: 1 | AI9: 1 | AJ9: 1 | AN9: =SUM(I9:AM9) -> 8.625 | AO9: 180000 | AP9: =AN9*AO9 -> 1552500
A10: 5 | B10: 안병문 | C10: 751106-1239319 | D10: 용접공 | E10: 010-9291-2123 | F10: 농협 | G10: 안병문 | H10: 302-1102-5800-61 | Y10: 0.875 | AA10: 1 | AB10: 1 | AC10: 1 | AF10: 1 | AG10: 1 | AH10: 1 | AI10: 1 | AJ10: 1 | AN10: =SUM(I10:AM10) -> 8.875 | AO10: 240000 | AP10: =AN10*AO10 -> 2130000
A11: 6 | B11: 오정석 | C11: 840327-1836316 | D11: 배관공 | E11: 010-3646-6264 | F11: 우리 | G11: 오정석 | H11: 1002-339-959255 | Y11: 0.875 | AA11: 1 | AB11: 1 | AC11: 1 | AF11: 1 | AG11: 1 | AH11: 1 | AI11: 1 | AJ11: 1 | AN11: =SUM(I11:AM11) -> 8.875 | AO11: 240000 | AP11: =AN11*AO11 -> 2130000
A12: 7 | B12: 윤지환 | C12: 770812-1100111 | D12: 공사보조 | E12: 010-6455-8718 | F12: 새마을 | G12: 윤지환 | H12: 9002-1579-4799-1 | Y12: 0.625 | AA12: 0.5 | AB12: 1 | AC12: 1 | AF12: 1 | AG12: 1 | AH12: 1 | AI12: 1 | AJ12: 1 | AN12: =SUM(I12:AM12) -> 8.125 | AO12: 240000 | AP12: =AN12*AO12 -> 1950000
A13: 8 | B13: 장세형 | C13: 780528-1233527 | D13: 안전보조 | E13: 010-3728-4671 | F13: 신한 | G13: 장세형 | H13: 110-471-057532 | Y13: 0.625 | AA13: 0.5 | AB13: 1 | AC13: 1 | AF13: 1 | AG13: 1 | AH13: 1 | AI13: 1 | AJ13: 1 | AN13: =SUM(I13:AM13) -> 8.125 | AO13: 240000 | AP13: =AN13*AO13 -> 1950000
A14: 9 | B14: 정은선 | C14: 670809-2233120 | D14: 보통인부 | E14: 010-2297-5059 | F14: 기업 | G14: 정은선 | H14: 289-074002-02-015 | Y14: 0.625 | AA14: 1 | AB14: 1 | AC14: 1 | AF14: 1 | AG14: 1 | AH14: 1 | AI14: 1 | AJ14: 1 | AN14: =SUM(I14:AM14) -> 8.625 | AO14: 190000 | AP14: =AN14*AO14 -> 1638750
A15: 10 | B15: 정회준 | C15: 711103-1057510 | D15: 보통인부 | E15: 010-6215-7585 | F15: 우리 | G15: 정회준 | H15: 1002-638-676059 | Y15: 0.625 | AA15: 1 | AB15: 1 | AC15: 1 | AF15: 1 | AG15: 1 | AH15: 1 | AI15: 1 | AJ15: 1 | AN15: =SUM(I15:AM15) -> 8.625 | AO15: 180000 | AP15: =AN15*AO15 -> 1552500
A16: 9 | B16: 최세재 | C16: 781010-1906517 | D16: 보통인부 | E16: 010-8548-3215 | F16: 농협 | G16: 최세재 | H16: 356-0637-9273-33 | Y16: 0.625 | AA16: 1 | AB16: 1 | AC16: 1 | AH16: 1 | AI16: 1 | AJ16: 1 | AN16: =SUM(I16:AM16) -> 6.625 | AO16: 230000 | AP16: =AN16*AO16 -> 1523750
A17: 10 | B17: 최현우 | C17: 780110-1901921 | D17: 보통인부 | E17: 010-2123-6107 | F17: 국민 | G17: 최현우 | H17: 018302-04-192870 | Y17: 0.625 | AA17: 1 | AB17: 1 | AC17: 1 | AF17: 1 | AG17: 1 | AH17: 1 | AI17: 1 | AJ17: 1 | AN17: =SUM(I17:AM17) -> 8.625 | AO17: 220000 | AP17: =AN17*AO17 -> 1897500
A18: 합 계 | I18: =SUM(I6:I17) -> 0 | J18: =SUM(J6:J17) -> 0 | K18: =SUM(K6:K17) -> 0 | L18: =SUM(L6:L17) -> 0 | M18: =SUM(M6:M17) -> 0 | N18: =SUM(N6:N17) -> 0 | O18: =SUM(O6:O17) -> 0 | P18: =SUM(P6:P17) -> 0 | ... AL18: =SUM(AL6:AL17) -> 0 | AM18: =SUM(AM6:AM15) -> 0 | AN18: =SUM(AN6:AN17) -> 100 | AO18: =AP18/AN18 -> 218737.5 | AP18: =SUM(AP6:AP17) -> 21873750
A19: 1 | AN19: =SUM(I19:AM19) -> 0 | AP19: =AN19*AO19 -> 0
A20: 2 | AN20: =SUM(I20:AM20) -> 0 | AP20: =AN20*AO20 -> 0
A21: 3 | AN21: =SUM(I21:AM21) -> 0 | AP21: =AN21*AO21 -> 0
A22: 4 | AN22: =SUM(I22:AM22) -> 0 | AP22: =AN22*AO22 -> 0
A23: 5 | AN23: =SUM(I23:AM23) -> 0 | AP23: =AN23*AO23 -> 0
A24: 6 | AN24: =SUM(I24:AM24) -> 0 | AP24: =AN24*AO24 -> 0
A25: 7 | AN25: =SUM(I25:AM25) -> 0 | AP25: =AN25*AO25 -> 0
A26: 8 | AN26: =SUM(I26:AM26) -> 0 | AP26: =AN26*AO26 -> 0
A27: 9 | AN27: =SUM(I27:AM27) -> 0 | AP27: =AN27*AO27 -> 0
A28: 10 | AN28: =SUM(I28:AM28) -> 0 | AP28: =AN28*AO28 -> 0
A29: 추가 공사건 투입인원 합 계 | I29: =SUM(I19:I28) -> 0 | J29: =SUM(J19:J28) -> 0 | K29: =SUM(K19:K28) -> 0 | L29: =SUM(L19:L28) -> 0 | M29: =SUM(M19:M28) -> 0 | N29: =SUM(N19:N28) -> 0 | O29: =SUM(O19:O28) -> 0 | P29: =SUM(P19:P28) -> 0 | ... AN29: =SUM(AN19:AN28) -> 0 | AO29: =AP29/AN29 -> #DIV/0! | AP29: =SUM(AP19:AP28) -> 0
A30: 총 합 계 | I30: =I18+I29 -> 0 | J30: =J18+J29 -> 0 | K30: =K18+K29 -> 0 | L30: =L18+L29 -> 0 | M30: =M18+M29 -> 0 | N30: =N18+N29 -> 0 | O30: =O18+O29 -> 0 | P30: =P18+P29 -> 0 | ... AN30: =AN18+AN29 -> 100 | AO30: =AP30/AN30 -> 218737.5 | AP30: =AP18+AP29 -> 21873750

Sheet 숙소임차료
A1: 숙소 임차료
A2: No. | B2: 납부일 | C2: 구분 | D2: 품명 | E2: 주소 | F2: 호수 | G2: 수량 | H2: 사용인원 | I2: 임차료 | J2: 비 고
I3: =SUM(I4:I6) -> 2650000 | L3: 입력해야하는 항목 외 수정 금지
A4: 1 | B4: 45980 | C4: KC대납 임대료 | D4: 숙소임대료(11월분) | E4: 경기도 평택시 함박산1길 16, 202호 | F4: 202호 | G4: 1 | H4: 2 | I4: 800000 | J4: KC 대납 | L4: 납부일
A5: 2 | B5: 45980 | C5: KC대납 임대료 | D5: 숙소임대료(11월분) | E5: 경기도 평택시 고덕여염12길 103, 302호 | F5: 302호 | G5: 1 | H5: 5 | I5: 950000 | J5: KC 대납 | L5: 구분
A6: 3 | B6: 45980 | C6: KC대납 임대료 | D6: 숙소임대료(11월분) | E6: 경기도 평택시 함박산4길 12, 301호 | F6: 301호 | G6: 1 | H6: 5 | I6: 900000 | J6: KC 대납 | L6: 품명
L7: 주소
L8: 호수
L9: 수량
L10: 사용인원
L12: ■ 구분은 [KC대납 임대료 및 임대료] 이외 항목은 입력금지

Sheet 숙소관리비
A1: 숙소 관리비
A2: No. | B2: 납부일 | C2: 구분 | D2: 품명 | E2: 주소 | F2: 호수 | G2: 수량 | H2: 사용인원 | I2: 관리비 | J2: 비 고
I3: =SUM(I4:I12) -> 0
A4: 1 | C4: KC대납 관리비 | D4: 숙소수도세(11월분) | E4: 경기도 평택시 함박산1길 16, 202호 | F4: 202호 | G4: 1 | H4: 2 | I4: 11월 미발생 | J4: KC 대납
A5: 2 | C5: KC대납 관리비 | D5: 숙소가스료(11월분) | E5: 경기도 평택시 함박산1길 16, 202호 | F5: 202호 | G5: 1 | H5: 2 | I5: 11월 미발생 | J5: KC 대납
A6: 3 | C6: KC대납 관리비 | D6: 숙소전기료(11월분) | E6: 경기도 평택시 함박산1길 16, 202호 | F6: 202호 | G6: 1 | H6: 2 | I6: 11월 미발생 | J6: KC 대납
A7: 4 | C7: KC대납 관리비 | D7: 숙소수도세(11월분) | E7: 경기도 평택시 고덕여염12길 103, 302호 | F7: 302호 | G7: 1 | H7: 5 | I7: 11월 미발생 | J7: KC 대납
A8: 5 | C8: KC대납 관리비 | D8: 숙소가스료(11월분) | E8: 경기도 평택시 고덕여염12길 103, 302호 | F8: 302호 | G8: 1 | H8: 5 | I8: 11월 미발생 | J8: KC 대납
A9: 6 | C9: KC대납 관리비 | D9: 숙소전기료(11월분) | E9: 경기도 평택시 고덕여염12길 103, 302호 | F9: 302호 | G9: 1 | H9: 5 | I9: 11월 미발생 | J9: KC 대납
A10: 7 | C10: KC대납 관리비 | D10: 숙소수도세(11월분) | E10: 경기도 평택시 함박산4길 12, 301호 | F10: 301호 | G10: 1 | H10: 5 | I10: 11월 미발생 | J10: KC 대납
A11: 8 | C11: KC대납 관리비 | D11: 숙소가스료(11월분) | E11: 경기도 평택시 함박산4길 12, 301호 | F11: 301호 | G11: 1 | H11: 5 | I11: 11월 미발생 | J11: KC 대납
A12: 9 | C12: KC대납 관리비 | D12: 숙소전기료(11월분) | E12: 경기도 평택시 함박산4길 12, 301호 | F12: 301호 | G12: 1 | H12: 5 | I12: 11월 미발생 | J12: KC 대납

Sheet 식대비용
A1: 식대 비용
A2: No. | B2: 납부일 | C2: 구분 | D2: 품명 | E2: 거래처명 | F2: 수량 | G2: 식수인원 | H2: 단가 | I2: 합 계 | J2: 비 고
I3: =SUM(I4:I4) -> 1069454.9 | L3: 입력해야하는 항목 외 수정 금지
A4: 1 | B4: 45991 | C4: KC대납 식대 | D4: 기술인및관리자 (현장 식당) | E4: 포세카 | F4: 173 | G4: 11 | H4: 6181.82 | I4: =F4*H4 -> 1069454.9 | J4: KC 대납 | L4: 입력항목
L5: 납부일
L6: 구분
L7: 품명
L8: 거래처명
L9: 수량
L10: 식수인원
L11: 단가
L13: ■ 구분은 [KC대납 식대 및 식대] 이외 항목은 입력금지

Sheet 기타비용
A1: 기타 비용
A2: No. | B2: 구매일 | C2: 구분 | D2: 품명 | E2: 거래처명 | F2: 수량 | G2: 단가 | H2: 합계 | I2: 비고
H3: =SUM(H4:H30) -> 221500 | K3: 입력해야하는 항목 외 수정 금지
A4: 1 | B4: 45987 | C4: 소모품비 | D4: 현장 소모자재 | E4: 미래공구 | F4: 2 | G4: 25000 | H4: =F4*G4 -> 50000 | I4: 거래명세서 첨부 | K4: 입력항목
A5: 2 | B5: 45987 | C5: 소모품비 | D5: 현장 소모자재 | E5: 미래공구 | F5: 5 | G5: 32000 | H5: =F5*G5 -> 160000 | I5: 거래명세서 첨부 | K5: 납부일
A6: 3 | B6: 45988 | C6: 소모품비 | D6: 현장 소모자재 | E6: 미래공구 | F6: 5 | G6: 2300 | H6: =F6*G6 -> 11500 | I6: 거래명세서 첨부 | K6: 구분
K7: 품명
K8: 거래처명
K9: 수량
K10: 식수인원
K11: 단가
K13: ■ 구분은 [KC대납 식대 및 식대] 이외 항목은 입력금지

Sheet 서명란
B2: 현 장 확 인 | C2: 소 장 | E2: (서명)
C3: 공 사 | E3: (서명)
C4: 공 무 | E4: (서명)
G6: 사 업 부 | H6: Frontier 사업부 GNP 본부장 | I6: BOC 센터장 | J6: Frontier 사업부장
L8: 본 사 | M8: 담 당 | N8: 검 토 | O8: 검 토
Q11: 구 분 | R11: 확 인
Q12: 품 질 | R12: O O O (인)
Q13: 공 무 | R13: O O O (인)

Sheet DIA-INCH
B3: SIZE
B4: A(mm) | C4: Inch
B5: 8A | C5: 0.25
B6: 15A | C6: 0.5
B7: 20A | C7: 0.75
B8: 25A | C8: 1
B9: 32A | C9: 1.25
B10: 40A | C10: 1.5
B11: 50A | C11: 2
B12: 65A | C12: 2.5
B13: 80A | C13: 3
B14: 100A | C14: 4
B15: 110A | C15: 4
B16: 125A | C16: 5
... B27: 550A | C27: 22
