Workbook
Name _: #REF!
Name _: #REF!
Name _??_??_?C?g??: #REF!
Name _??_??_?C?g??: #REF!
Name ___DAT5: #REF!
Name ___QQ123: #REF!
Name __DAT11: #REF!
Name __DAT21: #REF!
Name __DAT22: #REF!
Name __DAT23: #REF!
Name __DAT24: #REF!
Name __DAT25: #REF!
Name __DAT26: #REF!
Name __DAT27: #REF!
Name __DAT28: #REF!
Name __P3: #REF!
Name __P4: #REF!
Name __P5: #REF!
Name __P6: #REF!
Name __PP1: #REF!
Name _0101__장비_설치공사: #REF!
Name _0201__소화_장비설치공사: #REF!
Name _1: #REF!
Name _1: #REF!
Name _1._PANEL_BD.__LP___1: #REF!
Name _1._옥외배관및장비설치공사: #REF!
Name _1_3_0Crite: #REF!
Name _10A_61: #N/A
Name _10A_62: #N/A
Name _10A_63: #N/A
Name _10A_64: #N/A
Name _10A_65: #N/A
Name _10A_66: #N/A
Name _10A_67: #N/A
Name _10A_68: #N/A
Name _10A_69: #N/A
Name _10A_70: #N/A
Name _10A_71: #N/A
Name _10A_72: #N/A
Name _10A_73: #N/A
Name _10A_74: #N/A
Name _10A_75: #N/A
Name _10A_76: #N/A
Name _10A_77: #N/A
Name _10A_78: #N/A
Name _10A_79: #N/A
Name _10A_80: #N/A
Name _10A_81: #N/A
Name _10A_82: #N/A
Name _10A_83: #N/A
Name _10A_84: #N/A
Name _10A_85: #N/A
Name _10A_86: #N/A
Name _10A_87: #N/A
Name _10A_88: #N/A
Name _10A_89: #N/A
Name _10A_90: #N/A
Name _10B_61: #N/A
Name _10B_62: #N/A
Name _10B_63: #N/A

Sheet 용역청구서 표지
B4: 용 역 청 구 서
B7: P5 Ph1 FAB1(SUP) 가설공사
C8: S26-003
C14: 2026년 08월
C15: ㈜태성하이텍

Sheet 용역 청구서(갑지)
A1: 용 역 청 구 서
A3: 1 | B3: 공 사 명 | C3: : | D3: ='용역청구서 표지'!$B$7 -> P5 Ph1 FAB1(SUP) 가설공사 | E3: ='용역청구서 표지'!$C$8 -> S26-003
A4: 2 | B4: 공 종 | C4: : | D4: 외주용역(M/M부분)
A5: 3 | B5: 계 약 금 액 | C5: : | D5: =ROUNDUP(E5,0) -> 0 | E5: =집계장!I22 -> 0 | F5: (VAT 별도)
A6: 4 | B6: 누 계 기 성 금 액 | C6: : | D6: =ROUNDUP(E6,0) -> 8300000 | E6: =E7+E13 -> 8300000 | F6: (VAT 별도)
A7: 5 | B7: 전 회 기 성 금 액 | C7: : | D7: =ROUNDUP(E7,0) -> 0 | E7: =집계장!G22 -> 0 | F7: (VAT 별도)
A8: 6 | B8: 금 회 기 성 금 액 | C8: : | D8: =ROUNDUP(E8,0) -> 8329580 | E8: =집계장!F18 -> 8329579.5 | F8: (VAT 별도)
A9: 7 | B9: 선 금 액 | C9: : | D9: =ROUNDUP(E9,0) -> 0 | E9: =집계장!K20 -> 0 | F9: (VAT 별도)
A10: 8 | B10: 선 금 전 회 공 제 | C10: : | D10: =ROUNDUP(E10,0) -> 0 | E10: =집계장!G20 -> 0 | F10: (VAT 별도)
A11: 9 | B11: 선 금 금 회 공 제 | C11: : | D11: =ROUNDUP(E11,0) -> 0 | E11: =집계장!F20 -> 0 | F11: (VAT 별도)
A12: 10 | B12: 선 금 잔 여 금 액 | C12: : | D12: =ROUNDUP(E12,0) -> 0 | E12: =집계장!L20 -> 0 | F12: (VAT 별도)
A13: 11 | B13: 금 회 청 구 금 액 | C13: : | D13: =ROUNDUP(E13,0) -> 8300000 | E13: =집계장!F22 -> 8300000 | F13: (VAT 별도)
A14: 12 | B14: 잔 여 기 성 금 액 | C14: : | D14: =ROUNDUP(E14,0) -> 0 | E14: =집계장!I16 -> 0 | F14: (VAT 별도)
A15: 13 | B15: 공 정 율 | C15: : | D15: 1
A16: 14 | B16: 청 구 공 사 기 간 | C16: : | D16: 2026. 08. 01 ~ 2026. 08. 31
B18: 위 공사의 하도급에 있어서 공사설계도서, 시방서,품질관리 기준 및 약정대로 시공 되었음을 확인하오며. 만약 귀사의 현장담당의 검사에
B19: 관하여 하자가 발견된 때에는 즉시 실액배상 또는 재 시공할것을 서약하고 이에 기성 청구서를 제출합니다.
B20: 상기건과 관련하여 본 청구 이전까지의 모든 대금은 수령하였음을 확약합니다.
F21: 작 성 일 : 2026 년 08 월 31 일
F23: 상 호 : | G23: ㈜ 태성하이텍
B24: ※첨 부 : 기성내역서 1부. | F24: 주 소 : | G24: 경기도 용인시 처인구 남사면 봉명리 73-1
F25: 대표이사 : | G25: 유 태 진 | I25: (인)
D26: ㈜케이씨이앤씨 귀하

Sheet 용역 내역서(을지)
A1: 용 역 내 역 서
A2: P4 Ph4 GAS 1공구 마감공사 | G2: 단위 : 원
A3: 품 명 | B3: 규 격 | C3: 단위 | D3: 단 가 | E3: 금 회 청 구
E4: 수 량 | F4: 금 액 | G4: 비 고
A5: 고급기술인 | B5: S+ | C5: M/M | D5: 1400000 | E5: 1 | F5: =D5*E5 -> 1400000
A6: 고급기술인 | B6: S | C6: M/M | D6: 1200000 | F6: =D6*E6 -> 0
A7: 중급기술인 | B7: A+ | C7: M/M | D7: 1000000 | F7: =D7*E7 -> 0
A8: 중급기술인 | B8: A | C8: M/M | D8: 900000 | F8: =D8*E8 -> 0
A9: 중급기술인 | B9: B+ | C9: M/M | D9: 800000 | F9: =D9*E9 -> 0
A10: 중급기술인 | B10: B | C10: M/M | D10: 700000 | F10: =D10*E10 -> 0
A11: 초급 기술인 | B11: C | C11: M/M | D11: 600000 | F11: =D11*E11 -> 0
A13: 인센티브 | E13: 0.01 | F13: =SUM(F5:F11)*E13 -> 14000
A15: 총 계 | E15: =SUM(E5:E11) -> 1 | F15: =SUM(F5:F13) -> 1414000

Sheet 내역서(을지)
A1: 용 역 내 역 서
A2: P5 Ph1 FAB1(SUP) 가설공사 | G2: 단위 : 원
A3: 품 명 | B3: 규 격 | C3: 단위 | D3: 단 가 | E3: 금 회 청 구 | G3: 비 고
E4: 수 량 | F4: 금 액
A5: 고급기술인 | B5: S+ | C5: M/M | D5: 1400000 | E5: 0 | F5: =D5*E5 -> 0
A6: 고급기술인 | B6: S | C6: M/M | D6: 1200000 | E6: 0 | F6: =D6*E6 -> 0
A7: 중급기술인 | B7: A+ | C7: M/M | D7: 1000000 | E7: 0 | F7: =D7*E7 -> 0
A8: 중급기술인 | B8: A | C8: M/M | D8: 900000 | E8: 0 | F8: =D8*E8 -> 0
A9: 중급기술인 | B9: B+ | C9: M/M | D9: 800000 | E9: 0 | F9: =D9*E9 -> 0
A10: 중급기술인 | B10: B | C10: M/M | D10: 700000 | E10: 0 | F10: =D10*E10 -> 0
A11: 초급기술인 | B11: C | C11: M/M | D11: 600000 | F11: =D11*E11 -> 0
A13: 인센티브 | E13: 0 | F13: =SUM(F5:F11)*E13 -> 0
A15: 총 계 | E15: =SUM(E5:E14) -> 0 | F15: =SUM(F5:F14) -> 0

Sheet 집계장
A1: ='용역청구서 표지'!$B$7 -> P5 Ph1 FAB1(SUP) 가설공사
L2: ='용역청구서 표지'!$C$15 -> ㈜태성하이텍
A3: 구분 | B3: 내역 | C3: 단위 | D3: 수량 | E3: 단가 | F3: 합계 | G3: 전회기성 | H3: 금회기성 | I3: 누계기성 | J3: 비 고
A4: 1. 물량 | B4: WELDING POINT | C4: D/I | D4: =SUM('물량 내역서'!$J$5:$J$27) -> 54 | E4: =F4/D4 -> 0 | F4: =SUM('물량 내역서'!$K$5:$K$27) -> 0 | G4: 0 | H4: =F4 -> 0 | I4: =G4+H4 -> 0
B5: VALVE 설치비 | C5: EA | D5: =SUM('물량 내역서'!$J$28:$J$50) -> 0 | E5: =F5/D5 -> #DIV/0! | F5: =SUM('물량 내역서'!$K$28:$K$50) -> 0 | G5: 0 | H5: =F5 -> 0 | I5: =G5+H5 -> 0
B6: 인원 실투입 | C6: M/D | D6: ='근로내역 (08월)'!AP35 -> 403.6875 | E6: 240000 | F6: =D6*E6 -> 96885000 | G6: 0 | H6: =F6 -> 96885000 | I6: =G6+H6 -> 96885000
A7: 2. 기타비용 | C7: 式 | F7: =D7*E7 -> 0 | G7: 0 | H7: =F7 -> 0 | I7: =G7+H7 -> 0
A8: 소 계 | B8: 물량 | F8: =SUM(F4:F7) -> 96885000 | G8: =SUM(G4:G7) -> 0 | H8: =F8 -> 96885000 | I8: =G8+H8 -> 96885000
A9: 3. 노무비 | B9: 직접노무비 | C9: 式 | D9: ='근로내역 (08월)'!AP35 -> 403.6875 | E9: =F9/D9 -> 198547.76 | F9: ='근로내역 (08월)'!AR35 -> 80151250 | G9: 0 | H9: =F9 -> 80151250 | I9: =G9+H9 -> 80151250
A10: 4. 숙소 및 식대 | B10: 임대료+관리비 | C10: 式 | D10: =SUM(숙소임차료!H4:H8)+SUM(숙소관리비!H4:H8) -> 0 | E10: =F10/D10 -> #DIV/0! | F10: =숙소임차료!I3+숙소관리비!I3 -> 4825806.5 | G10: 0 | H10: =F10 -> 4825806.5 | I10: =G10+H10 -> 4825806.5
B11: 식대 | C11: 式 | D11: =SUM(식대비용!G4:G9) -> 0 | E11: =F11/D11 -> #DIV/0! | F11: =식대비용!I3 -> 3578364 | G11: 0 | H11: =F11 -> 3578364 | I11: =G11+H11 -> 3578364
A12: 5. 기타 공제 내역 | C12: 式 | E12: 0 | F12: =D12*E12 -> 0 | G12: 0 | H12: =F12 -> 0 | I12: =G12+H12 -> 0
A13: 소 계 | B13: 공제 | F13: =SUM(F9:F12) -> 88555420 | G13: =SUM(G9:G12) -> 0 | H13: =F13 -> 88555420 | I13: =G13+H13 -> 88555420
A14: 합 계 | B14: 기성 (물량-공제) | F14: =F8-F13 -> 8329579.5 | G14: =G8-G13 -> 0 | H14: =F14 -> 8329579.5 | I14: =G14+H14 -> 8329579.5
A15: 6. 유보금 | B15: 기성금*XX% | C15: 式 | G15: 0 | H15: =F15 -> 0 | I15: =G15+H15 -> 0
A16: 7. 유보금 차액 | B16: 전회 누계유보금+적자 기성액 | C16: 式 | H16: =F16 -> 0 | I16: =G16+H16 -> 0
A17: 8. NEGO | B17: NEGO | C17: 式 | H17: =F17 -> 0 | I17: =G17+H17 -> 0
A18: 총 계 | B18: 최종기성 | F18: =F14-F15-F16-F17 -> 8329579.5 | G18: =G14-G15-G16-G17 -> 0 | H18: =F18 -> 8329579.5 | I18: =G18+H18 -> 8329579.5
A19: 선급금 | B19: 선수공제 | C19: 式 | G19: 0 | H19: =F19 -> 0 | I19: =G19+H19 -> 0 | K19: 지급 선급금 | L19: 선급금 차액
B20: 단수정리 | C20: 式 | F20: =ROUNDDOWN(F19,-5) -> 0 | H20: =F20 -> 0 | I20: =G20+H20 -> 0 | J20: 만 단위 이하 절사 | K20: 0 | L20: =K20-I20 -> 0
A21: 공제 후 실 지급액 | F21: =F18-F20 -> 8329579.5
A22: 세금계산서 기준 | F22: =ROUNDDOWN(F21,-5) -> 8300000 | J22: 만 단위 이하 절사
A23: TERMS AND CONDITIONS | D23: NOTE
A24: 1. 납 기 : KCEnC 지정 납기로 별도 협의 하에 결정하는 것으로 함.
A25: 2. 지불조건 : KCEnC 지불 조건에 따름.
A26: 3. 유효기간 : 기성 제출일로 부터 30일 이내

Sheet 근로내역 (08월)
A1: 2026년 ( 08 )월 일용 노무비명세서 | AJ1: 현장명 | AO1: ='용역청구서 표지'!$B$7 -> P5 Ph1 FAB1(SUP) 가설공사
AJ2: 현장소장 | AO2: 전호석
AJ3: 잡코드 | AO3: ='용역청구서 표지'!$C$8 -> S26-003
A5: 번호 | B5: 성명 | C5: 주민등록번호 | D5: 직종 | E5: 연락처(H.P) | F5: 은행명 | G5: 예금주 | H5: 계좌번호 | I5: 30 | J5: 31 | K5: 1 | L5: 2 | M5: 3 | N5: 4 | O5: 5 | P5: 6 | Q5: 7 | R5: 8 | S5: 9 | T5: 10 | U5: 11 | V5: 12 | W5: 13 | X5: 14 | Y5: 15 | Z5: 16 | AA5: 17 | AB5: 18 | AC5: 19 | AD5: 20 | AE5: 21 | AF5: 22 | AG5: 23 | AH5: 24 | AI5: 25 | AJ5: 26 | AK5: 27 | AL5: 28 | AM5: 29 | AN5: 30 | AO5: 31 | AP5: 공수 | AQ5: 단가 | AR5: 총액
A6: 1 | B6: 김영광 | C6: 920704-1860718 | D6: 공무보조 | E6: 010-7704-1777 | F6: 기업 | G6: 김영광 | H6: 580-022392-01-010 | I6: 0.75 | J6: 0.5 | O6: 1.125 | Q6: 1 | T6: 1.25 | U6: 1.25 | V6: 1.25 | W6: 1.25 | X6: 1.25 | AB6: 1 | AC6: 1 | AD6: 1 | AE6: 1 | AH6: 1.5 | AI6: 1.5 | AJ6: 1.5 | AK6: 1.5 | AL6: 1 | AO6: 1.5 | AP6: =SUM(I6:AO6) -> 22.125 | AQ6: 200000 | AR6: =AP6*AQ6 -> 4425000
A7: 2 | B7: 김승진 | C7: 751018-1332839 | D7: 안전보조 | E7: 010-4742-4181 | F7: 신한 | G7: 김승진 | H7: 110-338-273904 | I7: 0.75 | J7: 0.5 | O7: 1.125 | Q7: 1 | T7: 1.25 | U7: 1.25 | V7: 1.25 | W7: 1.25 | X7: 1.25 | AB7: 1 | AC7: 1 | AD7: 1 | AE7: 1 | AH7: 1.5 | AI7: 1 | AJ7: 1 | AK7: 1 | AL7: 1 | AO7: 1 | AP7: =SUM(I7:AO7) -> 20.125 | AQ7: 270000 | AR7: =AP7*AQ7 -> 5433750
A8: 3 | B8: 김부권 | C8: 960206-1683519 | D8: 보통인부 | E8: 010-4853-5587 | F8: 대구 | G8: 김부권 | H8: 508-11-131132-1 | I8: 0.75 | J8: 1 | O8: 1.125 | Q8: 1 | T8: 1.25 | U8: 1.25 | V8: 1.25 | W8: 1.25 | X8: 1.25 | AB8: 1 | AC8: 1 | AD8: 1 | AE8: 1 | AH8: 1.5 | AI8: 1.5 | AJ8: 1.5 | AK8: 1.5 | AL8: 1 | AO8: 1.5 | AP8: =SUM(I8:AO8) -> 22.625 | AQ8: 180000 | AR8: =AP8*AQ8 -> 4072500
A9: 4 | B9: 강희재 | C9: 940122-1491011 | D9: 공사보조 | E9: 010-9127-3784 | F9: 신한 | G9: 강희재 | H9: 110-404-502876 | I9: 0.25 | N9: 1 | O9: 0.125 | Q9: 1 | T9: 1.25 | U9: 1.25 | V9: 1.25 | W9: 1.25 | X9: 1.25 | AB9: 1 | AC9: 1 | AD9: 1 | AE9: 1 | AF9: 0.5 | AH9: 1.5 | AI9: 1.5 | AJ9: 1.5 | AK9: 1.5 | AL9: 1 | AO9: 1.5 | AP9: =SUM(I9:AO9) -> 21.625 | AQ9: 230000 | AR9: =AP9*AQ9 -> 4973750
A10: 5 | B10: 임승희 | C10: 881107-1235222 | D10: 공사보조 | E10: 010-4393-9938 | F10: 신한 | G10: 임승희 | H10: 110-353-055995 | N10: 1 | O10: 0.125 | Q10: 1 | T10: 1.25 | U10: 1.25 | V10: 1.25 | W10: 1.25 | X10: 1.25 | AB10: 1 | AC10: 1 | AD10: 1 | AE10: 1 | AF10: 0.5 | AH10: 1.5 | AI10: 1.5 | AJ10: 1.5 | AK10: 1.5 | AL10: 1 | AO10: 1.5 | AP10: =SUM(I10:AO10) -> 21.375 | AQ10: 210000 | AR10: =AP10*AQ10 -> 4488750
A11: 6 | B11: 이광민 | C11: 991122-1069811 | D11: 안전보조 | E11: 010-3902-9550 | F11: 카카오 | G11: 이광민 | H11: 3333-04-5860686 | I11: 0.75 | J11: 1.125 | O11: 1.125 | Q11: 1 | T11: 1.25 | U11: 1.25 | V11: 1.25 | W11: 1.25 | X11: 1.25 | AA11: 0.1875 | AB11: 1 | AC11: 1 | AD11: 1 | AE11: 1 | AH11: 1.5 | AI11: 1.375 | AJ11: 1.5 | AK11: 1.375 | AL11: 1 | AO11: 1.5 | AP11: =SUM(I11:AO11) -> 22.6875 | AQ11: 180000 | AR11: =AP11*AQ11 -> 4083750
A12: 7 | B12: 진종언 | C12: 700609-1800219 | D12: 배관공 | E12: 010-5115-1610 | F12: 농협 | G12: 진종언 | H12: 352-0318-2179-93 | I12: 0.75 | J12: 1.125 | M12: 1 | O12: 1.125 | Q12: 1 | T12: 1 | U12: 1.25 | V12: 1.25 | W12: 1.25 | X12: 1.25 | AB12: 1 | AC12: 1 | AD12: 1 | AE12: 1 | AF12: 1 | AH12: 1 | AI12: 1.5 | AJ12: 1.5 | AK12: 1.5 | AL12: 1 | AO12: 1.5 | AP12: =SUM(I12:AO12) -> 24 | AQ12: 220000 | AR12: =AP12*AQ12 -> 5280000
A13: 8 | B13: 민충기 | C13: 890114-1064910 | D13: 배관공 | E13: 010-9418-9998 | F13: 기업 | G13: 민충기 | H13: 074-066516-01-021 | I13: 0.75 | J13: 1.125 | M13: 1 | O13: 1.125 | Q13: 1 | T13: 1.25 | U13: 1.25 | V13: 0.875 | W13: 1.25 | X13: 1 | AB13: 1 | AC13: 1 | AD13: 1 | AE13: 1 | AF13: 1 | AH13: 1.5 | AI13: 1.5 | AJ13: 1.5 | AK13: 1.5 | AL13: 1 | AO13: 1.5 | AP13: =SUM(I13:AO13) -> 24.125 | AQ13: 230000 | AR13: =AP13*AQ13 -> 5548750
A14: 3 | B14: 송성준 | C14: 960508-1580519 | D14: 배관공 | E14: 010-3928-7599 | F14: 농협 | G14: 송성준 | H14: 351-0768-8014-63 | I14: 0.75 | J14: 1.125 | M14: 1 | O14: 1.125 | Q14: 1 | T14: 1 | U14: 1.25 | V14: 1 | W14: 1.25 | X14: 1.25 | AB14: 1 | AC14: 1 | AD14: 1 | AE14: 0.875 | AF14: 1 | AH14: 1.5 | AI14: 1.5 | AJ14: 1.5 | AK14: 1.5 | AL14: 1 | AO14: 1.5 | AP14: =SUM(I14:AO14) -> 24.125 | AQ14: 200000 | AR14: =AP14*AQ14 -> 4825000
A15: 4 | B15: 김현수 | C15: 811221-1025329 | D15: 용접공 | E15: 010-2849-5650 | F15: 국민 | G15: 김현수 | H15: 599701-04-107093 | I15: 0.75 | J15: 1.125 | M15: 1 | O15: 1.125 | Q15: 1 | T15: 1.25 | U15: 1.25 | V15: 1.25 | W15: 1.25 | X15: 1.25 | AB15: 1 | AC15: 1 | AD15: 1 | AE15: 1 | AH15: 1.5 | AI15: 1.5 | AJ15: 1.5 | AK15: 1.5 | AL15: 1 | AO15: 1.5 | AP15: =SUM(I15:AO15) -> 23.75 | AQ15: 240000 | AR15: =AP15*AQ15 -> 5700000
A16: 5 | B16: 김종윤 | C16: 891011-1056318 | D16: 용접공 | E16: 010-4812-9310 | F16: 농협 | G16: 김종윤 | H16: 302-0494-4366-51 | I16: 0.75 | J16: 1.125 | M16: 1 | O16: 1.125 | Q16: 1 | T16: 1.25 | U16: 1.25 | V16: 1.25 | W16: 1.25 | X16: 1.25 | AB16: 1 | AC16: 1 | AD16: 1 | AF16: 0.5 | AH16: 1.5 | AI16: 1.5 | AJ16: 1.5 | AK16: 1.5 | AL16: 0.75 | AO16: 1.5 | AP16: =SUM(I16:AO16) -> 23 | AQ16: 240000 | AR16: =AP16*AQ16 -> 5520000
A17: 6 | B17: 김선환 | C17: 850509-1952012 | D17: 보통인부 | E17: 010-7920-3744 | F17: 하나 | G17: 김선환 | H17: 378-890980-95007 | I17: 0.75 | J17: 1.125 | M17: 1 | O17: 1.125 | Q17: 1 | AP17: =SUM(I17:AO17) -> 5 | AQ17: 160000 | AR17: =AP17*AQ17 -> 800000
A18: 7 | B18: 김세광 | C18: 810301-1469515 | D18: 보통인부 | E18: 010-5690-6691 | F18: 우체국 | G18: 김세광 | H18: 104968-02-139365 | I18: 0.75 | J18: 1.125 | M18: 1 | O18: 1.125 | U18: 1.25 | V18: 1 | W18: 1.25 | X18: 1.25 | AB18: 1 | AC18: 1 | AD18: 1 | AE18: 1 | AP18: =SUM(I18:AO18) -> 12.75 | AQ18: 160000 | AR18: =AP18*AQ18 -> 2040000
A19: 8 | B19: 조현주 | C19: 940517-1533111 | D19: 보통인부 | E19: 010-6370-1771 | F19: 신한 | G19: 조현주 | H19: 110-403-874603 | I19: 0.75 | J19: 1.125 | M19: 1 | O19: 1.125 | Q19: 1 | T19: 1.25 | U19: 1.25 | V19: 1.25 | W19: 1.25 | X19: 1.25 | AB19: 1 | AC19: 1 | AD19: 1 | AE19: 1 | AH19: 1.5 | AI19: 1.5 | AJ19: 1.5 | AK19: 1.375 | AL19: 1 | AO19: 1.5 | AP19: =SUM(I19:AO19) -> 23.625 | AQ19: 150000 | AR19: =AP19*AQ19 -> 3543750
A20: 3 | B20: 최영훈 | C20: 070614-3226811 | D20: 보통인부 | E20: 010-8408-1589 | F20: 국민 | G20: 최영훈 | H20: 468601-04-335101 | I20: 0.75 | J20: 1.125 | O20: 1.125 | Q20: 1 | T20: 1.25 | U20: 1.25 | V20: 1.25 | W20: 1.25 | X20: 1.25 | AB20: 1 | AC20: 1 | AD20: 0.875 | AE20: 1 | AH20: 1.5 | AI20: 1.5 | AJ20: 1.5 | AL20: 1 | AO20: 1.25 | AP20: =SUM(I20:AO20) -> 20.875 | AQ20: 150000 | AR20: =AP20*AQ20 -> 3131250
A21: 4 | B21: 조윤기 | C21: 921001-1082412 | D21: 보통인부 | E21: 010-8056-3869 | F21: 국민 | G21: 조윤기 | H21: 359301-04-066686 | I21: 0.75 | J21: 1.125 | M21: 1 | O21: 1.125 | Q21: 1 | AP21: =SUM(I21:AO21) -> 5 | AQ21: 160000 | AR21: =AP21*AQ21 -> 800000
A22: 5 | B22: 이순자 | C22: 710228-2800527 | D22: 보통인부 | E22: 010-7511-4996 | F22: 농협 | G22: 이순자 | H22: 737070-56-016101 | I22: 0.75 | J22: 1.125 | M22: 1 | O22: 1.125 | Q22: 1 | T22: 1.25 | U22: 1.25 | V22: 1.25 | W22: 1.25 | X22: 1.25 | AB22: 1 | AC22: 1 | AD22: 1 | AE22: 1 | AH22: 1 | AI22: 1.5 | AJ22: 1.5 | AK22: 1.5 | AL22: 1 | AO22: 1.5 | AP22: =SUM(I22:AO22) -> 23.25 | AQ22: 160000 | AR22: =AP22*AQ22 -> 3720000
A23: 6 | B23: 권태윤 | C23: 750615-1057714 | D23: 보통인부 | E23: 010-3345-6886 | F23: 국민 | G23: 권태윤 | H23: 610901-01-352650 | I23: 0.75 | J23: 1.125 | O23: 1.125 | Q23: 1 | T23: 1.25 | U23: 1.25 | V23: 1.25 | W23: 1.25 | X23: 1.25 | AB23: 1 | AC23: 1 | AD23: 1 | AE23: 1 | AH23: 1.5 | AI23: 1.5 | AJ23: 1.5 | AK23: 1.5 | AL23: 1 | AO23: 1.5 | AP23: =SUM(I23:AO23) -> 22.75 | AQ23: 200000 | AR23: =AP23*AQ23 -> 4550000
A24: 7 | B24: 정대성 | C24: 741210-1789827 | D24: 보통인부 | E24: 010-3309-8868 | F24: 농협 | G24: 정대성 | H24: 248-12-155444 | AB24: 1.125 | AC24: 1.125 | AD24: 0.5 | AH24: 1 | AI24: 1.5 | AJ24: 1 | AK24: 1.5 | AL24: 0.875 | AO24: 1.5 | AP24: =SUM(I24:AO24) -> 10.125 | AQ24: 160000 | AR24: =AP24*AQ24 -> 1620000
A25: 8 | B25: 최일영 | C25: 700801-1462612 | D25: 보통인부 | E25: 010-3411-1284 | F25: 농협 | G25: 최일영 | H25: 356-0730-2584-83 | AB25: 1.125 | AC25: 1.125 | AD25: 0.5 | AH25: 0.5 | AI25: 1 | AJ25: 1 | AK25: 1.5 | AL25: 1 | AO25: 1.5 | AP25: =SUM(I25:AO25) -> 9.25 | AQ25: 160000 | AR25: =AP25*AQ25 -> 1480000
A26: 3 | B26: 민성기 | C26: 760804-1093216 | D26: 보통인부 | E26: 010-2881-1976 | F26: 우리 | G26: 민성기 | H26: 1002-849-848827 | AB26: 1.125 | AC26: 1.125 | AD26: 0.5 | AH26: 1 | AI26: 1.5 | AJ26: 1 | AK26: 1.5 | AL26: 1 | AO26: 1.5 | AP26: =SUM(I26:AO26) -> 10.25 | AQ26: 160000 | AR26: =AP26*AQ26 -> 1640000
A27: 4 | B27: 최진규 | C27: 700819-1041113 | D27: 배관공 | E27: 010-4691-5826 | F27: 기업 | G27: 최진규 | H27: 326-000411-02-011 | AB27: 1.125 | AC27: 1.125 | AD27: 0.5 | AF27: 1 | AH27: 1 | AI27: 1.5 | AJ27: 1 | AK27: 1.5 | AL27: 1 | AO27: 1.5 | AP27: =SUM(I27:AO27) -> 11.25 | AQ27: 220000 | AR27: =AP27*AQ27 -> 2475000
A28: 합 계 | I28: =SUM(I6:I27) -> 12.25 | J28: =SUM(J6:J27) -> 16.625 | K28: =SUM(K6:K27) -> 0 | L28: =SUM(L6:L27) -> 0 | M28: =SUM(M6:M27) -> 10 | N28: =SUM(N6:N27) -> 2 | O28: =SUM(O6:O27) -> 18.25 | P28: =SUM(P6:P27) -> 0 | ... AP28: =SUM(AP6:AP27) -> 403.6875 | AQ28: =AR28/AP28 -> 198547.76 | AR28: =SUM(AR6:AR27) -> 80151250
A29: 1 | AP29: =SUM(K29:AO29) -> 0 | AR29: =AP29*AQ29 -> 0
A30: 2 | AP30: =SUM(K30:AO30) -> 0 | AR30: =AP30*AQ30 -> 0
A31: 3 | AP31: =SUM(K31:AO31) -> 0 | AR31: =AP31*AQ31 -> 0
A32: 4 | AP32: =SUM(K32:AO32) -> 0 | AR32: =AP32*AQ32 -> 0
A33: 5 | AP33: =SUM(K33:AO33) -> 0 | AR33: =AP33*AQ33 -> 0
A34: 추가 공사건 투입인원 합 계 | I34: =SUM(I29:I33) -> 0 | J34: =SUM(J29:J33) -> 0 | K34: =SUM(K29:K33) -> 0 | L34: =SUM(L29:L33) -> 0 | M34: =SUM(M29:M33) -> 0 | N34: =SUM(N29:N33) -> 0 | O34: =SUM(O29:O33) -> 0 | P34: =SUM(P29:P33) -> 0 | ... AP34: =SUM(AP29:AP33) -> 0 | AR34: =SUM(AR29:AR33) -> 0
A35: 총 합 계 | I35: =I28+I34 -> 12.25 | J35: =J28+J34 -> 16.625 | K35: =K28+K34 -> 0 | L35: =L28+L34 -> 0 | M35: =M28+M34 -> 10 | N35: =N28+N34 -> 2 | O35: =O28+O34 -> 18.25 | P35: =P28+P34 -> 0 | ... AP35: =AP28+AP34 -> 403.6875 | AQ35: =AR35/AP35 -> 198547.76 | AR35: =AR28+AR34 -> 80151250

Sheet 물량 내역서
A1: 2026년 (08)월 물량 내역서
A2: ='용역청구서 표지'!$B$7 -> P5 Ph1 FAB1(SUP) 가설공사 | M2: 단위 : 원
A3: 품 명 | B3: 규 격 | C3: 단위 | D3: W/P 수량 | E3: 단 가 | F3: 계 약 내 역 | H3: 전 회 누 계 물 량 | J3: 금 회 물 량 | L3: 누 계 물 량
F4: D/I 수량 | G4: 금액 | H4: D/I 수량 | I4: 금액 | J4: D/I 수량 | K4: 금액 | L4: D/I 수량 | M4: 금액
A5: WEDING POINT | B5: 8A | C5: POINT | D5: 0 | E5: 0 | F5: =L5 -> 0 | G5: =M5 -> 0 | H5: 0 | I5: 0 | J5: =$D5*'DIA-INCH'!$C5 -> 0 | K5: =$E5*$J5 -> 0 | L5: =H5+J5 -> 0 | M5: =I5+K5 -> 0
A6: WEDING POINT | B6: 15A | C6: POINT | D6: 0 | E6: 0 | F6: =L6 -> 0 | G6: =M6 -> 0 | H6: 0 | I6: 0 | J6: =$D6*'DIA-INCH'!$C6 -> 0 | K6: =$E6*$J6 -> 0 | L6: =H6+J6 -> 0 | M6: =I6+K6 -> 0
A7: WEDING POINT | B7: 20A | C7: POINT | D7: 0 | E7: 0 | F7: =L7 -> 0 | G7: =M7 -> 0 | H7: 0 | I7: 0 | J7: =$D7*'DIA-INCH'!$C7 -> 0 | K7: =$E7*$J7 -> 0 | L7: =H7+J7 -> 0 | M7: =I7+K7 -> 0
A8: WEDING POINT | B8: 25A | C8: POINT | D8: 0 | E8: 0 | F8: =L8 -> 0 | G8: =M8 -> 0 | H8: 0 | I8: 0 | J8: =$D8*'DIA-INCH'!$C8 -> 0 | K8: =$E8*$J8 -> 0 | L8: =H8+J8 -> 0 | M8: =I8+K8 -> 0
A9: WEDING POINT | B9: 32A | C9: POINT | D9: 0 | E9: 0 | F9: =L9 -> 0 | G9: =M9 -> 0 | H9: 0 | I9: 0 | J9: =$D9*'DIA-INCH'!$C9 -> 0 | K9: =$E9*$J9 -> 0 | L9: =H9+J9 -> 0 | M9: =I9+K9 -> 0
A10: WEDING POINT | B10: 40A | C10: POINT | D10: 0 | E10: 0 | F10: =L10 -> 0 | G10: =M10 -> 0 | H10: 0 | I10: 0 | J10: =$D10*'DIA-INCH'!$C10 -> 0 | K10: =$E10*$J10 -> 0 | L10: =H10+J10 -> 0 | M10: =I10+K10 -> 0
A11: WEDING POINT | B11: 50A | C11: POINT | D11: 0 | E11: 0 | F11: =L11 -> 0 | G11: =M11 -> 0 | H11: 0 | I11: 0 | J11: =$D11*'DIA-INCH'!$C11 -> 0 | K11: =$E11*$J11 -> 0 | L11: =H11+J11 -> 0 | M11: =I11+K11 -> 0
A12: WEDING POINT | B12: 65A | C12: POINT | D12: 0 | E12: 0 | F12: =L12 -> 0 | G12: =M12 -> 0 | H12: 0 | I12: 0 | J12: =$D12*'DIA-INCH'!$C12 -> 0 | K12: =$E12*$J12 -> 0 | L12: =H12+J12 -> 0 | M12: =I12+K12 -> 0
A13: WEDING POINT | B13: 80A | C13: POINT | D13: 6 | E13: 0 | F13: =L13 -> 18 | G13: =M13 -> 0 | H13: 0 | I13: 0 | J13: =$D13*'DIA-INCH'!$C13 -> 18 | K13: =$E13*$J13 -> 0 | L13: =H13+J13 -> 18 | M13: =I13+K13 -> 0
A14: WEDING POINT | B14: 100A | C14: POINT | D14: 0 | E14: 0 | F14: =L14 -> 0 | G14: =M14 -> 0 | H14: 0 | I14: 0 | J14: =$D14*'DIA-INCH'!$C14 -> 0 | K14: =$E14*$J14 -> 0 | L14: =H14+J14 -> 0 | M14: =I14+K14 -> 0
A15: WEDING POINT | B15: 110A | C15: POINT | D15: 0 | E15: 0 | F15: =L15 -> 0 | G15: =M15 -> 0 | H15: 0 | I15: 0 | J15: =$D15*'DIA-INCH'!$C15 -> 0 | K15: =$E15*$J15 -> 0 | L15: =H15+J15 -> 0 | M15: =I15+K15 -> 0
A16: WEDING POINT | B16: 125A | C16: POINT | D16: 0 | E16: 0 | F16: =L16 -> 0 | G16: =M16 -> 0 | H16: 0 | I16: 0 | J16: =$D16*'DIA-INCH'!$C16 -> 0 | K16: =$E16*$J16 -> 0 | L16: =H16+J16 -> 0 | M16: =I16+K16 -> 0
... A27: WEDING POINT | B27: 550A | C27: POINT | D27: 0 | E27: 0 | F27: =L27 -> 0 | G27: =M27 -> 0 | H27: 0 | I27: 0 | J27: =$D27*'DIA-INCH'!$C27 -> 0 | K27: =$E27*$J27 -> 0 | L27: =H27+J27 -> 0 | M27: =I27+K27 -> 0
A28: VALVE 설치비 | B28: 8A | C28: EA | D28: 0 | E28: 0 | F28: =L28 -> 0 | G28: =M28 -> 0 | H28: 0 | I28: 0 | J28: =D28 -> 0 | K28: =$J28*$E28 -> 0 | L28: =H28+J28 -> 0 | M28: =I28+K28 -> 0
A29: VALVE 설치비 | B29: 15A | C29: EA | D29: 0 | E29: 0 | F29: =L29 -> 0 | G29: =M29 -> 0 | H29: 0 | I29: 0 | J29: =D29 -> 0 | K29: =$J29*$E29 -> 0 | L29: =H29+J29 -> 0 | M29: =I29+K29 -> 0
A30: VALVE 설치비 | B30: 20A | C30: EA | D30: 0 | E30: 0 | F30: =L30 -> 0 | G30: =M30 -> 0 | H30: 0 | I30: 0 | J30: =D30 -> 0 | K30: =$J30*$E30 -> 0 | L30: =H30+J30 -> 0 | M30: =I30+K30 -> 0
A31: VALVE 설치비 | B31: 25A | C31: EA | D31: 0 | E31: 0 | F31: =L31 -> 0 | G31: =M31 -> 0 | H31: 0 | I31: 0 | J31: =D31 -> 0 | K31: =$J31*$E31 -> 0 | L31: =H31+J31 -> 0 | M31: =I31+K31 -> 0
A32: VALVE 설치비 | B32: 32A | C32: EA | D32: 0 | E32: 0 | F32: =L32 -> 0 | G32: =M32 -> 0 | H32: 0 | I32: 0 | J32: =D32 -> 0 | K32: =$J32*$E32 -> 0 | L32: =H32+J32 -> 0 | M32: =I32+K32 -> 0
A33: VALVE 설치비 | B33: 40A | C33: EA | D33: 0 | E33: 0 | F33: =L33 -> 0 | G33: =M33 -> 0 | H33: 0 | I33: 0 | J33: =D33 -> 0 | K33: =$J33*$E33 -> 0 | L33: =H33+J33 -> 0 | M33: =I33+K33 -> 0
A34: VALVE 설치비 | B34: 50A | C34: EA | D34: 0 | E34: 0 | F34: =L34 -> 0 | G34: =M34 -> 0 | H34: 0 | I34: 0 | J34: =D34 -> 0 | K34: =$J34*$E34 -> 0 | L34: =H34+J34 -> 0 | M34: =I34+K34 -> 0
A35: VALVE 설치비 | B35: 65A | C35: EA | D35: 0 | E35: 0 | F35: =L35 -> 0 | G35: =M35 -> 0 | H35: 0 | I35: 0 | J35: =D35 -> 0 | K35: =$J35*$E35 -> 0 | L35: =H35+J35 -> 0 | M35: =I35+K35 -> 0
A36: VALVE 설치비 | B36: 80A | C36: EA | D36: 0 | E36: 0 | F36: =L36 -> 0 | G36: =M36 -> 0 | H36: 0 | I36: 0 | J36: =D36 -> 0 | K36: =$J36*$E36 -> 0 | L36: =H36+J36 -> 0 | M36: =I36+K36 -> 0
A37: VALVE 설치비 | B37: 100A | C37: EA | D37: 0 | E37: 0 | F37: =L37 -> 0 | G37: =M37 -> 0 | H37: 0 | I37: 0 | J37: =D37 -> 0 | K37: =$J37*$E37 -> 0 | L37: =H37+J37 -> 0 | M37: =I37+K37 -> 0
A38: VALVE 설치비 | B38: 110A | C38: EA | D38: 0 | E38: 0 | F38: =L38 -> 0 | G38: =M38 -> 0 | H38: 0 | I38: 0 | J38: =D38 -> 0 | K38: =$J38*$E38 -> 0 | L38: =H38+J38 -> 0 | M38: =I38+K38 -> 0
A39: VALVE 설치비 | B39: 125A | C39: EA | D39: 0 | E39: 0 | F39: =L39 -> 0 | G39: =M39 -> 0 | H39: 0 | I39: 0 | J39: =D39 -> 0 | K39: =$J39*$E39 -> 0 | L39: =H39+J39 -> 0 | M39: =I39+K39 -> 0
... A50: VALVE 설치비 | B50: 550A | C50: EA | D50: 0 | E50: 0 | F50: =L50 -> 0 | G50: =M50 -> 0 | H50: 0 | I50: 0 | J50: =D50 -> 0 | K50: =$J50*$E50 -> 0 | L50: =H50+J50 -> 0 | M50: =I50+K50 -> 0
A51: 합 계 | F51: =SUM(F5:F50) -> 54 | G51: =SUM(G5:G50) -> 0 | H51: =SUM(H5:H50) -> 0 | I51: =SUM(I5:I50) -> 0 | J51: =SUM(J5:J50) -> 54 | K51: =SUM(K5:K50) -> 0 | L51: =SUM(L5:L50) -> 54 | M51: =SUM(M5:M50) -> 0

Sheet 용접기자재
A1: 용접 기자재
A2: No | B2: 구매일 | C2: 구분 | D2: 품명 | E2: 규격 | F2: 거래처명 | G2: 발주수량 | H2: 단가 | I2: 합계 | J2: 비고
I3: =ROUND(SUM(I4:I82),) -> 436400
A4: =ROW()-3 -> 1 | B4: 46245 | C4: 소모성자재 | D4: 알곤토치헤드 | E4: [350A,플렉시블,CT-35F,CTX [크레토스]] | F4: 미래공구 | G4: 4 | H4: 10500 | I4: 42000 | L4: 입력해야하는 항목 외 수정 금지
A5: =ROW()-3 -> 2 | B5: 46245 | C5: 소모성자재 | D5: 알곤콜렛바디 | E5: [3.2Q,350A,변형,CTX [크레토스]] | F5: 미래공구 | G5: 1 | H5: 1400 | I5: 1400 | L5: 입력항목
A6: =ROW()-3 -> 3 | B6: 46245 | C6: 소모성자재 | D6: 알곤콜렛척 | E6: [3.2Q,350A,변형,CTX [크레토스]] | F6: 미래공구 | G6: 10 | H6: 500 | I6: 5000 | L6: 구매일
A7: =ROW()-3 -> 4 | B7: 46245 | C7: 소모성자재 | D7: 알곤세라믹 | E7: [350A-10mm(#6)YJ-35,변형,CTX [크레토스]] | F7: 미래공구 | G7: 5 | H7: 600 | I7: 3000 | L7: 구분
A8: =ROW()-3 -> 5 | B8: 46245 | C8: 소모성자재 | D8: 알곤세라믹 | E8: [350A-12.5mm(#8)YJ-35,변형,CTX [크레토스]] | F8: 미래공구 | G8: 5 | H8: 600 | I8: 3000 | L8: 품명
A9: =ROW()-3 -> 6 | B9: 46245 | C9: 소모성자재 | D9: 알곤세라믹 | E9: [350A-15mm(#10B)YJ-35,변형,CTX [크레토스]] | F9: 미래공구 | G9: 5 | H9: 600 | I9: 3000 | L9: 규격
A10: =ROW()-3 -> 7 | B10: 46245 | C10: 소모성자재 | D10: 알곤스위치 | E10: [스위치(뒷선300mm),CTX [크레토스]] | F10: 미래공구 | G10: 4 | H10: 2900 | I10: 11600 | L10: 거래처명
A11: =ROW()-3 -> 8 | B11: 46245 | C11: 소모성자재 | D11: 흑유리 | E11: [#10,CTX [크레토스]] | F11: 미래공구 | G11: 5 | H11: 500 | I11: 2500 | L11: 발주수량
A12: =ROW()-3 -> 9 | B12: 46245 | C12: 소모성자재 | D12: 흑유리 | E12: [#12,CTX [크레토스]] | F12: 미래공구 | G12: 5 | H12: 500 | I12: 2500 | L12: 단가
A13: =ROW()-3 -> 10 | B13: 46245 | C13: 소모성자재 | D13: 용접유리 | E13: [2T,투명,CTX [크레토스]] | F13: 미래공구 | G13: 10 | H13: 100 | I13: 1000
A14: =ROW()-3 -> 11 | B14: 46245 | C14: 소모성자재 | D14: 알곤게이지 | E14: [KX-3 [코리아나]] | F14: 미래공구 | G14: 2 | H14: 23200 | I14: 46400 | L14: ■ 구분은 [소모성자재, 공구, 임대(공구), 안전용품, 비품] 이외 항목은 입력금지
A15: =ROW()-3 -> 12 | B15: 46245 | C15: 소모성자재 | D15: 알곤캡 | E15: [단캡,CTX [크레토스]] | F15: 미래공구 | G15: 3 | H15: 600 | I15: 1800
A16: =ROW()-3 -> 13 | B16: 46245 | C16: 소모성자재 | D16: 알곤캡 | E16: [중캡,CTX [크레토스]] | F16: 미래공구 | G16: 3 | H16: 600 | I16: 1800
A17: =ROW()-3 -> 14 | B17: 46245 | C17: 소모성자재 | D17: 알곤캡 | E17: [장캡,CTX [크레토스]] | F17: 미래공구 | G17: 3 | H17: 600 | I17: 1800
A18: =ROW()-3 -> 15 | B18: 46246 | C18: 소모성자재 | D18: 알곤콜렛바디 | E18: [3.2Q,350A,변형,CTX [크레토스]] | F18: 미래공구 | G18: 9 | H18: 1400 | I18: 12600
A19: =ROW()-3 -> 16 | B19: 46248 | C19: 소모성자재 | D19: 알곤용접봉 | E19: [TGC308L.2.4mm,5kg [조선선재]] | F19: 미래공구 | G19: 2 | H19: 73400 | I19: 146800
A20: =ROW()-3 -> 17 | B20: 46248 | C20: 소모성자재 | D20: 알곤용접봉 | E20: [TGC308L.3.2mm,5kg [조선선재]] | F20: 미래공구 | G20: 2 | H20: 72400 | I20: 144800
A21: =ROW()-3 -> 18 | B21: 46252 | C21: 소모성자재 | D21: 실리콘오링 | E21: [26Q*9R,적색 [수입]] | F21: 미래공구 | G21: 3 | H21: 1800 | I21: 5400

Sheet 배관기자재
A1: 배관 기자재
A2: No | B2: 구매일 | C2: 구분 | D2: 품명 | E2: 규격 | F2: 거래처명 | G2: 발주수량 | H2: 단가 | I2: 합계 | J2: 비고
I3: =ROUND(SUM(I4:I47),) -> 1350373 | L3: 입력해야하는 항목 외 수정 금지
A4: =ROW()-3 -> 1 | B4: 46247 | C4: 소모성자재 | D4: 페인트 붓 | F4: 남사종합툴링 | G4: 5 | H4: 1500 | I4: 7500 | L4: 입력항목
A5: =ROW()-3 -> 2 | B5: 46245 | C5: 소모성자재 | D5: 라인테이프 | E5: 48mm*30m | F5: 네이버파이낸셜㈜ | G5: 50 | H5: 1909.0909 | I5: 95454.545 | L5: 구매일
A6: =ROW()-3 -> 3 | B6: 46246 | C6: 소모성자재 | D6: 청보호테이프 | E6: 250mm*8롤 | F6: 네이버파이낸셜㈜ | G6: 8 | H6: 6704.5455 | I6: 53636.364 | L6: 구분
A7: =ROW()-3 -> 4 | B7: 46246 | C7: 소모성자재 | D7: 청보호테이프 | E7: 500mm*4롤 | F7: 네이버파이낸셜㈜ | G7: 4 | H7: 12227.273 | I7: 48909.091 | L7: 품명
A8: =ROW()-3 -> 5 | B8: 46258 | C8: 소모성자재 | D8: 안전모 고정 클립 | F8: 네이버파이낸셜㈜ | G8: 100 | H8: 454.54545 | I8: 45454.545 | L8: 규격
A9: =ROW()-3 -> 6 | B9: 46265 | C9: 소모성자재 | D9: 면보루 | E9: 5kg | F9: 네이버파이낸셜㈜ | G9: 3 | H9: 9090.9091 | I9: 27272.727 | L9: 거래처명
A10: =ROW()-3 -> 7 | B10: 46237 | C10: 소모성자재 | D10: 공구함 | E10: [5호 [정광]] | F10: 미래공구 | G10: 3 | H10: 20900 | I10: 62700 | L10: 발주수량
A11: =ROW()-3 -> 8 | B11: 46244 | C11: 소모성자재 | D11: 장갑 | E11: [NBR폼코팅,L [성진]] | F11: 미래공구 | G11: 20 | H11: 1400 | I11: 28000 | L11: 단가
A12: =ROW()-3 -> 9 | B12: 46244 | C12: 소모성자재 | D12: 케이블타이 | E12: [300mm(1봉=500개),백색 [HNS]] | F12: 미래공구 | G12: 1 | H12: 13000 | I12: 13000
A13: =ROW()-3 -> 10 | B13: 46245 | C13: 소모성자재 | D13: 칫솔브러쉬 | E13: [브러쉬,스텐 [스마토]] | F13: 미래공구 | G13: 10 | H13: 900 | I13: 9000 | N13: ■ 구분은 [소모성자재, 공구, 임대(공구), 안전용품, 비품] 이외 항목은 입력금지
A14: =ROW()-3 -> 11 | B14: 46245 | C14: 소모성자재 | D14: 가위 | E14: [SB-P300,CTX [세신]] | F14: 미래공구 | G14: 5 | H14: 4500 | I14: 22500
A15: =ROW()-3 -> 12 | B15: 46245 | C15: 소모성자재 | D15: 포장용비닐 | E15: [400*0.045T*440m [국산]] | F15: 미래공구 | G15: 1 | H15: 60600 | I15: 60600
A16: =ROW()-3 -> 13 | B16: 46245 | C16: 소모성자재 | D16: 포장용비닐 | E16: [600*0.045T*440m [국산]] | F16: 미래공구 | G16: 1 | H16: 90000 | I16: 90000
A17: =ROW()-3 -> 14 | B17: 46245 | C17: 소모성자재 | D17: 물파스 | E17: [90ML [현대약품]] | F17: 미래공구 | G17: 5 | H17: 3500 | I17: 17500
A18: =ROW()-3 -> 15 | B18: 46245 | C18: 소모성자재 | D18: 열쇠 | E18: [400A(=400M-A),고정식,CTX [금강산업]] | F18: 미래공구 | G18: 3 | H18: 3800 | I18: 11400
A19: =ROW()-3 -> 16 | B19: 46246 | C19: 소모성자재 | D19: 밴드쏘날 | E19: [1640*13*0.65-14T [WESPA]] | F19: 미래공구 | G19: 10 | H19: 12000 | I19: 120000
A20: =ROW()-3 -> 17 | B20: 46246 | C20: 소모성자재 | D20: 투명테이프 | E20: [50mm*40m,오공 [HNS]] | F20: 미래공구 | G20: 3 | H20: 800 | I20: 2400
A21: =ROW()-3 -> 18 | B21: 46247 | C21: 소모성자재 | D21: 마대 | E21: [수입,정80kg,80L,대,67*98 [SWS]] | F21: 미래공구 | G21: 100 | H21: 300 | I21: 30000
A22: =ROW()-3 -> 19 | B22: 46248 | C22: 소모성자재 | D22: 먼지커버 | E22: [자라바형 [대보산업]] | F22: 미래공구 | G22: 2 | H22: 16700 | I22: 33400
A23: =ROW()-3 -> 20 | B23: 46248 | C23: 소모성자재 | D23: 파이프안전커버 | E23: [10T*50mm*2m,난연,황/흑,타이거보양재 [SW]] | F23: 미래공구 | G23: 10 | H23: 2700 | I23: 27000
A24: =ROW()-3 -> 21 | B24: 46248 | C24: 소모성자재 | D24: 열쇠 | E24: [400A(=400M-A),고정식,CTX [금강산업]] | F24: 미래공구 | G24: 3 | H24: 3800 | I24: 11400
A25: =ROW()-3 -> 22 | B25: 46248 | C25: 소모성자재 | D25: 절연테이프 | E25: [19*10m,검정,CTX [금성]] | F25: 미래공구 | G25: 5 | H25: 500 | I25: 2500
... A39: =ROW()-3 -> 36 | B39: 46248 | C39: 소모성자재 | D39: 소켓 | E39: 20A-15A | F39: 우리배관 | G39: 1 | H39: 5400 | I39: 5400
A40: =ROW()-3 -> 37 | B40: 46244 | C40: 안전용품 | D40: 크린룸가방 | F40: 쿠팡㈜ | G40: 1 | H40: 23990.909 | I40: 23990.909
A41: =ROW()-3 -> 38 | B41: 46244 | C41: 안전용품 | D41: 손전등 | F41: 쿠팡㈜ | G41: 3 | H41: 7242.4242 | I41: 21727.273
A42: =ROW()-3 -> 39 | B42: 46244 | C42: 소모성자재 | D42: 팔토시 | F42: 쿠팡㈜ | G42: 3 | H42: 6272.7273 | I42: 18818.182
A43: =ROW()-3 -> 40 | B43: 46244 | C43: 소모성자재 | D43: 마스크 | F43: 쿠팡㈜ | G43: 2 | H43: 13545.455 | I43: 27090.909
A44: =ROW()-3 -> 41 | B44: 46247 | C44: 소모성자재 | D44: AAA, AA 건전지 | F44: 쿠팡㈜ | G44: 2 | H44: 16809.091 | I44: 33618.182
A45: =ROW()-3 -> 42 | B45: 46248 | C45: 소모성자재 | D45: 마스크 | F45: 쿠팡㈜ | G45: 2 | H45: 13545.455 | I45: 27090.909
A46: =ROW()-3 -> 43 | B46: 46248 | C46: 소모성자재 | D46: 팔토시 | F46: 쿠팡㈜ | G46: 3 | H46: 6272.7273 | I46: 18818.182
A47: =ROW()-3 -> 44 | B47: 46252 | C47: 안전용품 | D47: 백팩 | F47: 쿠팡㈜ | G47: 3 | H47: 12363.636 | I47: 37090.909

Sheet 숙소임차료
A1: 숙소 임차료
A2: No. | B2: 납부일 | C2: 구분 | D2: 품명 | E2: 주소 | F2: 호수 | G2: 수량 | H2: 사용인원 | I2: 임차료 | J2: 비 고
I3: =SUM(I4:I13) -> 4825806.5 | L3: 입력해야하는 항목 외 수정 금지
A4: =ROW()-3 -> 1 | B4: 46265 | C4: KC대납 임대료 | D4: 숙소임대료(8월분) | E4: 함박산4길 20 | F4: 202호 | G4: 1 | I4: =1550000/31*3+1550000 -> 1700000 | J4: KC 대납_7/29~7/31 일할계산 포함 | L4: 납부일
A5: =ROW()-3 -> 2 | B5: 46265 | C5: KC대납 임대료 | D5: 숙소임대료(8월분) | E5: 함박산3길 5 | F5: 201호 | G5: 1 | I5: =1300000/31*3+1300000 -> 1425806.5 | J5: KC 대납_7/29~7/31 일할계산 포함 | L5: 구분
A6: =ROW()-3 -> 3 | B6: 46265 | C6: KC대납 임대료 | D6: 숙소임대료(8월분) | E6: 함박산1길 39 | F6: 202호 | G6: 1 | I6: =1550000/31*3+1550000 -> 1700000 | J6: KC 대납_7/29~7/31 일할계산 포함 | L6: 품명
L7: 주소
L8: 호수
L9: 수량
L10: 사용인원
L12: ■ 구분은 [KC대납 임대료 및 임대료] 이외 항목은 입력금지

Sheet 숙소관리비
A1: 숙소 관리비
A2: No. | B2: 납부일 | C2: 구분 | D2: 품명 | E2: 주소 | F2: 호수 | G2: 수량 | H2: 사용인원 | I2: 임차료 | J2: 비 고
I3: =SUM(I4:I13) -> 0
A4: =ROW()-3 -> 1
A5: =ROW()-3 -> 2
A6: =ROW()-3 -> 3

Sheet 식대비용
A1: 식대 비용
A2: No. | B2: 납부일 | C2: 구분 | D2: 품명 | E2: 거래처명 | F2: 수량 | G2: 식수인원 | H2: 단가 | I2: 합 계 | J2: 비 고
I3: =SUM(I4:I6) -> 3578364 | L3: 입력해야하는 항목 외 수정 금지
A4: =ROW()-3 -> 1 | B4: 46259 | C4: KC대납 식대 | D4: 기술인및관리자 (현장 식당) | E4: 영미손김밥 | F4: 1 | H4: 176364 | I4: =F4*H4 -> 176364 | J4: KC 대납 | L4: 입력항목
A5: =ROW()-3 -> 2 | B5: 46259 | C5: KC대납 식대 | D5: 기술인및관리자 (현장 식당) | E5: 옛날장터 | F5: 453 | H5: 7000 | I5: =F5*H5 -> 3171000 | J5: KC 대납 | L5: 납부일
A6: =ROW()-3 -> 3 | B6: 46259 | C6: KC대납 식대 | D6: 기술인및관리자 (현장 식당) | E6: 은주네한식뷔페 | F6: 33 | H6: 7000 | I6: =F6*H6 -> 231000 | J6: KC 대납 | L6: 구분
A7: =ROW()-3 -> 4 | B7: 46265 | C7: 식대 | E7: 법인카드 | F7: 1 | H7: 488364 | I7: =F7*H7 -> 488364 | L7: 품명
L8: 거래처명
L9: 수량
L10: 식수인원
L11: 단가
L13: ■ 구분은 [KC대납 식대 및 식대] 이외 항목은 입력금지

Sheet 기타비용
A1: 기타 비용
A2: No. | B2: 구매일 | C2: 구분 | D2: 품명 | E2: 거래처명 | F2: 수량 | G2: 단가 | H2: 합계 | I2: 비고
H3: =SUM(H4:H23) -> 563354.55 | K3: 입력해야하는 항목 외 수정 금지
A4: =ROW()-3 -> 1 | B4: 46242 | C4: 법인카드 | D4: 85나 0825 포터2 | E4: 남사농업협동조합 | F4: 1 | G4: =70000/1.1 -> 63636.364 | H4: =F4*G4 -> 63636.364 | K4: 입력항목
A5: =ROW()-3 -> 2 | B5: 46245 | C5: 법인카드 | D5: 85나 0825 포터2 | E5: 남사농업협동조합 | F5: 1 | G5: =60000/1.1 -> 54545.455 | H5: =F5*G5 -> 54545.455 | K5: 구매일
A6: =ROW()-3 -> 3 | B6: 46248 | C6: 법인카드 | D6: 85나 0825 포터2 | E6: (주)소모 칠곡주유소 | F6: 1 | G6: =60000/1.1 -> 54545.455 | H6: =F6*G6 -> 54545.455 | K6: 구분
A7: =ROW()-3 -> 4 | B7: 46253 | C7: 법인카드 | D7: 85나 0825 포터2 | E7: (주)소모 칠곡주유소 | F7: 1 | G7: =60000/1.1 -> 54545.455 | H7: =F7*G7 -> 54545.455 | K7: 품명
A8: =ROW()-3 -> 5 | B8: 46258 | C8: 법인카드 | D8: 85나 0825 포터2 | E8: (주)소모 칠곡주유소 | F8: 1 | G8: =60000/1.1 -> 54545.455 | H8: =F8*G8 -> 54545.455 | K8: 거래처명
A9: =ROW()-3 -> 6 | B9: 46260 | C9: 법인카드 | D9: 85나 0825 포터2 | E9: (주)소모 칠곡주유소 | F9: 1 | G9: =70000/1.1 -> 63636.364 | H9: =F9*G9 -> 63636.364 | K9: 수량
A10: =ROW()-3 -> 7 | B10: 46260 | C10: 법인카드 | D10: 85나 0825 포터2 | E10: (주)소모 칠곡주유소 | F10: 1 | G10: =10000/1.1 -> 9090.9091 | H10: =F10*G10 -> 9090.9091 | K10: 단가
A11: =ROW()-3 -> 8 | B11: 46244 | C11: 소모품비 | D11: 볼펜 | E11: 쿠팡㈜ | F11: 12 | G11: 608.33333 | H11: 7300
A12: =ROW()-3 -> 9 | B12: 46245 | C12: 소모품비 | D12: 화이트보드 지우개 | E12: 쿠팡㈜ | F12: 1 | G12: 1090.9091 | H12: 1090.9091 | K12: ■ 구분은 [사무용품, 소모품비, 법인카드] 이외 항목은 입력금지
A13: =ROW()-3 -> 10 | B13: 46245 | C13: 소모품비 | D13: 네임펜 | E13: 쿠팡㈜ | F13: 60 | G13: 257.57576 | H13: 15454.545
A14: =ROW()-3 -> 11 | B14: 46245 | C14: 소모품비 | D14: 봉투화일 | E14: 쿠팡㈜ | F14: 30 | G14: 634.84848 | H14: 19045.455
A15: =ROW()-3 -> 12 | B15: 46245 | C15: 소모품비 | D15: 보드마카 | E15: 쿠팡㈜ | F15: 48 | G15: 155.30303 | H15: 7454.5455
A16: =ROW()-3 -> 13 | B16: 46246 | C16: 소모품비 | D16: 네임펜 | E16: 쿠팡㈜ | F16: 24 | G16: 289.01515 | H16: 6936.3636
A17: =ROW()-3 -> 14 | B17: 46246 | C17: 소모품비 | D17: 보드마카 + 지우개 | E17: 쿠팡㈜ | F17: 1 | G17: 10263.636 | H17: 10263.636
A18: =ROW()-3 -> 15 | B18: 46246 | C18: 소모품비 | D18: 파일케이스 | E18: 쿠팡㈜ | F18: 2 | G18: 13090.909 | H18: 26181.818
A19: =ROW()-3 -> 16 | B19: 46247 | C19: 소모품비 | D19: 종이컵 | E19: 쿠팡㈜ | F19: 1 | G19: 9045.4545 | H19: 9045.4545
A20: =ROW()-3 -> 17 | B20: 46248 | C20: 소모품비 | D20: 페인트마카 | E20: 쿠팡㈜ | F20: 12 | G20: 1243.9394 | H20: 14927.273
A21: =ROW()-3 -> 18 | B21: 46254 | C21: 소모품비 | D21: 페인트 마카 | E21: 쿠팡㈜ | F21: 24 | G21: 621.9697 | H21: 14927.273
A22: =ROW()-3 -> 19 | B22: 46261 | C22: 소모품비 | D22: A4 클립보드 | E22: 쿠팡㈜ | F22: 5 | G22: 2509.0909 | H22: 12545.455
A23: =ROW()-3 -> 20 | B23: 46238 | C23: 법인카드 | D23: 85나 0825 차량종합검사 | E23: 티에이치(T.H)모터스 | F23: 1 | G23: 63636 | H23: 63636.364

Sheet 서명란
B2: 현 장 확 인 | C2: 소 장 | E2: (서명)
C3: 공 사 | E3: (서명)
C4: 공 무 | E4: (서명)
G6: 사 업 부 | H6: Frontier 사업부 GNP 본부장 | I6: BOC 센터장 | J6: Frontier 사업부장
L8: 본 사 | M8: 담 당 | N8: 검 토 | O8: 검 토
Q11: 구 분 | R11: 확 인
Q12: 품 질 | R12: O O O (인)
Q13: 공 무 | R13: O O O (인)

Sheet DIA-INCH
B3: SIZE
B4: A(mm) | C4: Inch
B5: 8A | C5: 0.25
B6: 15A | C6: 0.5
B7: 20A | C7: 0.75
B8: 25A | C8: 1
B9: 32A | C9: 1.25
B10: 40A | C10: 1.5
B11: 50A | C11: 2
B12: 65A | C12: 2.5
B13: 80A | C13: 3
B14: 100A | C14: 4
B15: 110A | C15: 4
B16: 125A | C16: 5
... B27: 550A | C27: 22
