Workbook
Name _: #REF!
Name _: #REF!
Name _??_??_?C?g??: #REF!
Name _??_??_?C?g??: #REF!
Name ___DAT5: #REF!
Name ___QQ123: #REF!
Name __DAT11: #REF!
Name __DAT21: #REF!
Name __DAT22: #REF!
Name __DAT23: #REF!
Name __DAT24: #REF!
Name __DAT25: #REF!
Name __DAT26: #REF!
Name __DAT27: #REF!
Name __DAT28: #REF!
Name __P3: #REF!
Name __P4: #REF!
Name __P5: #REF!
Name __P6: #REF!
Name __PP1: #REF!
Name _0101__장비_설치공사: #REF!
Name _0201__소화_장비설치공사: #REF!
Name _1: #REF!
Name _1: #REF!
Name _1._PANEL_BD.__LP___1: #REF!
Name _1._옥외배관및장비설치공사: #REF!
Name _1_3_0Crite: #REF!
Name _10A_61: #N/A
Name _10A_62: #N/A
Name _10A_63: #N/A
Name _10A_64: #N/A
Name _10A_65: #N/A
Name _10A_66: #N/A
Name _10A_67: #N/A
Name _10A_68: #N/A
Name _10A_69: #N/A
Name _10A_70: #N/A
Name _10A_71: #N/A
Name _10A_72: #N/A
Name _10A_73: #N/A
Name _10A_74: #N/A
Name _10A_75: #N/A
Name _10A_76: #N/A
Name _10A_77: #N/A
Name _10A_78: #N/A
Name _10A_79: #N/A
Name _10A_80: #N/A
Name _10A_81: #N/A
Name _10A_82: #N/A
Name _10A_83: #N/A
Name _10A_84: #N/A
Name _10A_85: #N/A
Name _10A_86: #N/A
Name _10A_87: #N/A
Name _10A_88: #N/A
Name _10A_89: #N/A
Name _10A_90: #N/A
Name _10B_61: #N/A
Name _10B_62: #N/A
Name _10B_63: #N/A

Sheet 용역청구서 표지
B4: 제( 1 )회 기 성 청 구 서
A7: P5 Ph1 GAS 1공구_SUP
C9: S26-003
C14: 2026년 09월
C15: ㈜태성하이텍

Sheet 용역 청구서(갑지)
A1: 용 역 청 구 서
A3: 1 | B3: 공 사 명 | C3: : | D3: ='용역청구서 표지'!$A$7:$A$7 -> P5 Ph1 GAS 1공구_SUP | E3: ='용역청구서 표지'!$C$9:$C$9 -> S26-003
A4: 2 | B4: 공 종 | C4: : | D4: 외주용역(M/M부분)
A5: 3 | B5: 계 약 금 액 | C5: : | D5: =ROUNDUP(E5,0) -> 21200000 | E5: =집계장!I22 -> 21200000 | F5: (VAT 별도)
A6: 4 | B6: 누 계 기 성 금 액 | C6: : | D6: =ROUNDUP(E6,0) -> 21200000 | E6: =E7+E13 -> 21200000 | F6: (VAT 별도)
A7: 5 | B7: 전 회 기 성 금 액 | C7: : | D7: =ROUNDUP(E7,0) -> 0 | E7: =집계장!G22 -> 0 | F7: (VAT 별도)
A8: 6 | B8: 금 회 기 성 금 액 | C8: : | D8: =ROUNDUP(E8,0) -> 21200000 | E8: =집계장!F22 -> 21200000 | F8: (VAT 별도)
A9: 7 | B9: 선 금 액 | C9: : | D9: =ROUNDUP(E9,0) -> 0 | E9: =집계장!K20 -> 0 | F9: (VAT 별도)
A10: 8 | B10: 선 금 전 회 공 제 | C10: : | D10: =ROUNDUP(E10,0) -> 0 | E10: =집계장!G20 -> 0 | F10: (VAT 별도)
A11: 9 | B11: 선 금 금 회 공 제 | C11: : | D11: =ROUNDUP(E11,0) -> 0 | E11: =집계장!F20 -> 0 | F11: (VAT 별도)
A12: 10 | B12: 선 금 잔 여 금 액 | C12: : | D12: =ROUNDUP(E12,0) -> 0 | E12: =집계장!L20 -> 0 | F12: (VAT 별도)
A13: 11 | B13: 금 회 청 구 금 액 | C13: : | D13: =ROUNDUP(E13,0) -> 21200000 | E13: =집계장!F22 -> 21200000 | F13: (VAT 별도)
A14: 12 | B14: 잔 여 기 성 금 액 | C14: : | D14: =ROUNDUP(E14,0) -> 0 | E14: =집계장!I16 -> 0 | F14: (VAT 별도)
A15: 13 | B15: 공 정 율 | C15: : | D15: 1
A16: 14 | B16: 청 구 공 사 기 간 | C16: : | D16: 2026. 09. 01 ~ 2026. 09. 30
B18: 위 공사의 하도급에 있어서 공사설계도서, 시방서,품질관리 기준 및 약정대로 시공 되었음을 확인하오며. 만약 귀사의 현장담당의 검사에
B19: 관하여 하자가 발견된 때에는 즉시 실액배상 또는 재 시공할것을 서약하고 이에 기성 청구서를 제출합니다.
B20: 상기건과 관련하여 본 청구 이전까지의 모든 대금은 수령하였음을 확약합니다.
F21: 작 성 일 : 2026 년 09 월 30 일
F23: 상 호 : | G23: ㈜ 태성하이텍
B24: ※첨 부 : 기성내역서 1부. | F24: 주 소 : | G24: 경기도 용인시 처인구 남사면 봉명리 73-1
F25: 대표이사 : | G25: 유 태 진 | I25: (인)
D26: ㈜케이씨이앤씨 귀하

Sheet 용역 내역서(을지)
A1: 용 역 내 역 서
A2: P4 Ph4 GAS 1공구 마감공사 | G2: 단위 : 원
A3: 품 명 | B3: 규 격 | C3: 단위 | D3: 단 가 | E3: 금 회 청 구
E4: 수 량 | F4: 금 액 | G4: 비 고
A5: 고급기술인 | B5: S+ | C5: M/M | D5: 1400000 | E5: 1 | F5: =D5*E5 -> 1400000
A6: 고급기술인 | B6: S | C6: M/M | D6: 1200000 | F6: =D6*E6 -> 0
A7: 중급기술인 | B7: A+ | C7: M/M | D7: 1000000 | F7: =D7*E7 -> 0
A8: 중급기술인 | B8: A | C8: M/M | D8: 900000 | F8: =D8*E8 -> 0
A9: 중급기술인 | B9: B+ | C9: M/M | D9: 800000 | F9: =D9*E9 -> 0
A10: 중급기술인 | B10: B | C10: M/M | D10: 700000 | F10: =D10*E10 -> 0
A11: 초급 기술인 | B11: C | C11: M/M | D11: 600000 | F11: =D11*E11 -> 0
A13: 인센티브 | E13: 0.01 | F13: =SUM(F5:F11)*E13 -> 14000
A15: 총 계 | E15: =SUM(E5:E11) -> 1 | F15: =SUM(F5:F13) -> 1414000

Sheet 내역서(을지)
A1: 용 역 내 역 서
A2: P5 Ph1 FAB1(SUP) 가설공사 | G2: 단위 : 원
A3: 품 명 | B3: 규 격 | C3: 단위 | D3: 단 가 | E3: 금 회 청 구 | G3: 비 고
E4: 수 량 | F4: 금 액
A5: 고급기술인 | B5: S+ | C5: M/M | D5: 1400000 | E5: 4 | F5: =D5*E5 -> 5600000
A6: 고급기술인 | B6: S | C6: M/M | D6: 1200000 | E6: 3 | F6: =D6*E6 -> 3600000
A7: 중급기술인 | B7: A+ | C7: M/M | D7: 1000000 | E7: 3 | F7: =D7*E7 -> 3000000
A8: 중급기술인 | B8: A | C8: M/M | D8: 900000 | E8: 3 | F8: =D8*E8 -> 2700000
A9: 중급기술인 | B9: B+ | C9: M/M | D9: 800000 | E9: 3 | F9: =D9*E9 -> 2400000
A10: 중급기술인 | B10: B | C10: M/M | D10: 700000 | E10: 3 | F10: =D10*E10 -> 2100000
A11: 초급기술인 | B11: C | C11: M/M | D11: 600000 | E11: 3 | F11: =D11*E11 -> 1800000
A13: 인센티브 | E13: 0 | F13: =SUM(F5:F11)*E13 -> 0
A16: 총 계 | E16: =SUM(E5:E15) -> 22 | F16: =SUM(F5:F15) -> 21200000

Sheet 집계장
A1: ='용역청구서 표지'!A7:F7 -> P5 Ph1 GAS 1공구_SUP
L2: ='용역청구서 표지'!$C$15 -> ㈜태성하이텍
A3: 구분 | B3: 내역 | C3: 단위 | D3: 수량 | E3: 단가 | F3: 합계 | G3: 전회기성 | H3: 금회기성 | I3: 누계기성 | J3: 비 고
A4: 1. 물량 | B4: WELDING POINT | C4: D/I | D4: =SUM('물량 내역서'!$J$5:$J$27) -> 252 | E4: =F4/D4 -> 0 | F4: =SUM('물량 내역서'!$K$5:$K$27) -> 0 | G4: 0 | H4: =F4 -> 0 | I4: =G4+H4 -> 0
B5: VALVE 설치비 | C5: EA | D5: =SUM('물량 내역서'!$J$28:$J$50) -> 0 | E5: =F5/D5 -> #DIV/0! | F5: =SUM('물량 내역서'!$K$28:$K$50) -> 0 | G5: 0 | H5: =F5 -> 0 | I5: =G5+H5 -> 0
B6: 인원 실투입 | C6: M/D | D6: ='근로내역 (09월)'!AN37 -> 485.125 | E6: 240000 | F6: =D6*E6 -> 116430000 | G6: 96885000 | H6: =F6 -> 116430000 | I6: =G6+H6 -> 213315000
A7: 2. 기타비용 | C7: 式 | F7: =D7*E7 -> 0 | G7: 0 | H7: =F7 -> 0 | I7: =G7+H7 -> 0
A8: 소 계 | B8: 물량 | F8: =SUM(F4:F7) -> 116430000 | G8: =SUM(G4:G7) -> 96885000 | H8: =F8 -> 116430000 | I8: =G8+H8 -> 213315000
A9: 3. 노무비 | B9: 직접노무비 | C9: 式 | D9: ='근로내역 (09월)'!AN37 -> 485.125 | E9: =F9/D9 -> 189268.23 | F9: ='근로내역 (09월)'!AP37 -> 91818750 | G9: 80151250 | H9: =F9 -> 91818750 | I9: =G9+H9 -> 171970000
A10: 4. 숙소 및 식대 | B10: 임대료+관리비 | C10: 式 | D10: =SUM(숙소임차료!H4:H8)+SUM(숙소관리비!H4:H8) -> 0 | E10: =F10/D10 -> #DIV/0! | F10: =숙소임차료!I3+숙소관리비!I3 -> 4773050 | G10: 4825806 | H10: =F10 -> 4773050 | I10: =G10+H10 -> 9598856
B11: 식대 | C11: 式 | D11: =SUM(식대비용!G4:G8) -> 0 | E11: =F11/D11 -> #DIV/0! | F11: =식대비용!I3 -> 6956364 | G11: 3578364 | H11: =F11 -> 6956364 | I11: =G11+H11 -> 10534728
A12: 5. 기타 공제 내역 | C12: 式 | E12: 0 | F12: =D12*E12 -> 0 | G12: 0 | H12: =F12 -> 0 | I12: =G12+H12 -> 0
A13: 소 계 | B13: 공제 | F13: =SUM(F9:F12) -> 103548164 | G13: =SUM(G9:G12) -> 88555420 | H13: =F13 -> 103548164 | I13: =G13+H13 -> 192103584
A14: 합 계 | B14: 기성 (물량-공제) | F14: =F8-F13 -> 12881836 | G14: =G8-G13 -> 8329580 | H14: =F14 -> 12881836 | I14: =G14+H14 -> 21211416
A15: 6. 유보금 | B15: 기성금*XX% | C15: 式 | F15: -8329580 | G15: 8329580 | H15: =F15 -> -8329580 | I15: =G15+H15 -> 0
A16: 7. 유보금 차액 | B16: 전회 누계유보금+적자 기성액 | C16: 式 | H16: =F16 -> 0 | I16: =G16+H16 -> 0
A17: 8. NEGO | B17: NEGO | C17: 式 | H17: =F17 -> 0 | I17: =G17+H17 -> 0
A18: 총 계 | B18: 최종기성 | F18: =F14-F15-F16-F17 -> 21211416 | G18: =G14-G15-G16-G17 -> 0 | H18: =F18 -> 21211416 | I18: =G18+H18 -> 21211416
A19: 선급금 | B19: 선수공제 | C19: 式 | G19: 0 | H19: =F19 -> 0 | I19: =G19+H19 -> 0 | K19: 지급 선급금 | L19: 선급금 차액
B20: 단수정리 | C20: 式 | F20: =ROUNDDOWN(F19,-5) -> 0 | H20: =F20 -> 0 | I20: =G20+H20 -> 0 | J20: 만 단위 이하 절사 | K20: 0 | L20: =K20-I20 -> 0
A21: 공제 후 실 지급액 | F21: =F18-F20 -> 21211416 | G21: =G18-G19 -> 0 | H21: =F21 -> 21211416 | I21: =G21+H21 -> 21211416
A22: 세금계산서 기준 | F22: =ROUNDDOWN(F21,-5) -> 21200000 | G22: 0 | H22: =F22 -> 21200000 | I22: =G22+H22 -> 21200000 | J22: 만 단위 이하 절사
A23: TERMS AND CONDITIONS | D23: NOTE
A24: 1. 납 기 : KCEnC 지정 납기로 별도 협의 하에 결정하는 것으로 함.
A25: 2. 지불조건 : KCEnC 지불 조건에 따름.
A26: 3. 유효기간 : 기성 제출일로 부터 30일 이내

Sheet 근로내역 (09월)
A1: 2026년 ( 09 )월 일용 노무비명세서 | AH1: 현장명 | AM1: ='용역청구서 표지'!A7:A7 -> P5 Ph1 GAS 1공구_SUP
AH2: 현장소장 | AM2: 서봉석
AH3: 잡코드 | AM3: ='용역청구서 표지'!C9:C9 -> S26-003
A5: 번호 | B5: 성명 | C5: 주민등록번호 | D5: 직종 | E5: 연락처(H.P) | F5: 은행명 | G5: 예금주 | H5: 계좌번호 | I5: 1 | J5: 2 | K5: 3 | L5: 4 | M5: 5 | N5: 6 | O5: 7 | P5: 8 | Q5: 9 | R5: 10 | S5: 11 | T5: 12 | U5: 13 | V5: 14 | W5: 15 | X5: 16 | Y5: 17 | Z5: 18 | AA5: 19 | AB5: 20 | AC5: 21 | AD5: 22 | AE5: 23 | AF5: 24 | AG5: 25 | AH5: 26 | AI5: 27 | AJ5: 28 | AK5: 29 | AL5: 30 | AN5: 공수 | AO5: 단가 | AP5: 총액
A6: 1 | B6: 김영광 | C6: 920704-1860718 | D6: 공무보조 | E6: 010-7704-1777 | F6: 기업 | G6: 김영광 | H6: 580-022392-01-010 | I6: 0.875 | J6: 1 | K6: 1 | L6: 0.875 | O6: 1 | P6: 0.75 | Q6: 1 | R6: 1 | S6: 1 | V6: 1 | W6: 1 | X6: 1 | Y6: 1 | Z6: 0.875 | AA6: 1 | AC6: 1 | AD6: 1 | AE6: 1 | AJ6: 1.5 | AK6: 1.5 | AL6: 1.5 | AN6: =SUM(I6:AM6) -> 21.875 | AO6: 200000 | AP6: =AN6*AO6 -> 4375000
A7: 2 | B7: 김승진 | C7: 751018-1332839 | D7: 안전보조 | E7: 010-4742-4181 | F7: 신한 | G7: 김승진 | H7: 110-338-273904 | I7: 0.75 | J7: 0.875 | K7: 0.625 | P7: 0.75 | Q7: 0.625 | R7: 0.5 | V7: 1 | W7: 1 | X7: 0.75 | Y7: 0.75 | Z7: 0.75 | AC7: 1 | AD7: 1 | AE7: 0.875 | AJ7: 1.5 | AK7: 1.25 | AN7: =SUM(I7:AM7) -> 14 | AO7: 270000 | AP7: =AN7*AO7 -> 3780000
A8: 3 | B8: 김부권 | C8: 960206-1683519 | D8: 보통인부 | E8: 010-4853-5587 | F8: 대구 | G8: 김부권 | H8: 508-11-131132-1 | I8: 1 | J8: 1.5 | K8: 1.5 | L8: 1 | O8: 1 | P8: 1.5 | Q8: 1 | R8: 1 | S8: 1 | V8: 1 | W8: 1 | X8: 1 | Y8: 1 | Z8: 1 | AA8: 0.875 | AC8: 1 | AD8: 1.5 | AE8: 1 | AJ8: 1.5 | AK8: 1.5 | AL8: 1.5 | AN8: =SUM(I8:AM8) -> 24.375 | AO8: 180000 | AP8: =AN8*AO8 -> 4387500
A9: 4 | B9: 강희재 | C9: 940122-1491011 | D9: 공사보조 | E9: 010-9127-3784 | F9: 신한 | G9: 강희재 | H9: 110-404-502876 | I9: 1 | J9: 1 | K9: 1 | L9: 1 | O9: 1 | P9: 1 | Q9: 1 | R9: 1 | S9: 1 | V9: 1 | W9: 1 | X9: 1 | Y9: 1 | Z9: 1 | AA9: 1 | AC9: 1 | AD9: 1 | AE9: 1 | AJ9: 1.5 | AK9: 1.5 | AL9: 1.5 | AN9: =SUM(I9:AM9) -> 22.5 | AO9: 230000 | AP9: =AN9*AO9 -> 5175000
A10: 5 | B10: 임승희 | C10: 881107-1235222 | D10: 공사보조 | E10: 010-4393-9938 | F10: 신한 | G10: 임승희 | H10: 110-353-055995 | I10: 1 | J10: 1 | K10: 1 | L10: 1 | O10: 1 | P10: 1 | Q10: 1 | R10: 1 | S10: 1 | V10: 1 | W10: 1 | X10: 1 | Y10: 1 | Z10: 1 | AA10: 1 | AC10: 1 | AD10: 1 | AE10: 1 | AJ10: 1.5 | AK10: 1.5 | AL10: 1.5 | AN10: =SUM(I10:AM10) -> 22.5 | AO10: 210000 | AP10: =AN10*AO10 -> 4725000
A11: 6 | B11: 이광민 | C11: 991122-1069811 | D11: 안전보조 | E11: 010-3902-9550 | F11: 카카오 | G11: 이광민 | H11: 3333-04-5860686 | J11: 1 | K11: 1 | L11: 1 | O11: 1 | P11: 1 | Q11: 1 | R11: 1 | S11: 1 | V11: 0.625 | W11: 1 | X11: 1 | Y11: 1 | Z11: 1 | AA11: 1 | AC11: 1 | AD11: 0.875 | AE11: 1 | AJ11: 1.5 | AL11: 0.5 | AN11: =SUM(I11:AM11) -> 18.5 | AO11: 180000 | AP11: =AN11*AO11 -> 3330000
A12: 7 | B12: 진종언 | C12: 700609-1800219 | D12: 배관공 | E12: 010-5115-1610 | F12: 농협 | G12: 진종언 | H12: 352-0318-2179-93 | I12: 0.75 | J12: 1.5 | K12: 1.5 | L12: 1 | O12: 1 | P12: 1.5 | Q12: 1.5 | R12: 1.5 | S12: 1 | V12: 1.5 | W12: 1.5 | X12: 1.5 | Y12: 1 | Z12: 1 | AA12: 1 | AC12: 1.5 | AD12: 1 | AE12: 1 | AJ12: 1.5 | AK12: 1.5 | AL12: 1.5 | AN12: =SUM(I12:AM12) -> 26.75 | AO12: 220000 | AP12: =AN12*AO12 -> 5885000
A13: 8 | B13: 민충기 | C13: 890114-1064910 | D13: 배관공 | E13: 010-9418-9998 | F13: 기업 | G13: 민충기 | H13: 074-066516-01-021 | I13: 1 | J13: 1.5 | K13: 1.5 | L13: 1 | AN13: =SUM(I13:AM13) -> 5 | AO13: 230000 | AP13: =AN13*AO13 -> 1150000
A14: 9 | B14: 송성준 | C14: 960508-1580519 | D14: 배관공 | E14: 010-3928-7599 | F14: 농협 | G14: 송성준 | H14: 351-0768-8014-63 | I14: 1 | J14: 1.5 | K14: 1.5 | AN14: =SUM(I14:AM14) -> 4 | AO14: 200000 | AP14: =AN14*AO14 -> 800000
A15: 10 | B15: 김현수 | C15: 811221-1025329 | D15: 용접공 | E15: 010-2849-5650 | F15: 국민 | G15: 김현수 | H15: 599701-04-107093 | I15: 1 | J15: 1.5 | K15: 1.5 | L15: 1 | O15: 1 | P15: 1.5 | Q15: 1.5 | R15: 1.5 | S15: 1 | V15: 1.5 | W15: 1.5 | X15: 1.5 | Y15: 1 | Z15: 1 | AA15: 1 | AC15: 1.5 | AD15: 1 | AE15: 1 | AJ15: 1.5 | AK15: 1.5 | AL15: 1.5 | AN15: =SUM(I15:AM15) -> 27 | AO15: 240000 | AP15: =AN15*AO15 -> 6480000
A16: 11 | B16: 김종윤 | C16: 891011-1056318 | D16: 용접공 | E16: 010-4812-9310 | F16: 농협 | G16: 김종윤 | H16: 302-0494-4366-51 | I16: 1 | K16: 1.5 | L16: 1 | AN16: =SUM(I16:AM16) -> 3.5 | AO16: 240000 | AP16: =AN16*AO16 -> 840000
A17: 12 | B17: 조현주 | C17: 940517-1533111 | D17: 보통인부 | E17: 010-6370-1771 | F17: 신한 | G17: 조현주 | H17: 110-403-874603 | I17: 1 | J17: 1.5 | K17: 1.5 | L17: 1 | O17: 1 | P17: 1.5 | Q17: 1.5 | R17: 1.5 | S17: 1 | V17: 1.5 | W17: 1.5 | X17: 0.5 | Y17: 1 | Z17: 1 | AA17: 1 | AC17: 1.5 | AD17: 1 | AE17: 1 | AJ17: 1.5 | AK17: 1.5 | AL17: 1.375 | AN17: =SUM(I17:AM17) -> 25.875 | AO17: 150000 | AP17: =AN17*AO17 -> 3881250
A18: 13 | B18: 최영훈 | C18: 070614-3226811 | D18: 보통인부 | E18: 010-8408-1589 | F18: 국민 | G18: 최영훈 | H18: 468601-04-335101 | I18: 1 | J18: 1.5 | K18: 1.5 | L18: 0.875 | O18: 1 | P18: 1.5 | Q18: 1 | R18: 1 | S18: 0.875 | V18: 1 | W18: 0.875 | X18: 1 | Y18: 1 | AC18: 1 | AD18: 1.25 | AE18: 1 | AJ18: 1.5 | AK18: 1.5 | AL18: 1.5 | AN18: =SUM(I18:AM18) -> 21.875 | AO18: 150000 | AP18: =AN18*AO18 -> 3281250
A19: 14 | B19: 이순자 | C19: 710228-2800527 | D19: 보통인부 | E19: 010-7511-4996 | F19: 농협 | G19: 이순자 | H19: 737070-56-016101 | I19: 1 | J19: 1.5 | K19: 1.5 | L19: 1 | O19: 1 | P19: 1.5 | Q19: 1.5 | R19: 1.5 | S19: 1 | V19: 1 | W19: 1.5 | X19: 1.5 | Y19: 1 | Z19: 1 | AA19: 1 | AC19: 1.5 | AD19: 1 | AE19: 1 | AJ19: 1.5 | AK19: 1.5 | AL19: 1.5 | AN19: =SUM(I19:AM19) -> 26.5 | AO19: 160000 | AP19: =AN19*AO19 -> 4240000
A20: 15 | B20: 권태윤 | C20: 750615-1057714 | D20: 보통인부 | E20: 010-3345-6886 | F20: 국민 | G20: 권태윤 | H20: 610901-01-352650 | I20: 1 | J20: 1.5 | K20: 1.5 | L20: 1 | O20: 1 | P20: 1.5 | Q20: 1 | R20: 1 | S20: 1 | V20: 1 | W20: 1 | X20: 1 | Y20: 1 | Z20: 1 | AA20: 1 | AC20: 1 | AD20: 1.5 | AE20: 1 | AJ20: 1 | AK20: 1.5 | AL20: 1.5 | AN20: =SUM(I20:AM20) -> 24 | AO20: 200000 | AP20: =AN20*AO20 -> 4800000
A21: 16 | B21: 정대성 | C21: 741210-1789827 | D21: 보통인부 | E21: 010-3309-8868 | F21: 농협 | G21: 정대성 | H21: 248-12-155444 | I21: 0.75 | J21: 1.5 | K21: 1.5 | O21: 1 | P21: 1 | Q21: 1.5 | R21: 1.5 | S21: 1 | V21: 1 | W21: 1 | X21: 1 | Y21: 1 | Z21: 1 | AC21: 1 | AD21: 1.5 | AE21: 1 | AJ21: 1.5 | AK21: 1.5 | AL21: 1.5 | AN21: =SUM(I21:AM21) -> 22.75 | AO21: 160000 | AP21: =AN21*AO21 -> 3640000
A22: 17 | B22: 최일영 | C22: 700801-1462612 | D22: 보통인부 | E22: 010-3411-1284 | F22: 농협 | G22: 최일영 | H22: 356-0730-2584-83 | I22: 0.75 | J22: 1.5 | K22: 1.5 | L22: 1 | O22: 1 | P22: 1 | Q22: 1.5 | R22: 1.5 | S22: 1 | V22: 1 | W22: 1 | X22: 1 | Y22: 1 | AC22: 1 | AD22: 1.5 | AE22: 1 | AJ22: 1.5 | AK22: 1.5 | AL22: 1.5 | AN22: =SUM(I22:AM22) -> 22.75 | AO22: 160000 | AP22: =AN22*AO22 -> 3640000
A23: 18 | B23: 민성기 | C23: 760804-1093216 | D23: 보통인부 | E23: 010-2881-1976 | F23: 우리 | G23: 민성기 | H23: 1002-849-848827 | I23: 1 | J23: 1.5 | K23: 1.5 | L23: 1 | O23: 1 | P23: 1 | Q23: 1.5 | R23: 1.5 | S23: 1 | V23: 1 | W23: 1.5 | X23: 1.5 | Y23: 1 | Z23: 1 | AA23: 1 | AC23: 1 | AD23: 1.5 | AE23: 1 | AJ23: 1.5 | AK23: 1.5 | AL23: 1.5 | AN23: =SUM(I23:AM23) -> 26 | AO23: 160000 | AP23: =AN23*AO23 -> 4160000
A24: 19 | B24: 최진규 | C24: 700819-1041113 | D24: 배관공 | E24: 010-4691-5826 | F24: 기업 | G24: 최진규 | H24: 326-000411-02-011 | I24: 0.75 | J24: 1.5 | K24: 1.5 | L24: 1 | O24: 1 | P24: 1 | Q24: 1.5 | R24: 1.5 | V24: 1 | W24: 1 | X24: 1 | Y24: 1 | Z24: 1 | AA24: 1 | AC24: 1 | AD24: 1.5 | AE24: 1 | AJ24: 1.5 | AK24: 1.5 | AL24: 1.5 | AN24: =SUM(I24:AM24) -> 23.75 | AO24: 220000 | AP24: =AN24*AO24 -> 5225000
A25: 20 | B25: 박성호 | C25: 941107-1199714 | D25: 배관공 | E25: 010-2922-3403 | F25: 기업 | G25: 박성호 | H25: 450-033865-01-013 | I25: 1.125 | J25: 1.125 | K25: 1 | L25: 0.5 | O25: 1 | P25: 1.5 | Q25: 1.5 | R25: 1.5 | S25: 1 | V25: 1 | W25: 1 | X25: 1 | Y25: 1 | Z25: 1 | AC25: 1 | AD25: 1 | AE25: 1 | AJ25: 1.5 | AK25: 1.5 | AL25: 1.5 | AN25: =SUM(I25:AM25) -> 22.75 | AO25: 190000 | AP25: =AN25*AO25 -> 4322500
A26: 21 | B26: 안성원 | C26: 730222-1674813 | D26: 보통인부 | E26: 010-9575-3445 | F26: 새마을 | G26: 안성원 | H26: 9003-2348-2974-4 | I26: 1.125 | J26: 1.125 | L26: 0.5 | O26: 1 | P26: 1.5 | Q26: 1 | R26: 1 | S26: 0.875 | V26: 1 | W26: 1.5 | X26: 1.5 | Y26: 1 | Z26: 1 | AA26: 1 | AC26: 1 | AD26: 1 | AE26: 1 | AJ26: 1.5 | AK26: 1.5 | AL26: 1.5 | AN26: =SUM(I26:AM26) -> 22.625 | AO26: 170000 | AP26: =AN26*AO26 -> 3846250
A27: 22 | B27: 강우형 | C27: 000830-3484718 | D27: 보통인부 | E27: 010-7963-4799 | F27: 토스 | G27: 강우형 | H27: 1002-2019-2812 | I27: 1.125 | J27: 1.125 | L27: 0.5 | O27: 1 | P27: 1.5 | Q27: 1 | R27: 1 | S27: 1 | V27: 1 | W27: 1 | X27: 1 | Y27: 1 | Z27: 1 | AA27: 1 | AC27: 1 | AD27: 1 | AJ27: 1.5 | AK27: 1.5 | AL27: 1.5 | AN27: =SUM(I27:AM27) -> 20.75 | AO27: 150000 | AP27: =AN27*AO27 -> 3112500
A28: 23 | B28: 김명수 | C28: 001211-3823418 | D28: 보통인부 | E28: 010-5797-6473 | F28: 국민 | G28: 김명수 | H28: 944502-00-579965 | I28: 1.125 | J28: 1.125 | O28: 0.5 | P28: 1.5 | Q28: 1 | R28: 1 | V28: 1 | W28: 1 | X28: 1 | Y28: 1 | Z28: 1 | AA28: 1 | AC28: 1 | AD28: 1 | AE28: 1 | AJ28: 1.5 | AK28: 1.5 | AL28: 1.5 | AN28: =SUM(I28:AM28) -> 19.75 | AO28: 150000 | AP28: =AN28*AO28 -> 2962500
A29: 24 | B29: 정웅진 | C29: 881120-1890214 | D29: 용접공 | E29: 010-6694-2204 | F29: 국민 | G29: 정웅진 | H29: 695002-01-237429 | O29: 1.125 | P29: 1.125 | Q29: 0.5 | R29: 0.5 | S29: 0.5 | V29: 1 | W29: 1 | X29: 1 | Y29: 1 | Z29: 1 | AA29: 1 | AC29: 1 | AD29: 1 | AE29: 1 | AJ29: 1.5 | AK29: 1.5 | AN29: =SUM(I29:AM29) -> 15.75 | AO29: 240000 | AP29: =AN29*AO29 -> 3780000
A30: 합 계 | I30: =SUM(I6:I29) -> 21.125 | J30: =SUM(J6:J29) -> 28.875 | K30: =SUM(K6:K29) -> 26.625 | L30: =SUM(L6:L29) -> 17.25 | M30: =SUM(M6:M29) -> 0 | N30: =SUM(N6:N29) -> 0 | O30: =SUM(O6:O29) -> 19.625 | P30: =SUM(P6:P29) -> 26.125 | ... AN30: =SUM(AN6:AN29) -> 485.125 | AO30: =AP30/AN30 -> 189268.23 | AP30: =SUM(AP6:AP29) -> 91818750
A31: 1 | AN31: =SUM(I31:AM31) -> 0 | AP31: =AN31*AO31 -> 0
A32: 2 | AN32: =SUM(I32:AM32) -> 0 | AP32: =AN32*AO32 -> 0
A33: 3 | AN33: =SUM(I33:AM33) -> 0 | AP33: =AN33*AO33 -> 0
A34: 4 | AN34: =SUM(I34:AM34) -> 0 | AP34: =AN34*AO34 -> 0
A35: 5 | AN35: =SUM(I35:AM35) -> 0 | AP35: =AN35*AO35 -> 0
A36: 추가 공사건 투입인원 합 계 | I36: =SUM(I31:I35) -> 0 | J36: =SUM(J31:J35) -> 0 | K36: =SUM(K31:K35) -> 0 | L36: =SUM(L31:L35) -> 0 | M36: =SUM(M31:M35) -> 0 | N36: =SUM(N31:N35) -> 0 | O36: =SUM(O31:O35) -> 0 | P36: =SUM(P31:P35) -> 0 | ... AN36: =SUM(AN31:AN35) -> 0 | AP36: =SUM(AP31:AP35) -> 0
A37: 총 합 계 | I37: =I30+I36 -> 21.125 | J37: =J30+J36 -> 28.875 | K37: =K30+K36 -> 26.625 | L37: =L30+L36 -> 17.25 | M37: =M30+M36 -> 0 | N37: =N30+N36 -> 0 | O37: =O30+O36 -> 19.625 | P37: =P30+P36 -> 26.125 | ... AN37: =AN30+AN36 -> 485.125 | AO37: =AP37/AN37 -> 189268.23 | AP37: =AP30+AP36 -> 91818750

Sheet 물량 내역서
A1: 2026년 (09)월 물량 내역서
A2: ='용역청구서 표지'!A7:A7 -> P5 Ph1 GAS 1공구_SUP | M2: 단위 : 원
A3: 품 명 | B3: 규 격 | C3: 단위 | D3: W/P 수량 | E3: 단 가 | F3: 계 약 내 역 | H3: 전 회 누 계 물 량 | J3: 금 회 물 량 | L3: 누 계 물 량
F4: D/I 수량 | G4: 금액 | H4: D/I 수량 | I4: 금액 | J4: D/I 수량 | K4: 금액 | L4: D/I 수량 | M4: 금액
A5: WEDING POINT | B5: 8A | C5: POINT | D5: 0 | E5: 0 | F5: =L5 -> 0 | G5: =M5 -> 0 | H5: 0 | I5: 0 | J5: =$D5*'DIA-INCH'!$C5 -> 0 | K5: =$E5*$J5 -> 0 | L5: =H5+J5 -> 0 | M5: =I5+K5 -> 0
A6: WEDING POINT | B6: 15A | C6: POINT | D6: 0 | E6: 0 | F6: =L6 -> 0 | G6: =M6 -> 0 | H6: 0 | I6: 0 | J6: =$D6*'DIA-INCH'!$C6 -> 0 | K6: =$E6*$J6 -> 0 | L6: =H6+J6 -> 0 | M6: =I6+K6 -> 0
A7: WEDING POINT | B7: 20A | C7: POINT | D7: 0 | E7: 0 | F7: =L7 -> 0 | G7: =M7 -> 0 | H7: 0 | I7: 0 | J7: =$D7*'DIA-INCH'!$C7 -> 0 | K7: =$E7*$J7 -> 0 | L7: =H7+J7 -> 0 | M7: =I7+K7 -> 0
A8: WEDING POINT | B8: 25A | C8: POINT | D8: 0 | E8: 0 | F8: =L8 -> 0 | G8: =M8 -> 0 | H8: 0 | I8: 0 | J8: =$D8*'DIA-INCH'!$C8 -> 0 | K8: =$E8*$J8 -> 0 | L8: =H8+J8 -> 0 | M8: =I8+K8 -> 0
A9: WEDING POINT | B9: 32A | C9: POINT | D9: 0 | E9: 0 | F9: =L9 -> 0 | G9: =M9 -> 0 | H9: 0 | I9: 0 | J9: =$D9*'DIA-INCH'!$C9 -> 0 | K9: =$E9*$J9 -> 0 | L9: =H9+J9 -> 0 | M9: =I9+K9 -> 0
A10: WEDING POINT | B10: 40A | C10: POINT | D10: 0 | E10: 0 | F10: =L10 -> 0 | G10: =M10 -> 0 | H10: 0 | I10: 0 | J10: =$D10*'DIA-INCH'!$C10 -> 0 | K10: =$E10*$J10 -> 0 | L10: =H10+J10 -> 0 | M10: =I10+K10 -> 0
A11: WEDING POINT | B11: 50A | C11: POINT | D11: 0 | E11: 0 | F11: =L11 -> 0 | G11: =M11 -> 0 | H11: 0 | I11: 0 | J11: =$D11*'DIA-INCH'!$C11 -> 0 | K11: =$E11*$J11 -> 0 | L11: =H11+J11 -> 0 | M11: =I11+K11 -> 0
A12: WEDING POINT | B12: 65A | C12: POINT | D12: 0 | E12: 0 | F12: =L12 -> 0 | G12: =M12 -> 0 | H12: 0 | I12: 0 | J12: =$D12*'DIA-INCH'!$C12 -> 0 | K12: =$E12*$J12 -> 0 | L12: =H12+J12 -> 0 | M12: =I12+K12 -> 0
A13: WEDING POINT | B13: 80A | C13: POINT | D13: 26 | E13: 0 | F13: =L13 -> 96 | G13: =M13 -> 0 | H13: 18 | I13: 0 | J13: =$D13*'DIA-INCH'!$C13 -> 78 | K13: =$E13*$J13 -> 0 | L13: =H13+J13 -> 96 | M13: =I13+K13 -> 0
A14: WEDING POINT | B14: 100A | C14: POINT | D14: 0 | E14: 0 | F14: =L14 -> 0 | G14: =M14 -> 0 | H14: 0 | I14: 0 | J14: =$D14*'DIA-INCH'!$C14 -> 0 | K14: =$E14*$J14 -> 0 | L14: =H14+J14 -> 0 | M14: =I14+K14 -> 0
A15: WEDING POINT | B15: 110A | C15: POINT | D15: 0 | E15: 0 | F15: =L15 -> 0 | G15: =M15 -> 0 | H15: 0 | I15: 0 | J15: =$D15*'DIA-INCH'!$C15 -> 0 | K15: =$E15*$J15 -> 0 | L15: =H15+J15 -> 0 | M15: =I15+K15 -> 0
A16: WEDING POINT | B16: 125A | C16: POINT | D16: 0 | E16: 0 | F16: =L16 -> 0 | G16: =M16 -> 0 | H16: 0 | I16: 0 | J16: =$D16*'DIA-INCH'!$C16 -> 0 | K16: =$E16*$J16 -> 0 | L16: =H16+J16 -> 0 | M16: =I16+K16 -> 0
... A27: WEDING POINT | B27: 550A | C27: POINT | D27: 0 | E27: 0 | F27: =L27 -> 0 | G27: =M27 -> 0 | H27: 0 | I27: 0 | J27: =$D27*'DIA-INCH'!$C27 -> 0 | K27: =$E27*$J27 -> 0 | L27: =H27+J27 -> 0 | M27: =I27+K27 -> 0
A28: VALVE 설치비 | B28: 8A | C28: EA | D28: 0 | E28: 0 | F28: =L28 -> 0 | G28: =M28 -> 0 | H28: 0 | I28: 0 | J28: =D28 -> 0 | K28: =$J28*$E28 -> 0 | L28: =H28+J28 -> 0 | M28: =I28+K28 -> 0
A29: VALVE 설치비 | B29: 15A | C29: EA | D29: 0 | E29: 0 | F29: =L29 -> 0 | G29: =M29 -> 0 | H29: 0 | I29: 0 | J29: =D29 -> 0 | K29: =$J29*$E29 -> 0 | L29: =H29+J29 -> 0 | M29: =I29+K29 -> 0
A30: VALVE 설치비 | B30: 20A | C30: EA | D30: 0 | E30: 0 | F30: =L30 -> 0 | G30: =M30 -> 0 | H30: 0 | I30: 0 | J30: =D30 -> 0 | K30: =$J30*$E30 -> 0 | L30: =H30+J30 -> 0 | M30: =I30+K30 -> 0
A31: VALVE 설치비 | B31: 25A | C31: EA | D31: 0 | E31: 0 | F31: =L31 -> 0 | G31: =M31 -> 0 | H31: 0 | I31: 0 | J31: =D31 -> 0 | K31: =$J31*$E31 -> 0 | L31: =H31+J31 -> 0 | M31: =I31+K31 -> 0
A32: VALVE 설치비 | B32: 32A | C32: EA | D32: 0 | E32: 0 | F32: =L32 -> 0 | G32: =M32 -> 0 | H32: 0 | I32: 0 | J32: =D32 -> 0 | K32: =$J32*$E32 -> 0 | L32: =H32+J32 -> 0 | M32: =I32+K32 -> 0
A33: VALVE 설치비 | B33: 40A | C33: EA | D33: 0 | E33: 0 | F33: =L33 -> 0 | G33: =M33 -> 0 | H33: 0 | I33: 0 | J33: =D33 -> 0 | K33: =$J33*$E33 -> 0 | L33: =H33+J33 -> 0 | M33: =I33+K33 -> 0
A34: VALVE 설치비 | B34: 50A | C34: EA | D34: 0 | E34: 0 | F34: =L34 -> 0 | G34: =M34 -> 0 | H34: 0 | I34: 0 | J34: =D34 -> 0 | K34: =$J34*$E34 -> 0 | L34: =H34+J34 -> 0 | M34: =I34+K34 -> 0
A35: VALVE 설치비 | B35: 65A | C35: EA | D35: 0 | E35: 0 | F35: =L35 -> 0 | G35: =M35 -> 0 | H35: 0 | I35: 0 | J35: =D35 -> 0 | K35: =$J35*$E35 -> 0 | L35: =H35+J35 -> 0 | M35: =I35+K35 -> 0
A36: VALVE 설치비 | B36: 80A | C36: EA | D36: 0 | E36: 0 | F36: =L36 -> 0 | G36: =M36 -> 0 | H36: 0 | I36: 0 | J36: =D36 -> 0 | K36: =$J36*$E36 -> 0 | L36: =H36+J36 -> 0 | M36: =I36+K36 -> 0
A37: VALVE 설치비 | B37: 100A | C37: EA | D37: 0 | E37: 0 | F37: =L37 -> 0 | G37: =M37 -> 0 | H37: 0 | I37: 0 | J37: =D37 -> 0 | K37: =$J37*$E37 -> 0 | L37: =H37+J37 -> 0 | M37: =I37+K37 -> 0
A38: VALVE 설치비 | B38: 110A | C38: EA | D38: 0 | E38: 0 | F38: =L38 -> 0 | G38: =M38 -> 0 | H38: 0 | I38: 0 | J38: =D38 -> 0 | K38: =$J38*$E38 -> 0 | L38: =H38+J38 -> 0 | M38: =I38+K38 -> 0
A39: VALVE 설치비 | B39: 125A | C39: EA | D39: 0 | E39: 0 | F39: =L39 -> 0 | G39: =M39 -> 0 | H39: 0 | I39: 0 | J39: =D39 -> 0 | K39: =$J39*$E39 -> 0 | L39: =H39+J39 -> 0 | M39: =I39+K39 -> 0
... A50: VALVE 설치비 | B50: 550A | C50: EA | D50: 0 | E50: 0 | F50: =L50 -> 0 | G50: =M50 -> 0 | H50: 0 | I50: 0 | J50: =D50 -> 0 | K50: =$J50*$E50 -> 0 | L50: =H50+J50 -> 0 | M50: =I50+K50 -> 0
A51: 합 계 | F51: =SUM(F5:F50) -> 306 | G51: =SUM(G5:G50) -> 0 | H51: =SUM(H5:H50) -> 54 | I51: =SUM(I5:I50) -> 0 | J51: =SUM(J5:J50) -> 252 | K51: =SUM(K5:K50) -> 0 | L51: =SUM(L5:L50) -> 306 | M51: =SUM(M5:M50) -> 0

Sheet 용접기자재
A1: 용접 기자재
A2: No | B2: 구매일 | C2: 구분 | D2: 품명 | E2: 규격 | F2: 거래처명 | G2: 발주수량 | H2: 단가 | I2: 합계 | J2: 비고
I3: =ROUND(SUM(I4:I82),) -> 67400
A4: =ROW()-3 -> 1 | B4: 46272 | C4: 소모성자재 | D4: 어스클램프 | E4: [CEC-500A,CTX [크레토스]] | F4: 미래공구 | G4: 3 | H4: 20800 | I4: 62400 | L4: 입력해야하는 항목 외 수정 금지
A5: =ROW()-3 -> 2 | B5: 46275 | C5: 소모성자재 | D5: 흑유리 | E5: [#10,CTX [크레토스]] | F5: 미래공구 | G5: 10 | H5: 500 | I5: 5000 | L5: 입력항목
L6: 구매일
L7: 구분
L8: 품명
L9: 규격
L10: 거래처명
L11: 발주수량
L12: 단가
L14: ■ 구분은 [소모성자재, 공구, 임대(공구), 안전용품, 비품] 이외 항목은 입력금지

Sheet 배관기자재
A1: 배관 기자재
A2: No | B2: 구매일 | C2: 구분 | D2: 품명 | E2: 규격 | F2: 거래처명 | G2: 발주수량 | H2: 단가 | I2: 합계 | J2: 비고
I3: =ROUND(SUM(I4:I47),) -> 639564 | L3: 입력해야하는 항목 외 수정 금지
A4: =ROW()-3 -> 1 | B4: 46268 | C4: 소모성자재 | D4: NBR 코팅장갑 | E4: L | F4: 네이버파이낸셜㈜ | G4: 50 | H4: 736.36364 | I4: 36818.182 | L4: 입력항목
A5: =ROW()-3 -> 2 | B5: 46294 | C5: 소모성자재 | D5: 청보호테이프 | E5: 500mm | F5: 네이버파이낸셜㈜ | G5: 4 | H5: 11545.455 | I5: 46181.818 | L5: 구매일
A6: =ROW()-3 -> 3 | B6: 46269 | C6: 소모성자재 | D6: 고리자석 | E6: [50mm [수입]] | F6: 미래공구 | G6: 20 | H6: 4900 | I6: 98000 | L6: 구분
A7: =ROW()-3 -> 4 | B7: 46272 | C7: 소모성자재 | D7: 방청유 | E7: [WD-40,360ML [BEX]] | F7: 미래공구 | G7: 1 | H7: 5500 | I7: 5500 | L7: 품명
A8: =ROW()-3 -> 5 | B8: 46276 | C8: 소모성자재 | D8: 안전칼날 | E8: [SKB-2, 5개입 [올파]] | F8: 미래공구 | G8: 1 | H8: 3000 | I8: 3000 | L8: 규격
A9: =ROW()-3 -> 6 | B9: 46276 | C9: 소모성자재 | D9: 헤라 | E9: [4",경화형 [스마토]] | F9: 미래공구 | G9: 1 | H9: 2600 | I9: 2600 | L9: 거래처명
A10: =ROW()-3 -> 7 | B10: 46276 | C10: 소모성자재 | D10: 헤라 | E10: [2",경화형 [스마토]] | F10: 미래공구 | G10: 1 | H10: 2000 | I10: 2000 | L10: 발주수량
A11: =ROW()-3 -> 8 | B11: 46279 | C11: 소모성자재 | D11: 컷쏘날 | E11: [S922BF,철재,바이메탈,5개입 [보쉬]] | F11: 미래공구 | G11: 2 | H11: 15500 | I11: 31000 | L11: 단가
A12: =ROW()-3 -> 9 | B12: 46279 | C12: 소모성자재 | D12: 컷쏘날 | E12: [S1122BF,철재,바이메탈,5개입 [보쉬]] | F12: 미래공구 | G12: 2 | H12: 20000 | I12: 40000
A13: =ROW()-3 -> 10 | B13: 46279 | C13: 소모성자재 | D13: 파이프안전커버 | E13: [10T*50mm*2m,난연,황/흑,타이거보양재 [SW]] | F13: 미래공구 | G13: 5 | H13: 2700 | I13: 13500 | N13: ■ 구분은 [소모성자재, 공구, 임대(공구), 안전용품, 비품] 이외 항목은 입력금지
A14: =ROW()-3 -> 11 | B14: 46280 | C14: 소모성자재 | D14: SDS PLUS BIT | E14: [4날,14*160,HQ,CTX [UDT]] | F14: 미래공구 | G14: 2 | H14: 7400 | I14: 14800
A15: =ROW()-3 -> 12 | B15: 46280 | C15: 소모성자재 | D15: 철근절단비트 | E15: [MSRC-14 [모스툴]] | F15: 미래공구 | G15: 1 | H15: 25000 | I15: 25000
A16: =ROW()-3 -> 13 | B16: 46282 | C16: 소모성자재 | D16: 수세미 | E16: [MIGHTY BLUE PAD,녹색 [3M]] | F16: 미래공구 | G16: 5 | H16: 1100 | I16: 5500
A17: =ROW()-3 -> 14 | B17: 46282 | C17: 소모성자재 | D17: 칫솔브러쉬 | E17: [브러쉬,스텐 [스마토]] | F17: 미래공구 | G17: 5 | H17: 900 | I17: 4500
A18: =ROW()-3 -> 15 | B18: 46283 | C18: 소모성자재 | D18: 직쏘날 | E18: [121AFC,5개 [보쉬]] | F18: 미래공구 | G18: 6 | H18: 11400 | I18: 68400
A19: =ROW()-3 -> 16 | B19: 46283 | C19: 소모성자재 | D19: 테프론테이프 | E19: [12mm [한양화학]] | F19: 미래공구 | G19: 100 | H19: 300 | I19: 30000
A20: =ROW()-3 -> 17 | B20: 46286 | C20: 소모성자재 | D20: 에폭시접착제 | E20: [매직스틱,다목적용,114G,CTX [엑시아]] | F20: 미래공구 | G20: 5 | H20: 8500 | I20: 42500
A21: =ROW()-3 -> 18 | B21: 46286 | C21: 소모성자재 | D21: 절연테이프 | E21: [19*10m,검정,CTX [금성]] | F21: 미래공구 | G21: 10 | H21: 500 | I21: 5000
A22: =ROW()-3 -> 19 | B22: 46286 | C22: 소모성자재 | D22: 종이테이프 | E22: [25mm*40m [3M]] | F22: 미래공구 | G22: 5 | H22: 1200 | I22: 6000
A23: =ROW()-3 -> 20 | B23: 46286 | C23: 소모성자재 | D23: 케이블타이 | E23: [300mm(1봉=500개),백색 [HNS]] | F23: 미래공구 | G23: 1 | H23: 13000 | I23: 13000
A24: =ROW()-3 -> 21 | B24: 46288 | C24: 소모성자재 | D24: 제트브로치(PROCUT) | E24: [18*35L [우창]] | F24: 미래공구 | G24: 1 | H24: 31000 | I24: 31000
A25: =ROW()-3 -> 22 | B25: 46288 | C25: 소모성자재 | D25: 파이롯트핀 | E25: [7.98*90L [우창]] | F25: 미래공구 | G25: 1 | H25: 4100 | I25: 4100
... A27: =ROW()-3 -> 24 | B27: 46294 | C27: 소모성자재 | D27: 앙카펀치 | E27: [1/2" [동성산업]] | F27: 미래공구 | G27: 3 | H27: 4900 | I27: 14700
A28: =ROW()-3 -> 25 | B28: 46268 | C28: 안전용품 | D28: K2 안전반장화 | F28: 쿠팡㈜ | G28: 1 | H28: 64800 | I28: 64800
A29: =ROW()-3 -> 26 | B29: 46275 | C29: 소모성자재 | D29: AA, AAA 건전지 | F29: 쿠팡㈜ | G29: 2 | H29: 9081.8182 | I29: 18163.636

Sheet 숙소임차료
A1: 숙소 임차료
A2: No. | B2: 납부일 | C2: 구분 | D2: 품명 | E2: 주소 | F2: 호수 | G2: 수량 | H2: 사용인원 | I2: 임차료 | J2: 비 고
I3: =SUM(I4:I13) -> 4430000 | L3: 입력해야하는 항목 외 수정 금지
A4: =ROW()-3 -> 1 | B4: 46295 | C4: KC대납 임대료 | D4: 숙소임대료(9월분) | E4: 함박산4길 20 | F4: 202호 | G4: 1 | I4: =1550000 -> 1550000 | J4: KC 대납 | L4: 납부일
A5: =ROW()-3 -> 2 | B5: 46295 | C5: KC대납 임대료 | D5: 숙소임대료(9월분) | E5: 함박산3길 5 | F5: 201호 | G5: 1 | I5: =1300000 -> 1300000 | J5: KC 대납 | L5: 구분
A6: =ROW()-3 -> 3 | B6: 46295 | C6: KC대납 임대료 | D6: 숙소임대료(9월분) | E6: 함박산1길 39 | F6: 202호 | G6: 1 | I6: =1550000 -> 1550000 | J6: KC 대납 | L6: 품명
A7: 4 | B7: 46295 | C7: KC대납 임대료 | D7: 숙소임대료(9월분) | E7: 고덕여염12길 12 | F7: 201호 | G7: 1 | I7: =(900000/30)*1 -> 30000 | J7: KC 대납 9/30입주 일할계산 | L7: 주소
L8: 호수
L9: 수량
L10: 사용인원
L12: ■ 구분은 [KC대납 임대료 및 임대료] 이외 항목은 입력금지

Sheet 숙소관리비
A1: 숙소 관리비
A2: No. | B2: 납부일 | C2: 구분 | D2: 품명 | E2: 주소 | F2: 호수 | G2: 수량 | H2: 사용인원 | I2: 임차료 | J2: 비 고
I3: =SUM(I4:I13) -> 343050
A4: =ROW()-3 -> 1 | B4: 46295 | C4: 관리비 | D4: 숙소전기요금(9월) | E4: 함박산4길 20 | F4: 202호 | I4: 176200
A5: =ROW()-3 -> 2 | B5: 46295 | C5: 관리비 | D5: 숙소전기요금(9월) | E5: 함박산3길 5 | F5: 201호 | I5: 91640
A6: =ROW()-3 -> 3 | B6: 46295 | C6: 관리비 | D6: 숙소전기요금(9월) | E6: 함박산1길 39 | F6: 202호 | I6: 61120
A7: =ROW()-3 -> 4 | B7: 46295 | C7: 관리비 | D7: 숙소수도요금(9월) | E7: 함박산4길 20 | F7: 202호 | I7: 4120
A8: =ROW()-3 -> 5 | B8: 46295 | C8: 관리비 | D8: 숙소수도요금(9월) | E8: 함박산3길 5 | F8: 201호 | I8: 4120
A9: =ROW()-3 -> 6 | B9: 46295 | C9: 관리비 | D9: 숙소수도요금(9월) | E9: 함박산1길 39 | F9: 202호 | I9: 5850

Sheet 식대비용
A1: 식대 비용
A2: No. | B2: 납부일 | C2: 구분 | D2: 품명 | E2: 거래처명 | F2: 수량 | G2: 식수인원 | H2: 단가 | I2: 합 계 | J2: 비 고
I3: =SUM(I4:I7) -> 6956364 | L3: 입력해야하는 항목 외 수정 금지
A4: =ROW()-3 -> 1 | B4: 46290 | C4: KC대납 식대 | D4: 기술인및관리자 (현장 식당) | E4: 태정위드유 주식회사 | F4: 1 | H4: 201364 | I4: =F4*H4 -> 201364 | J4: KC 대납 | L4: 입력항목
A5: =ROW()-3 -> 2 | B5: 46290 | C5: KC대납 식대 | D5: 기술인및관리자 (현장 식당) | E5: 영미손김밥 | F5: 1 | H5: 350000 | I5: =F5*H5 -> 350000 | J5: KC 대납 | L5: 납부일
A6: =ROW()-3 -> 3 | B6: 46290 | C6: KC대납 식대 | D6: 기술인및관리자 (현장 식당) | E6: 옛날장터 | F6: 849 | H6: 7000 | I6: =F6*H6 -> 5943000 | J6: KC 대납 | L6: 구분
A7: =ROW()-3 -> 4 | B7: 46290 | C7: KC대납 식대 | D7: 기술인및관리자 (현장 식당) | E7: 은주네한식뷔페 | F7: 66 | H7: 7000 | I7: =F7*H7 -> 462000 | J7: KC 대납 | L7: 품명
A8: =ROW()-3 -> 5 | B8: 46279 | C8: 식대 | D8: 추석 선물세트 | E8: 리브인컴퍼니 | F8: 20 | H8: 20000 | I8: 400000 | L8: 거래처명
L9: 수량
L10: 식수인원
L11: 단가
L13: ■ 구분은 [KC대납 식대 및 식대] 이외 항목은 입력금지

Sheet 기타비용
A1: 기타 비용
A2: No. | B2: 구매일 | C2: 구분 | D2: 품명 | E2: 거래처명 | F2: 수량 | G2: 단가 | H2: 합계 | I2: 비고
H3: =SUM(H4:H23) -> 442981.82 | K3: 입력해야하는 항목 외 수정 금지
A4: =ROW()-3 -> 1 | B4: 46266 | C4: 법인카드 | D4: 85나 0825 포터2 | E4: (주)소모 칠곡주유소 | F4: 1 | G4: =60000/1.1 -> 54545.455 | H4: =F4*G4 -> 54545.455 | K4: 입력항목
A5: =ROW()-3 -> 2 | B5: 46272 | C5: 법인카드 | D5: 85나 0825 포터2 | E5: (주)소모 칠곡주유소 | F5: 1 | G5: =60000/1.1 -> 54545.455 | H5: =F5*G5 -> 54545.455 | K5: 구매일
A6: =ROW()-3 -> 3 | B6: 46276 | C6: 법인카드 | D6: 85나 0825 포터2 | E6: 남사농업협동조합 | F6: 1 | G6: =70000/1.1 -> 63636.364 | H6: =F6*G6 -> 63636.364 | K6: 구분
A7: =ROW()-3 -> 4 | B7: 46281 | C7: 법인카드 | D7: 85나 0825 포터2 | E7: (주)소모 칠곡주유소 | F7: 1 | G7: =70000/1.1 -> 63636.364 | H7: =F7*G7 -> 63636.364 | K7: 품명
A8: =ROW()-3 -> 5 | B8: 46284 | C8: 법인카드 | D8: 85나 0825 포터2 | E8: (주)소모 칠곡주유소 | F8: 1 | G8: =70000/1.1 -> 63636.364 | H8: =F8*G8 -> 63636.364 | K8: 거래처명
A9: =ROW()-3 -> 6 | B9: 46288 | C9: 법인카드 | D9: 85나 0825 포터2 | E9: (주)소모 칠곡주유소 | F9: 1 | G9: =60000/1.1 -> 54545.455 | H9: =F9*G9 -> 54545.455 | K9: 수량
A10: =ROW()-3 -> 7 | B10: 46294 | C10: 법인카드 | D10: 85나 0825 포터2 | E10: (주)소모 칠곡주유소 | F10: 1 | G10: =60000/1.1 -> 54545.455 | H10: =F10*G10 -> 54545.455 | K10: 단가
A11: =ROW()-3 -> 8 | B11: 46273 | C11: 소모품비 | D11: 자석홀더 | E11: 쿠팡㈜ | F11: 30 | G11: 246.06061 | H11: =F11*G11 -> 7381.8182
A12: =ROW()-3 -> 9 | B12: 46274 | C12: 소모품비 | D12: 봉투화일 | E12: 쿠팡㈜ | F12: 30 | G12: 634.84848 | H12: =F12*G12 -> 19045.455 | K12: ■ 구분은 [사무용품, 소모품비, 법인카드] 이외 항목은 입력금지
A13: =ROW()-3 -> 10 | B13: 46288 | C13: 소모품비 | D13: 페인트마카 | E13: 쿠팡㈜ | F13: 12 | G13: 621.9697 | H13: =F13*G13 -> 7463.6364

Sheet 서명란
B2: 현 장 확 인 | C2: 소 장 | E2: (서명)
C3: 공 사 | E3: (서명)
C4: 공 무 | E4: (서명)
G6: 사 업 부 | H6: Frontier 사업부 GNP 본부장 | I6: BOC 센터장 | J6: Frontier 사업부장
L8: 본 사 | M8: 담 당 | N8: 검 토 | O8: 검 토
Q11: 구 분 | R11: 확 인
Q12: 품 질 | R12: O O O (인)
Q13: 공 무 | R13: O O O (인)

Sheet DIA-INCH
B3: SIZE
B4: A(mm) | C4: Inch
B5: 8A | C5: 0.25
B6: 15A | C6: 0.5
B7: 20A | C7: 0.75
B8: 25A | C8: 1
B9: 32A | C9: 1.25
B10: 40A | C10: 1.5
B11: 50A | C11: 2
B12: 65A | C12: 2.5
B13: 80A | C13: 3
B14: 100A | C14: 4
B15: 110A | C15: 4
B16: 125A | C16: 5
... B27: 550A | C27: 22
