Workbook

Sheet 용역청구서 표지
B4: 용 역 청 구 서
B7: P4 Ph2 GAS&PCW 1공구
C8: S26-001
C14: 2026년 09월
C15: 대성이엔지

Sheet 용역 청구서(갑지)
A1: 용 역 청 구 서
A3: 1 | B3: 공 사 명 | C3: : | D3: ='용역청구서 표지'!$B$7 -> P4 Ph2 GAS&PCW 1공구 | E3: ='용역청구서 표지'!$C$8 -> S26-001
A4: 2 | B4: 공 종 | C4: : | D4: 외주용역(M/M부분)
A5: 3 | B5: 계 약 금 액 | C5: : | D5: =ROUNDUP(E5,0) -> 330000000 | E5: =집계장!J23 -> 330000000 | F5: (VAT 별도)
A6: 4 | B6: 누 계 기 성 금 액 | C6: : | D6: =ROUNDUP(E6,0) -> 330000000 | E6: =E7+E13 -> 330000000 | F6: (VAT 별도)
A7: 5 | B7: 전 회 기 성 금 액 | C7: : | D7: =ROUNDUP(E7,0) -> 130000000 | E7: =집계장!H22 -> 130000000 | F7: (VAT 별도)
A8: 6 | B8: 금 회 기 성 금 액 | C8: : | D8: =ROUNDUP(E8,0) -> 200000000 | E8: =집계장!I23 -> 200000000 | F8: (VAT 별도)
A9: 7 | B9: 선 금 액 | C9: : | D9: =ROUNDUP(E9,0) -> 0 | E9: =집계장!L21 -> 0 | F9: (VAT 별도)
A10: 8 | B10: 선 금 전 회 공 제 | C10: : | D10: =ROUNDUP(E10,0) -> 0 | E10: =집계장!H21 -> 0 | F10: (VAT 별도)
A11: 9 | B11: 선 금 금 회 공 제 | C11: : | D11: =ROUNDUP(E11,0) -> 0 | E11: =집계장!G21 -> 0 | F11: (VAT 별도)
A12: 10 | B12: 선 금 잔 여 금 액 | C12: : | D12: =ROUNDUP(E12,0) -> 0 | E12: =집계장!M21 -> 0 | F12: (VAT 별도)
A13: 11 | B13: 금 회 청 구 금 액 | C13: : | D13: =ROUNDUP(E13,0) -> 200000000 | E13: =집계장!G23 -> 200000000 | F13: (VAT 별도)
A14: 12 | B14: 잔 여 기 성 금 액 | C14: : | D14: =ROUNDUP(E14,0) -> 0 | F14: (VAT 별도)
A15: 13 | B15: 공 정 율 | C15: : | D15: 1
A16: 14 | B16: 청 구 공 사 기 간 | C16: : | D16: 2026. 09. 01 ~ 2026. 09. 30
B18: 위 공사의 하도급에 있어서 공사설계도서, 시방서,품질관리 기준 및 약정대로 시공 되었음을 확인하오며. 만약 귀사의 현장담당의 검사에
B19: 관하여 하자가 발견된 때에는 즉시 실액배상 또는 재 시공할것을 서약하고 이에 기성 청구서를 제출합니다.
B20: 상기건과 관련하여 본 청구 이전까지의 모든 대금은 수령하였음을 확약합니다.
F21: 작 성 일 : 2026 년 09 월 30 일
F23: 상 호 : | G23: 대성이엔지
B24: ※첨 부 : 기성내역서 1부. | F24: 주 소 : | G24: 경기도 파주시 파주읍 주라위길 380
F25: 대표이사 : | G25: 정 성 기 | I25: (인)
D26: ㈜케이씨이앤씨 귀하

Sheet 용역 내역서(을지)
A1: 용 역 내 역 서
A2: P4 Ph4 GAS 1공구 마감공사 | G2: 단위 : 원
A3: 품 명 | B3: 규 격 | C3: 단위 | D3: 단 가 | E3: 금 회 청 구
E4: 수 량 | F4: 금 액 | G4: 비 고
A5: 고급기술인 | B5: S+ | C5: M/M | D5: 1400000 | E5: 1 | F5: =D5*E5 -> 1400000
A6: 고급기술인 | B6: S | C6: M/M | D6: 1200000 | F6: =D6*E6 -> 0
A7: 중급기술인 | B7: A+ | C7: M/M | D7: 1000000 | F7: =D7*E7 -> 0
A8: 중급기술인 | B8: A | C8: M/M | D8: 900000 | F8: =D8*E8 -> 0
A9: 중급기술인 | B9: B+ | C9: M/M | D9: 800000 | F9: =D9*E9 -> 0
A10: 중급기술인 | B10: B | C10: M/M | D10: 700000 | F10: =D10*E10 -> 0
A11: 초급 기술인 | B11: C | C11: M/M | D11: 600000 | F11: =D11*E11 -> 0
A13: 인센티브 | E13: 0.01 | F13: =SUM(F5:F11)*E13 -> 14000
A15: 총 계 | E15: =SUM(E5:E11) -> 1 | F15: =SUM(F5:F13) -> 1414000

Sheet 내역서(을지)
A1: 용 역 내 역 서
A2: =집계장!B2 -> P4 Ph2 GAS&PCW 1공구 | G2: 단위 : 원
A3: 품 명 | B3: 규 격 | C3: 단위 | D3: 단 가 | E3: 금 회 청 구 | G3: 비 고
E4: 수 량 | F4: 금 액
A5: 고급기술인 | B5: S+ | C5: M/M | D5: 1400000 | E5: 8 | F5: =D5*E5 -> 11200000
A6: 고급기술인 | B6: S | C6: M/M | D6: 1200000 | E6: 2 | F6: =D6*E6 -> 2400000
A7: 중급기술인 | B7: A+ | C7: M/M | D7: 1000000 | E7: 6 | F7: =D7*E7 -> 6000000
A8: 중급기술인 | B8: A | C8: M/M | D8: 900000 | E8: 1 | F8: =D8*E8 -> 900000
A9: 중급기술인 | B9: B+ | C9: M/M | D9: 800000 | E9: 4 | F9: =D9*E9 -> 3200000
A10: 중급기술인 | B10: B | C10: M/M | D10: 700000 | E10: 9 | F10: =D10*E10 -> 6300000
A11: 초급기술인 | B11: C | C11: M/M | D11: 600000 | F11: =D11*E11 -> 0
A27: 총 계 | E27: =SUM(E5:E11) -> 30 | F27: =SUM(F5:F26) -> 30000000

Sheet 집계장
B2: ='용역청구서 표지'!$B$7 -> P4 Ph2 GAS&PCW 1공구
M3: ='용역청구서 표지'!$C$15 -> 대성이엔지
B4: 구분 | C4: 내역 | D4: 단위 | E4: 수량 | F4: 단가 | G4: 합계 | H4: 전회기성 | I4: 금회기성 | J4: 누계기성 | K4: 비 고
B5: 1. 물량 | C5: WELDING POINT | D5: D/I | E5: =SUM('물량 내역서'!$J$6:$J$28) -> 1094 | F5: =G5/E5 -> 475000 | G5: =SUM('물량 내역서'!$K$6:$K$28) -> 519650000 | H5: 4371662500 | I5: =G5 -> 519650000 | J5: =H5+I5 -> 4891312500
C6: VALVE 설치비 | D6: EA | E6: =SUM('물량 내역서'!$J$29:$J$51) -> 0 | F6: =G6/E6 -> #DIV/0! | G6: =SUM('물량 내역서'!$K$29:$K$51) -> 0 | H6: 0 | I6: =G6 -> 0 | J6: =H6+I6 -> 0
C7: 인원 실투입 | D7: M/D | E7: ='근로내역 (09월)'!AN162 -> 0 | F7: 0 | G7: =E7*F7 -> 0 | H7: 0 | I7: =G7 -> 0 | J7: =H7+I7 -> 0
B8: 2. 돌관비 | C8: 0.08 | D8: 式 | G8: =ROUND(G5*$C$8,) -> 41572000 | H8: 349733000 | I8: =G8 -> 41572000 | J8: =H8+I8 -> 391305000
B9: 소 계 | C9: 물량 | G9: =SUM(G5:G8) -> 561222000 | H9: =SUM(H5:H8) -> 4721395500 | I9: =SUM(I5:I8) -> 561222000 | J9: =SUM(J5:J8) -> 5282617500
B10: 2. 노무비 | C10: 직접노무비 | D10: 式 | E10: ='근로내역 (09월)'!AN150 -> 3892.875 | F10: =G10/E10 -> 197017.63 | G10: ='근로내역 (09월)'!AP150 -> 766965000 | H10: 3748363125 | I10: =G10 -> 766965000 | J10: =H10+I10 -> 4515328125
B11: 3. 숙소 및 식대 | C11: 임대료+관리비 | D11: 式 | E11: 1 | F11: =G11/E11 -> 53718770 | G11: =숙소임차료!I3+숙소관리비!I3 -> 53718770 | H11: 277467450 | I11: =G11 -> 53718770 | J11: =H11+I11 -> 331186220
C12: 식대 | D12: 式 | E12: 1 | F12: =G12/E12 -> 50466045 | G12: =식대비용!I3 -> 50466045 | H12: 241996500 | I12: =G12 -> 50466045 | J12: =H12+I12 -> 292462545
B13: 4. 기타 공제 내역 | D13: 式 | F13: 0 | G13: =E13*F13 -> 0 | I13: =G13 -> 0 | J13: =H13+I13 -> 0
B14: 소 계 | C14: 공제 | G14: =SUM(G10:G13) -> 871149815 | H14: =SUM(H10:H13) -> 4267827075 | I14: =G14 -> 871149815 | J14: =H14+I14 -> 5138976890 | N14: =+I12+I11 -> 104184815
B15: 합 계 | C15: 기성 (물량-공제) | G15: =G9-G14 -> -309927815 | H15: =H9-H14 -> 453568425 | I15: =G15 -> -309927815 | J15: =H15+I15 -> 143640610
B16: 5. 유보금 | C16: 기성금*XX% | D16: 式 | G16: -509927815 | H16: 323568425 | I16: =G16 -> -509927815 | J16: =H16+I16 -> -186359390
B17: 6. 유보금 차액 | C17: 전회 누계유보금 | D17: 式 | I17: =G17 -> 0 | J17: =H17+I17 -> 0
B18: 7. NEGO | C18: NEGO | D18: 式 | I18: =G18 -> 0
B19: 총 계 | C19: 최종기성 | G19: =G15-G16-G17-G18 -> 200000000 | H19: =H15-H16-H17-H18 -> 130000000 | I19: =I15-I16-I17-I18 -> 200000000 | J19: =J15-J16-J17-J18 -> 330000000
B20: 선급금 | C20: 선수공제 | D20: 式 | G20: 0 | I20: =G20 -> 0 | J20: =H20+I20 -> 0 | L20: 지급 선급금 | M20: 선급금 차액
C21: 단수정리 | D21: 式 | G21: =ROUNDDOWN(G20,-5) -> 0 | I21: =G21 -> 0 | J21: =H21+I21 -> 0 | K21: 만 단위 이하 절사
B22: 공제 후 실 지급액 | G22: =G19-G21 -> 200000000 | H22: =H19-H21 -> 130000000 | I22: =G22 -> 200000000 | J22: =H22+I22 -> 330000000
B23: 세금계산서 기준 | G23: =ROUNDDOWN(G22,-5) -> 200000000 | H23: =ROUNDDOWN(H22,-5) -> 130000000 | I23: =G23 -> 200000000 | J23: =ROUNDDOWN(J22,-5) -> 330000000 | K23: 만 단위 이하 절사
B24: TERMS AND CONDITIONS | E24: NOTE
B25: 1. 납 기 : KCEnC 지정 납기로 별도 협의 하에 결정하는 것으로 함.
B26: 2. 지불조건 : KCEnC 지불 조건에 따름.
B27: 3. 유효기간 : 기성 제출일로 부터 30일 이내

Sheet 물량 내역서
A1: 2026년 (09)월 물량 내역서
A2: ='용역청구서 표지'!$B$7 -> P4 Ph2 GAS&PCW 1공구 | M2: 단위 : 원
A3: 품 명 | B3: 규 격 | C3: 단위 | D3: W/P 수량 | E3: 단 가 | F3: 계 약 내 역 | H3: 전 회 누 계 물 량 | J3: 금 회 물 량 | L3: 누 계 물 량
F4: D/I 수량 | G4: 금액 | H4: D/I 수량 | I4: 금액 | J4: D/I 수량 | K4: 금액 | L4: D/I 수량 | M4: 금액
A6: WEDING POINT | B6: 8A | C6: POINT | D6: 0 | E6: 475000 | F6: =L6 -> 0 | G6: =M6 -> 0 | J6: =$D6*'DIA-INCH'!$C5 -> 0 | K6: =$E6*$J6 -> 0 | L6: =H6+J6 -> 0 | M6: =I6+K6 -> 0
A7: WEDING POINT | B7: 15A | C7: POINT | D7: 0 | E7: 475000 | F7: =L7 -> 0 | G7: =M7 -> 0 | J7: =$D7*'DIA-INCH'!$C6 -> 0 | K7: =$E7*$J7 -> 0 | L7: =H7+J7 -> 0 | M7: =I7+K7 -> 0
A8: WEDING POINT | B8: 20A | C8: POINT | D8: 0 | E8: 475000 | F8: =L8 -> 0 | G8: =M8 -> 0 | J8: =$D8*'DIA-INCH'!$C7 -> 0 | K8: =$E8*$J8 -> 0 | L8: =H8+J8 -> 0 | M8: =I8+K8 -> 0
A9: WEDING POINT | B9: 25A | C9: POINT | D9: 238 | E9: 475000 | F9: =L9 -> 1056 | G9: =M9 -> 501600000 | H9: 818 | I9: 388550000 | J9: =$D9*'DIA-INCH'!$C8 -> 238 | K9: =$E9*$J9 -> 113050000 | L9: =H9+J9 -> 1056 | M9: =I9+K9 -> 501600000
A10: WEDING POINT | B10: 32A | C10: POINT | D10: 0 | E10: 475000 | F10: =L10 -> 0 | G10: =M10 -> 0 | H10: 0 | I10: 0 | J10: =$D10*'DIA-INCH'!$C9 -> 0 | K10: =$E10*$J10 -> 0 | L10: =H10+J10 -> 0 | M10: =I10+K10 -> 0
A11: WEDING POINT | B11: 40A | C11: POINT | D11: 50 | E11: 475000 | F11: =L11 -> 904.5 | G11: =M11 -> 429637500 | H11: 829.5 | I11: 394012500 | J11: =$D11*'DIA-INCH'!$C10 -> 75 | K11: =$E11*$J11 -> 35625000 | L11: =H11+J11 -> 904.5 | M11: =I11+K11 -> 429637500
A12: WEDING POINT | B12: 50A | C12: POINT | D12: 44 | E12: 475000 | F12: =L12 -> 614 | G12: =M12 -> 291650000 | H12: 526 | I12: 249850000 | J12: =$D12*'DIA-INCH'!$C11 -> 88 | K12: =$E12*$J12 -> 41800000 | L12: =H12+J12 -> 614 | M12: =I12+K12 -> 291650000
A13: WEDING POINT | B13: 65A | C13: POINT | D13: 80 | E13: 475000 | F13: =L13 -> 1070 | G13: =M13 -> 508250000 | H13: 870 | I13: 413250000 | J13: =$D13*'DIA-INCH'!$C12 -> 200 | K13: =$E13*$J13 -> 95000000 | L13: =H13+J13 -> 1070 | M13: =I13+K13 -> 508250000
A14: WEDING POINT | B14: 80A | C14: POINT | D14: 41 | E14: 475000 | F14: =L14 -> 534 | G14: =M14 -> 253650000 | H14: 411 | I14: 195225000 | J14: =$D14*'DIA-INCH'!$C13 -> 123 | K14: =$E14*$J14 -> 58425000 | L14: =H14+J14 -> 534 | M14: =I14+K14 -> 253650000
A15: WEDING POINT | B15: 100A | C15: POINT | D15: 33 | E15: 475000 | F15: =L15 -> 852 | G15: =M15 -> 404700000 | H15: 720 | I15: 342000000 | J15: =$D15*'DIA-INCH'!$C14 -> 132 | K15: =$E15*$J15 -> 62700000 | L15: =H15+J15 -> 852 | M15: =I15+K15 -> 404700000
A16: WEDING POINT | B16: 110A | C16: POINT | D16: 0 | E16: 475000 | F16: =L16 -> 0 | G16: =M16 -> 0 | H16: 0 | I16: 0 | J16: =$D16*'DIA-INCH'!$C15 -> 0 | K16: =$E16*$J16 -> 0 | L16: =H16+J16 -> 0 | M16: =I16+K16 -> 0
A17: WEDING POINT | B17: 125A | C17: POINT | D17: 38 | E17: 475000 | F17: =L17 -> 3355 | G17: =M17 -> 1593625000 | H17: 3165 | I17: 1503375000 | J17: =$D17*'DIA-INCH'!$C16 -> 190 | K17: =$E17*$J17 -> 90250000 | L17: =H17+J17 -> 3355 | M17: =I17+K17 -> 1593625000
A18: WEDING POINT | B18: 150A | C18: POINT | D18: 0 | E18: 475000 | F18: =L18 -> 48 | G18: =M18 -> 22800000 | H18: 48 | I18: 22800000 | J18: =$D18*'DIA-INCH'!$C17 -> 0 | K18: =$E18*$J18 -> 0 | L18: =H18+J18 -> 48 | M18: =I18+K18 -> 22800000
A19: WEDING POINT | B19: 175A | C19: POINT | D19: 0 | E19: 475000 | F19: =L19 -> 0 | G19: =M19 -> 0 | H19: 0 | I19: 0 | J19: =$D19*'DIA-INCH'!$C18 -> 0 | K19: =$E19*$J19 -> 0 | L19: =H19+J19 -> 0 | M19: =I19+K19 -> 0
A20: WEDING POINT | B20: 200A | C20: POINT | D20: 6 | E20: 475000 | F20: =L20 -> 1584 | G20: =M20 -> 752400000 | H20: 1536 | I20: 729600000 | J20: =$D20*'DIA-INCH'!$C19 -> 48 | K20: =$E20*$J20 -> 22800000 | L20: =H20+J20 -> 1584 | M20: =I20+K20 -> 752400000
... A23: WEDING POINT | B23: 300A | C23: POINT | D23: 0 | E23: 475000 | F23: =L23 -> 120 | G23: =M23 -> 57000000 | H23: 120 | I23: 57000000 | J23: =$D23*'DIA-INCH'!$C22 -> 0 | K23: =$E23*$J23 -> 0 | L23: =H23+J23 -> 120 | M23: =I23+K23 -> 57000000
A24: WEDING POINT | B24: 350A | C24: POINT | D24: 0 | E24: 475000 | F24: =L24 -> 0 | G24: =M24 -> 0 | J24: =$D24*'DIA-INCH'!$C23 -> 0 | K24: =$E24*$J24 -> 0 | L24: =H24+J24 -> 0 | M24: =I24+K24 -> 0
A25: WEDING POINT | B25: 400A | C25: POINT | D25: 0 | E25: 475000 | F25: =L25 -> 0 | G25: =M25 -> 0 | J25: =$D25*'DIA-INCH'!$C24 -> 0 | K25: =$E25*$J25 -> 0 | L25: =H25+J25 -> 0 | M25: =I25+K25 -> 0
A26: WEDING POINT | B26: 450A | C26: POINT | D26: 0 | E26: 475000 | F26: =L26 -> 0 | G26: =M26 -> 0 | J26: =$D26*'DIA-INCH'!$C25 -> 0 | K26: =$E26*$J26 -> 0 | L26: =H26+J26 -> 0 | M26: =I26+K26 -> 0
A27: WEDING POINT | B27: 500A | C27: POINT | D27: 0 | E27: 475000 | F27: =L27 -> 0 | G27: =M27 -> 0 | J27: =$D27*'DIA-INCH'!$C26 -> 0 | K27: =$E27*$J27 -> 0 | L27: =H27+J27 -> 0 | M27: =I27+K27 -> 0
A28: WEDING POINT | B28: 550A | C28: POINT | D28: 0 | E28: 475000 | F28: =L28 -> 0 | G28: =M28 -> 0 | J28: =$D28*'DIA-INCH'!$C27 -> 0 | K28: =$E28*$J28 -> 0 | L28: =H28+J28 -> 0 | M28: =I28+K28 -> 0
A29: VALVE 설치비 | B29: 8A | C29: EA | D29: 0 | E29: =$E$32*'DIA-INCH'!$C5 -> 12500 | F29: =L29 -> 0 | G29: =M29 -> 0 | J29: =D29 -> 0 | K29: =$J29*$E29 -> 0 | L29: =H29+J29 -> 0 | M29: =I29+K29 -> 0
A30: VALVE 설치비 | B30: 15A | C30: EA | E30: =$E$32*'DIA-INCH'!$C6 -> 25000 | F30: =L30 -> 0 | G30: =M30 -> 0 | J30: =D30 -> 0 | K30: =$J30*$E30 -> 0 | L30: =H30+J30 -> 0 | M30: =I30+K30 -> 0
A31: VALVE 설치비 | B31: 20A | C31: EA | E31: =$E$32*'DIA-INCH'!$C7 -> 37500 | F31: =L31 -> 0 | G31: =M31 -> 0 | J31: =D31 -> 0 | K31: =$J31*$E31 -> 0 | L31: =H31+J31 -> 0 | M31: =I31+K31 -> 0
A32: VALVE 설치비 | B32: 25A | C32: EA | E32: 50000 | F32: =L32 -> 0 | G32: =M32 -> 0 | J32: =D32 -> 0 | K32: =$J32*$E32 -> 0 | L32: =H32+J32 -> 0 | M32: =I32+K32 -> 0
A33: VALVE 설치비 | B33: 32A | C33: EA | E33: =$E$32*'DIA-INCH'!$C9 -> 62500 | F33: =L33 -> 0 | G33: =M33 -> 0 | J33: =D33 -> 0 | K33: =$J33*$E33 -> 0 | L33: =H33+J33 -> 0 | M33: =I33+K33 -> 0
A34: VALVE 설치비 | B34: 40A | C34: EA | E34: =$E$32*'DIA-INCH'!$C10 -> 75000 | F34: =L34 -> 0 | G34: =M34 -> 0 | J34: =D34 -> 0 | K34: =$J34*$E34 -> 0 | L34: =H34+J34 -> 0 | M34: =I34+K34 -> 0
A35: VALVE 설치비 | B35: 50A | C35: EA | E35: =$E$32*'DIA-INCH'!$C11 -> 100000 | F35: =L35 -> 0 | G35: =M35 -> 0 | J35: =D35 -> 0 | K35: =$J35*$E35 -> 0 | L35: =H35+J35 -> 0 | M35: =I35+K35 -> 0
A36: VALVE 설치비 | B36: 65A | C36: EA | E36: =$E$32*'DIA-INCH'!$C12 -> 125000 | F36: =L36 -> 0 | G36: =M36 -> 0 | J36: =D36 -> 0 | K36: =$J36*$E36 -> 0 | L36: =H36+J36 -> 0 | M36: =I36+K36 -> 0
A37: VALVE 설치비 | B37: 80A | C37: EA | E37: =$E$32*'DIA-INCH'!$C13 -> 150000 | F37: =L37 -> 0 | G37: =M37 -> 0 | J37: =D37 -> 0 | K37: =$J37*$E37 -> 0 | L37: =H37+J37 -> 0 | M37: =I37+K37 -> 0
A38: VALVE 설치비 | B38: 100A | C38: EA | E38: =$E$32*'DIA-INCH'!$C14 -> 200000 | F38: =L38 -> 0 | G38: =M38 -> 0 | J38: =D38 -> 0 | K38: =$J38*$E38 -> 0 | L38: =H38+J38 -> 0 | M38: =I38+K38 -> 0
A39: VALVE 설치비 | B39: 110A | C39: EA | E39: =$E$32*'DIA-INCH'!$C15 -> 200000 | F39: =L39 -> 0 | G39: =M39 -> 0 | J39: =D39 -> 0 | K39: =$J39*$E39 -> 0 | L39: =H39+J39 -> 0 | M39: =I39+K39 -> 0
A40: VALVE 설치비 | B40: 125A | C40: EA | E40: =$E$32*'DIA-INCH'!$C16 -> 250000 | F40: =L40 -> 0 | G40: =M40 -> 0 | J40: =D40 -> 0 | K40: =$J40*$E40 -> 0 | L40: =H40+J40 -> 0 | M40: =I40+K40 -> 0
A41: VALVE 설치비 | B41: 150A | C41: EA | E41: =$E$32*'DIA-INCH'!$C17 -> 300000 | F41: =L41 -> 0 | G41: =M41 -> 0 | J41: =D41 -> 0 | K41: =$J41*$E41 -> 0 | L41: =H41+J41 -> 0 | M41: =I41+K41 -> 0
A42: VALVE 설치비 | B42: 175A | C42: EA | E42: =$E$32*'DIA-INCH'!$C18 -> 350000 | F42: =L42 -> 0 | G42: =M42 -> 0 | J42: =D42 -> 0 | K42: =$J42*$E42 -> 0 | L42: =H42+J42 -> 0 | M42: =I42+K42 -> 0
A43: VALVE 설치비 | B43: 200A | C43: EA | E43: =$E$32*'DIA-INCH'!$C19 -> 400000 | F43: =L43 -> 0 | G43: =M43 -> 0 | J43: =D43 -> 0 | K43: =$J43*$E43 -> 0 | L43: =H43+J43 -> 0 | M43: =I43+K43 -> 0
A44: VALVE 설치비 | B44: 225A | C44: EA | E44: =$E$32*'DIA-INCH'!$C20 -> 450000 | F44: =L44 -> 0 | G44: =M44 -> 0 | J44: =D44 -> 0 | K44: =$J44*$E44 -> 0 | L44: =H44+J44 -> 0 | M44: =I44+K44 -> 0
... A51: VALVE 설치비 | B51: 550A | C51: EA | E51: =$E$32*'DIA-INCH'!$C27 -> 1100000 | F51: =L51 -> 0 | G51: =M51 -> 0 | J51: =D51 -> 0 | K51: =$J51*$E51 -> 0 | L51: =H51+J51 -> 0 | M51: =I51+K51 -> 0
A52: 합 계 | F52: =SUM(F6:F51) -> 10297.5 | G52: =SUM(G6:G51) -> 4891312500 | H52: =SUM(H6:H51) -> 9203.5 | I52: =SUM(I6:I51) -> 4371662500 | J52: =SUM(J6:J51) -> 1094 | K52: =SUM(K6:K51) -> 519650000 | L52: =SUM(L6:L51) -> 10297.5 | M52: =SUM(M6:M51) -> 4891312500

Sheet 근로내역 (09월)
A1: 2026년 ( 09 )월 일용 노무비명세서 | AH1: 현장명 | AM1: ='용역청구서 표지'!$B$7 -> P4 Ph2 GAS&PCW 1공구
AH2: 현장소장 | AM2: 조 수 원
AH3: 잡코드 | AM3: ='용역청구서 표지'!$C$8 -> S26-001
A5: 번호 | B5: 성명 | C5: 주민등록번호 | D5: 직종 | E5: 연락처(H.P) | F5: 은행명 | G5: 예금주 | H5: 계좌번호 | I5: 1 | J5: 2 | K5: 3 | L5: 4 | M5: 5 | N5: 6 | O5: 7 | P5: 8 | Q5: 9 | R5: 10 | S5: 11 | T5: 12 | U5: 13 | V5: 14 | W5: 15 | X5: 16 | Y5: 17 | Z5: 18 | AA5: 19 | AB5: 20 | AC5: 21 | AD5: 22 | AE5: 23 | AF5: 24 | AG5: 25 | AH5: 26 | AI5: 27 | AJ5: 28 | AK5: 29 | AL5: 30 | AM5: 31 | AN5: 공수 | AO5: 단가 | AP5: 총액
A6: 1 | B6: 강경호 | C6: 931011-1072918 | D6: 공사보조 | E6: 010-5396-5444 | F6: 신한 | G6: 강경호 | H6: 110-371-147243 | I6: 2 | J6: 2 | K6: 1.75 | L6: 2 | O6: 2 | P6: 2 | Q6: 2 | R6: 2 | S6: 2 | V6: 1 | W6: 2 | X6: 2 | Y6: 2 | Z6: 2 | AC6: 2 | AD6: 1 | AJ6: 2 | AK6: 2 | AL6: 2 | AN6: =SUM(I6:AM6) -> 35.75 | AO6: 180000 | AP6: =AN6*AO6 -> 6435000
A7: 2 | B7: 강동우 | C7: 810127-1026118 | D7: 공사보조 | E7: 010-5289-5546 | F7: 기업 | G7: 강동우 | H7: 186-094740-01-017 | I7: 2 | J7: 2 | K7: 2 | L7: 2 | O7: 2 | P7: 2 | Q7: 2 | R7: 2 | S7: 2 | V7: 0.5 | W7: 1.5 | X7: 1 | Y7: 1.5 | Z7: 1 | AC7: 1.5 | AD7: 1 | AE7: 0.5 | AJ7: 1 | AK7: 0.5 | AL7: 1 | AN7: =SUM(I7:AM7) -> 29 | AO7: 240000 | AP7: =AN7*AO7 -> 6960000
A8: 3 | B8: 한상웅 | C8: 710125-1030325 | D8: 보통인부 | E8: 010-4605-7551 | F8: 신한 | G8: 한상웅 | H8: 110-102-897589 | I8: 1.5 | J8: 1.5 | AN8: =SUM(I8:AM8) -> 3 | AO8: 170000 | AP8: =AN8*AO8 -> 510000
A9: 4 | B9: 강인기 | C9: 020528-3912419 | D9: 보통인부 | E9: 010-9325-6120 | F9: 농협 | G9: 강인기 | H9: 352-1618-5074-53 | I9: 2 | J9: 2 | K9: 2 | L9: 2 | O9: 2 | P9: 2 | Q9: 2 | R9: 2 | S9: 2 | V9: 1 | W9: 2 | X9: 2 | Y9: 2 | Z9: 2 | AC9: 2 | AD9: 2 | AJ9: 2 | AK9: 2 | AL9: 2 | AN9: =SUM(I9:AM9) -> 37 | AO9: 160000 | AP9: =AN9*AO9 -> 5920000
A10: 5 | B10: 강희수 | C10: 730210-1029411 | D10: 도비공 | E10: 010-9561-6101 | F10: 신한 | G10: 강희수 | H10: 110-490-486591 | I10: 1.5 | J10: 1.5 | K10: 1 | L10: 1 | O10: 1 | P10: 1.5 | Q10: 1 | R10: 1.5 | S10: 1 | V10: 1 | W10: 1.5 | X10: 1 | Y10: 1.5 | Z10: 0.5 | AC10: 1.5 | AD10: 1 | AE10: 0.5 | AJ10: 1 | AK10: 1.5 | AL10: 1 | AN10: =SUM(I10:AM10) -> 23 | AO10: 210000 | AP10: =AN10*AO10 -> 4830000
A11: 6 | B11: 권국진 | C11: 690215-1017539 | D11: 보통인부 | E11: 010-4346-0215 | F11: 국민 | G11: 권국진 | H11: 357-21-0173-310 | I11: 2 | J11: 2 | K11: 2 | L11: 2 | O11: 2 | P11: 2 | Q11: 2 | R11: 2 | S11: 2 | V11: 1 | W11: 2 | X11: 2 | Y11: 2 | Z11: 2 | AC11: 2 | AD11: 2 | AJ11: 2 | AK11: 2 | AL11: 2 | AN11: =SUM(I11:AM11) -> 37 | AO11: 170000 | AP11: =AN11*AO11 -> 6290000
A12: 7 | B12: 김대욱 | C12: 890712-1058810 | D12: 용접공 | E12: 010-3646-9962 | F12: 신한 | G12: 김대욱 | H12: 110-248-997659 | I12: 2 | J12: 2 | K12: 2 | L12: 2 | O12: 2 | P12: 2 | Q12: 2 | R12: 2 | S12: 2 | V12: 1 | W12: 2 | X12: 2 | Y12: 2 | Z12: 2 | AC12: 2 | AD12: 2 | AJ12: 2 | AK12: 2 | AL12: 2 | AN12: =SUM(I12:AM12) -> 37 | AO12: 240000 | AP12: =AN12*AO12 -> 8880000
A13: 8 | B13: 김대환 | C13: 861013-1652817 | D13: 배관공 | E13: 010-7523-3699 | F13: 농협 | G13: 김대환 | H13: 669-02-331305 | I13: 2 | J13: 2 | K13: 2 | L13: 2 | O13: 2 | P13: 2 | Q13: 2 | R13: 2 | S13: 2 | V13: 1 | W13: 2 | X13: 2 | Y13: 2 | Z13: 2 | AC13: 2 | AD13: 2 | AJ13: 2 | AK13: 2 | AL13: 2 | AN13: =SUM(I13:AM13) -> 37 | AO13: 240000 | AP13: =AN13*AO13 -> 8880000
A14: 9 | B14: 김재일 | C14: 700429-1846715 | D14: 보통인부 | E14: 010-2700-6160 | F14: 토스뱅크 | G14: 김재일 | H14: 1002-5523-2883 | I14: 1.5 | J14: 1.5 | K14: 1 | L14: 1 | AN14: =SUM(I14:AM14) -> 5 | AO14: 170000 | AP14: =AN14*AO14 -> 850000
A15: 10 | B15: 김택수 | C15: 751221-1663222 | D15: 보통인부 | E15: 010-7942-1751 | F15: 우리 | G15: 김택수 | H15: 1002-339-327014 | I15: 2 | J15: 2 | K15: 2 | L15: 2 | AN15: =SUM(I15:AM15) -> 8 | AO15: 160000 | AP15: =AN15*AO15 -> 1280000
A16: 11 | B16: 김무열 | C16: 690417-1041629 | D16: 배관공 | E16: 010-4797-4619 | F16: 농협 | G16: 김무열 | H16: 170189-56-105161 | I16: 1.5 | J16: 1.5 | K16: 1 | L16: 1 | M16: 1 | O16: 1 | P16: 1.5 | Q16: 1 | R16: 1.5 | S16: 1 | T16: 0.5 | V16: 1 | W16: 1.5 | X16: 1 | Y16: 1.5 | Z16: 1 | AA16: 1 | AC16: 1.5 | AD16: 1 | AE16: 1 | AJ16: 1 | AK16: 1 | AL16: 2 | AN16: =SUM(I16:AM16) -> 27 | AO16: 240000 | AP16: =AN16*AO16 -> 6480000
A17: 12 | B17: 김민재 | C17: 940217-1474315 | D17: 배관공 | E17: 010-9961-0647 | F17: 국민 | G17: 김민재 | H17: 240801-04-477184 | I17: 1.5 | J17: 1.5 | K17: 1 | L17: 1 | M17: 1 | O17: 1 | P17: 1.5 | Q17: 1 | R17: 1.5 | S17: 1 | T17: 1 | V17: 1 | W17: 1.5 | X17: 1 | Y17: 1.5 | Z17: 1 | AA17: 1 | AC17: 1.5 | AD17: 1 | AE17: 1 | AJ17: 1 | AK17: 1.5 | AL17: 1 | AN17: =SUM(I17:AM17) -> 27 | AO17: 230000 | AP17: =AN17*AO17 -> 6210000
A18: 13 | B18: 김상수 | C18: 760616-1535318 | D18: 보통인부 | E18: 010-4812-3459 | F18: 농협 | G18: 김상수 | H18: 351-0468-2919-93 | I18: 1.5 | J18: 1.5 | K18: 1 | L18: 1 | M18: 1 | O18: 1 | P18: 1.5 | Q18: 1 | R18: 1.5 | S18: 1 | V18: 1 | W18: 1.5 | X18: 1 | Y18: 1.5 | Z18: 1 | AA18: 1 | AC18: 1.5 | AD18: 1 | AE18: 1 | AJ18: 1 | AK18: 1.5 | AL18: 1 | AN18: =SUM(I18:AM18) -> 26 | AO18: 160000 | AP18: =AN18*AO18 -> 4160000
A19: 14 | B19: 김세관 | C19: 860815-1912515 | D19: 도비공 | E19: 010-4171-9729 | F19: 카카오뱅크 | G19: 김세관 | H19: 3333-08-5239539 | I19: 2 | J19: 2 | K19: 2 | L19: 2 | O19: 2 | P19: 2 | Q19: 2 | R19: 2 | S19: 2 | W19: 1.5 | X19: 1 | Y19: 1.5 | Z19: 1 | AA19: 1 | AC19: 1.5 | AD19: 1 | AE19: 0.5 | AJ19: 1 | AK19: 1.5 | AL19: 1 | AN19: =SUM(I19:AM19) -> 30.5 | AO19: 200000 | AP19: =AN19*AO19 -> 6100000
A20: 15 | B20: 김세영 | C20: 710324-1026013 | D20: 보통인부 | E20: 010-9087-3534 | F20: 신한 | G20: 김세영 | H20: 110-461-373992 | I20: 1.5 | J20: 1.5 | K20: 1 | L20: 1 | M20: 1 | O20: 1 | P20: 1.5 | Q20: 1 | R20: 1.5 | S20: 1 | T20: 1 | V20: 1 | W20: 1.5 | X20: 1 | Z20: 1 | AA20: 1 | AC20: 1.5 | AD20: 1 | AE20: 1 | AJ20: 1 | AK20: 1 | AL20: 1 | AN20: =SUM(I20:AM20) -> 25 | AO20: 160000 | AP20: =AN20*AO20 -> 4000000
A21: 16 | B21: 김세한 | C21: 721013-1067215 | D21: 보통인부 | E21: 010-8848-5060 | F21: 하나 | G21: 김세한 | H21: 298-910970-10507 | I21: 2 | J21: 2 | K21: 2 | L21: 2 | O21: 2 | P21: 2 | Q21: 2 | R21: 2 | S21: 2 | V21: 1 | W21: 2 | X21: 2 | Y21: 2 | Z21: 2 | AC21: 2 | AD21: 2 | AJ21: 2 | AK21: 2 | AL21: 2 | AN21: =SUM(I21:AM21) -> 37 | AO21: 160000 | AP21: =AN21*AO21 -> 5920000
A22: 17 | B22: 김슬기 | C22: 940216-2476212 | D22: 보통인부 | E22: 010-4565-0216 | F22: 카카오뱅크 | G22: 김슬기 | H22: 3333-26-1255102 | I22: 1.5 | J22: 1.5 | K22: 1 | L22: 1 | M22: 1 | O22: 1 | P22: 1.5 | Q22: 1 | R22: 1.5 | V22: 1 | W22: 1.5 | Y22: 1.5 | Z22: 1 | AA22: 1 | AC22: 1.5 | AD22: 1 | AJ22: 1 | AK22: 1.5 | AL22: 1 | AN22: =SUM(I22:AM22) -> 23 | AO22: 150000 | AP22: =AN22*AO22 -> 3450000
A23: 18 | B23: 김영도 | C23: 701220-1623625 | D23: 보통인부 | E23: 010-9839-3839 | F23: 국민 | G23: 김영도 | H23: 916401-01-366618 | I23: 1.5 | J23: 1.5 | K23: 1 | L23: 1 | O23: 1 | P23: 1.5 | Q23: 1 | R23: 1.5 | S23: 1 | T23: 1 | V23: 1 | W23: 1.5 | X23: 1 | Z23: 1 | AA23: 1 | AC23: 1.5 | AD23: 1 | AE23: 1 | AJ23: 1 | AK23: 1.5 | AL23: 1 | AN23: =SUM(I23:AM23) -> 24.5 | AO23: 160000 | AP23: =AN23*AO23 -> 3920000
A24: 19 | B24: 김용기 | C24: 860712-1036817 | D24: 배관공 | E24: 010-2222-3295 | F24: 국민 | G24: 김용기 | H24: 442802-01-189872 | I24: 2 | J24: 2 | K24: 2 | L24: 2 | O24: 2 | P24: 2 | Q24: 2 | R24: 2 | S24: 2 | V24: 1 | W24: 0.5 | Y24: 2 | Z24: 2 | AC24: 2 | AD24: 2 | AJ24: 2 | AK24: 2 | AL24: 2 | AN24: =SUM(I24:AM24) -> 33.5 | AO24: 220000 | AP24: =AN24*AO24 -> 7370000
A25: 20 | B25: 김의찬 | C25: 810916-1090421 | D25: 보통인부 | E25: 010-7748-9382 | F25: 국민 | G25: 김의찬 | H25: 121802-04-157456 | I25: 2 | J25: 2 | K25: 2 | L25: 2 | O25: 2 | P25: 2 | Q25: 2 | R25: 2 | S25: 2 | V25: 1 | W25: 2 | X25: 2 | Y25: 2 | Z25: 2 | AC25: 2 | AD25: 2 | AJ25: 2 | AK25: 2 | AL25: 2 | AN25: =SUM(I25:AM25) -> 37 | AO25: 170000 | AP25: =AN25*AO25 -> 6290000
A26: 21 | B26: 김재윤 | C26: 861216-1157613 | D26: 용접공 | E26: 010-3955-1110 | F26: 신한 | G26: 김재윤 | H26: 110-305-768530 | I26: 2 | J26: 2 | K26: 2 | L26: 2 | O26: 2 | P26: 2 | Q26: 2 | R26: 2 | S26: 2 | V26: 1 | W26: 2 | X26: 2 | Y26: 2 | Z26: 2 | AC26: 2 | AD26: 2 | AJ26: 2 | AK26: 2 | AL26: 2 | AN26: =SUM(I26:AM26) -> 37 | AO26: 250000 | AP26: =AN26*AO26 -> 9250000
A27: 22 | B27: 정의승 | C27: 881019-1199017 | D27: 배관공 | E27: 010-2486-1411 | F27: 국민 | G27: 정의승 | H27: 91024861411 | I27: 2 | K27: 2 | L27: 2 | AN27: =SUM(I27:AM27) -> 6 | AO27: 230000 | AP27: =AN27*AO27 -> 1380000
A28: 23 | B28: 김정규 | C28: 821122-1047416 | D28: 보통인부 | E28: 010-3240-6194 | F28: 국민 | G28: 김정규 | H28: 757101-04-044154 | I28: 2 | J28: 2 | K28: 2 | L28: 2 | O28: 2 | P28: 2 | Q28: 2 | R28: 2 | S28: 2 | V28: 1 | W28: 2 | X28: 2 | Y28: 2 | Z28: 2 | AJ28: 0.25 | AN28: =SUM(I28:AM28) -> 27.25 | AO28: 160000 | AP28: =AN28*AO28 -> 4360000
A29: 24 | B29: 김정인 | C29: 911224-1235320 | D29: 용접공 | E29: 010-3175-7994 | F29: 기업 | G29: 김정인 | H29: 010-3175-7994 | I29: 1 | J29: 2 | K29: 2 | L29: 2 | O29: 2 | P29: 2 | Q29: 2 | R29: 2 | S29: 2 | V29: 1 | W29: 2 | X29: 2 | Y29: 2 | Z29: 2 | AC29: 2 | AD29: 2 | AJ29: 2 | AK29: 2 | AL29: 2 | AN29: =SUM(I29:AM29) -> 36 | AO29: 250000 | AP29: =AN29*AO29 -> 9000000
A30: 25 | B30: 김종완 | C30: 740404-1471013 | D30: 배관공 | E30: 010-9983-3546 | F30: 우리 | G30: 김종완 | H30: 1006-001-448823 | I30: 1.5 | J30: 1.5 | K30: 1 | L30: 1 | M30: 1 | O30: 1 | P30: 1.5 | Q30: 1 | R30: 1.5 | S30: 1 | T30: 1 | V30: 1 | W30: 1.5 | X30: 1 | Y30: 1.5 | Z30: 1 | AA30: 1 | AC30: 1.5 | AD30: 1 | AE30: 1 | AJ30: 1 | AK30: 1 | AL30: 2 | AN30: =SUM(I30:AM30) -> 27.5 | AO30: 210000 | AP30: =AN30*AO30 -> 5775000
A31: 26 | B31: 김주연 | C31: 930719-1113812 | D31: 보통인부 | E31: 010-4729-7217 | F31: 농협 | G31: 김주연 | H31: 351-0768-6263-33 | I31: 2 | J31: 2 | K31: 2 | L31: 2 | O31: 2 | P31: 2 | Q31: 2 | R31: 2 | S31: 2 | V31: 1 | W31: 2 | X31: 2 | Y31: 2 | Z31: 2 | AC31: 2 | AD31: 2 | AJ31: 2 | AK31: 2 | AL31: 2 | AN31: =SUM(I31:AM31) -> 37 | AO31: 160000 | AP31: =AN31*AO31 -> 5920000
A32: 27 | B32: 김지민 | C32: 930707-1150011 | D32: 배관공 | E32: 010-8000-2457 | F32: 카카오뱅크 | G32: 김지민 | H32: 3333-13-9046173 | I32: 2 | J32: 2 | K32: 2 | L32: 2 | O32: 2 | P32: 2 | Q32: 2 | R32: 2 | V32: 1 | W32: 1.5 | X32: 1 | Y32: 1.5 | Z32: 1 | AA32: 1 | AC32: 1.5 | AD32: 1 | AE32: 1 | AJ32: 1 | AK32: 1.5 | AL32: 1 | AN32: =SUM(I32:AM32) -> 30 | AO32: 220000 | AP32: =AN32*AO32 -> 6600000
A33: 28 | B33: 김지성 | C33: 040726-3071113 | D33: 보통인부 | E33: 010-3116-4011 | F33: 신한 | G33: 김지성 | H33: 110-522-521550 | I33: 2 | J33: 2 | K33: 2 | L33: 2 | O33: 2 | P33: 2 | Q33: 2 | R33: 2 | S33: 2 | V33: 1 | W33: 1.5 | X33: 1 | Y33: 2 | Z33: 2 | AC33: 2 | AD33: 2 | AJ33: 2 | AK33: 2 | AL33: 2 | AN33: =SUM(I33:AM33) -> 35.5 | AO33: 150000 | AP33: =AN33*AO33 -> 5325000
A34: 29 | B34: 김진 | C34: 840728-1235014 | D34: 공사보조 | E34: 010-6246-4588 | F34: 기업 | G34: 김진 | H34: 458-013758-02-012 | I34: 2 | J34: 2 | K34: 2 | L34: 2 | O34: 2 | P34: 2 | Q34: 2 | R34: 2 | S34: 2 | V34: 1 | W34: 1.5 | X34: 1 | Y34: 1.5 | Z34: 1 | AA34: 1 | AC34: 1.5 | AD34: 1 | AE34: 1 | AJ34: 1 | AK34: 1.5 | AL34: 1 | AN34: =SUM(I34:AM34) -> 32 | AO34: 240000 | AP34: =AN34*AO34 -> 7680000
A35: 30 | B35: 김진재 | C35: 921012-1122616 | D35: 배관공 | E35: 010-5578-4437 | F35: 신한 | G35: 김진재 | H35: 110-331-408388 | I35: 1.5 | J35: 1.5 | K35: 1 | L35: 1 | M35: 0.375 | O35: 1 | P35: 1.5 | Q35: 1 | R35: 1.5 | S35: 1 | T35: 0.875 | V35: 1 | W35: 1.5 | X35: 1 | Y35: 1.5 | Z35: 1 | AA35: 1 | AC35: 1.375 | AD35: 1 | AE35: 1 | AJ35: 1 | AK35: 1.5 | AN35: =SUM(I35:AM35) -> 25.125 | AO35: 200000 | AP35: =AN35*AO35 -> 5025000
A36: 31 | B36: 김치헌 | C36: 790914-1567115 | D36: 배관공 | E36: 010-4191-6886 | F36: 국민 | G36: 김치헌 | H36: 257602-04-003063 | I36: 2 | J36: 2 | K36: 2 | L36: 2 | O36: 2 | P36: 2 | Q36: 2 | R36: 2 | S36: 2 | V36: 1 | W36: 2 | X36: 2 | Y36: 2 | Z36: 2 | AC36: 2 | AD36: 2 | AJ36: 2 | AK36: 2 | AL36: 2 | AN36: =SUM(I36:AM36) -> 37 | AO36: 250000 | AP36: =AN36*AO36 -> 9250000
A37: 32 | B37: 김태우 | C37: 730301-1675418 | D37: 보통인부 | E37: 010-3821-9392 | F37: 기업 | G37: 김태우 | H37: 186-100034-02-016 | I37: 2 | J37: 2 | K37: 2 | L37: 2 | O37: 2 | P37: 2 | Q37: 2 | R37: 2 | S37: 2 | V37: 1 | W37: 1.5 | X37: 1 | Y37: 2 | Z37: 2 | AC37: 2 | AD37: 2 | AJ37: 2 | AK37: 2 | AL37: 2 | AN37: =SUM(I37:AM37) -> 35.5 | AO37: 160000 | AP37: =AN37*AO37 -> 5680000
A38: 33 | B38: 천성욱 | C38: 800328-1113122 | D38: 보통인부 | E38: 010-6684-0888 | F38: 새마을금고 | G38: 천성욱 | H38: 9003-2816-2519-9 | I38: 2 | J38: 2 | K38: 2 | L38: 2 | AN38: =SUM(I38:AM38) -> 8 | AO38: 170000 | AP38: =AN38*AO38 -> 1360000
A39: 34 | B39: 최준 | C39: 881115-1663713 | D39: 용접공 | E39: 010-9290-1488 | F39: 신한 | G39: 최준 | H39: 110-447-944425 | I39: 2 | J39: 2 | K39: 2 | L39: 2 | AN39: =SUM(I39:AM39) -> 8 | AO39: 240000 | AP39: =AN39*AO39 -> 1920000
A40: 35 | B40: 김현중 | C40: 920608-1476210 | D40: 보통인부 | E40: 010-8304-4458 | F40: 국민 | G40: 김현중 | H40: 742102-00-113592 | I40: 1.5 | J40: 1.5 | K40: 1 | L40: 1 | M40: 1 | O40: 1 | P40: 1.5 | Q40: 1 | R40: 1.5 | S40: 1 | T40: 1 | V40: 1 | W40: 1.5 | Y40: 1.5 | Z40: 1 | AA40: 1 | AC40: 1.5 | AD40: 1 | AJ40: 1 | AK40: 1.5 | AL40: 1 | AN40: =SUM(I40:AM40) -> 25 | AO40: 180000 | AP40: =AN40*AO40 -> 4500000
A41: 36 | B41: 강은천 | C41: 740803-1155526 | D41: 배관공 | E41: 010-5131-8640 | F41: 하나 | G41: 강은천 | H41: 226-910131-79107 | I41: 2 | J41: 2 | K41: 2 | L41: 2 | O41: 2 | AN41: =SUM(I41:AM41) -> 10 | AO41: 210000 | AP41: =AN41*AO41 -> 2100000
A42: 37 | B42: 김호선 | C42: 750703-1231129 | D42: 보통인부 | E42: 010-3897-9438 | F42: 농협 | G42: 김호선 | H42: 356-0506-3136-13 | I42: 2 | J42: 2 | K42: 2 | L42: 1 | O42: 2 | P42: 2 | Q42: 2 | R42: 2 | S42: 2 | V42: 0.5 | W42: 1.5 | X42: 1 | Y42: 1.5 | Z42: 1 | AA42: 1 | AC42: 1 | AD42: 1 | AE42: 1 | AK42: 1.5 | AL42: 1 | AN42: =SUM(I42:AM42) -> 29 | AO42: 220000 | AP42: =AN42*AO42 -> 6380000
A43: 38 | B43: 김마태 | C43: 830224-1912010 | D43: 배관공 | E43: 010-2725-6089 | F43: 기업 | G43: 김마태 | H43: 175-073189-01-013 | I43: 2 | J43: 2 | K43: 2 | L43: 2 | O43: 2 | P43: 2 | Q43: 2 | AN43: =SUM(I43:AM43) -> 14 | AO43: 250000 | AP43: =AN43*AO43 -> 3500000
A44: 39 | B44: 류대진 | C44: 690415-1696016 | D44: 보통인부 | E44: 010-2478-4445 | F44: 새마을 | G44: 류대진 | H44: 9002-1656-1013-1 | I44: 2 | J44: 2 | K44: 2 | L44: 2 | O44: 2 | P44: 2 | Q44: 2 | R44: 2 | S44: 2 | V44: 1 | W44: 2 | X44: 2 | Y44: 2 | Z44: 2 | AC44: 2 | AD44: 2 | AJ44: 2 | AK44: 2 | AL44: 2 | AN44: =SUM(I44:AM44) -> 37 | AO44: 170000 | AP44: =AN44*AO44 -> 6290000
A45: 40 | B45: 류수창 | C45: 710427-1696018 | D45: 보통인부 | E45: 010-9288-7211 | F45: 하나 | G45: 류수창 | H45: 424-890005-04207 | I45: 2 | J45: 2 | K45: 2 | L45: 2 | O45: 2 | P45: 2 | Q45: 2 | R45: 2 | S45: 2 | V45: 1 | W45: 2 | X45: 2 | Y45: 2 | Z45: 2 | AC45: 2 | AD45: 2 | AJ45: 2 | AK45: 2 | AL45: 2 | AN45: =SUM(I45:AM45) -> 37 | AO45: 170000 | AP45: =AN45*AO45 -> 6290000
A46: 41 | B46: 박경수 | C46: 760113-1226111 | D46: 보통인부 | E46: 010-8743-1066 | F46: 우리 | G46: 박경수 | H46: 1002-831-473236 | I46: 2 | J46: 2 | K46: 2 | L46: 2 | O46: 2 | P46: 2 | Q46: 2 | R46: 2 | S46: 2 | V46: 1 | W46: 2 | X46: 2 | Y46: 2 | Z46: 2 | AC46: 2 | AD46: 2 | AJ46: 2 | AK46: 2 | AL46: 2 | AN46: =SUM(I46:AM46) -> 37 | AO46: 170000 | AP46: =AN46*AO46 -> 6290000
A47: 42 | B47: 박기태 | C47: 841117-1836338 | D47: 배관공 | E47: 010-9800-6028 | F47: 농협 | G47: 박기태 | H47: 883-12-137056 | I47: 1.5 | J47: 1.5 | K47: 1 | L47: 1 | M47: 1 | O47: 1 | P47: 1.5 | Q47: 1 | R47: 1.5 | S47: 1 | T47: 1 | V47: 1 | W47: 1.5 | X47: 1 | Z47: 1 | AA47: 1 | AC47: 1.5 | AD47: 1 | AJ47: 1 | AK47: 1 | AL47: 2 | AN47: =SUM(I47:AM47) -> 25 | AO47: 230000 | AP47: =AN47*AO47 -> 5750000
A48: 43 | B48: 남현빈 | C48: 990907-1842410 | D48: 배관공 | E48: 010-7131-4342 | F48: 카카오뱅크 | G48: 남현빈 | H48: 3333-13-8378173 | I48: 2 | J48: 2 | K48: 2 | L48: 2 | O48: 1 | P48: 2 | Q48: 2 | AN48: =SUM(I48:AM48) -> 13 | AO48: 200000 | AP48: =AN48*AO48 -> 2600000
A49: 44 | B49: 정춘식 | C49: 870321-1050411 | D49: 배관공 | E49: 010-3413-8703 | F49: 농협 | G49: 정춘식 | H49: 352-1195-1823-93 | I49: 2 | J49: 2 | K49: 2 | L49: 2 | O49: 2 | P49: 2 | Q49: 2 | AN49: =SUM(I49:AM49) -> 14 | AO49: 230000 | AP49: =AN49*AO49 -> 3220000
A50: 45 | B50: 박성준1 | C50: 011010-3037023 | D50: 보통인부 | E50: 010-3823-6272 | F50: 신한 | G50: 박성준 | H50: 110-185-096954 | I50: 2 | J50: 2 | K50: 2 | L50: 2 | O50: 2 | P50: 2 | Q50: 2 | R50: 2 | S50: 2 | V50: 1 | W50: 1.5 | X50: 1 | Y50: 2 | AC50: 2 | AD50: 2 | AJ50: 2 | AK50: 2 | AL50: 2 | AN50: =SUM(I50:AM50) -> 33.5 | AO50: 180000 | AP50: =AN50*AO50 -> 6030000
A51: 46 | B51: 박정용 | C51: 870419-1237536 | D51: 보통인부 | E51: 010-8448-2493 | F51: 우리 | G51: 박정용 | H51: 117-335684-02-001 | I51: 1.5 | J51: 0.5 | K51: 1 | L51: 1 | M51: 1 | R51: 1.5 | S51: 1 | T51: 1 | V51: 1 | W51: 1.5 | X51: 1 | Y51: 1.5 | Z51: 1 | AA51: 1 | AC51: 1.5 | AD51: 1 | AE51: 1 | AJ51: 0.5 | AK51: 1.5 | AL51: 1 | AN51: =SUM(I51:AM51) -> 22 | AO51: 160000 | AP51: =AN51*AO51 -> 3520000
A52: 47 | B52: 최수종 | C52: 990511-1024713 | D52: 보통인부 | E52: 010-9439-3189 | F52: 카카오뱅크 | G52: 최수종 | H52: 3333-08-8329737 | I52: 2 | J52: 2 | K52: 2 | L52: 2 | O52: 2 | P52: 2 | Q52: 2 | AN52: =SUM(I52:AM52) -> 14 | AO52: 170000 | AP52: =AN52*AO52 -> 2380000
A53: 48 | B53: 최형권 | C53: 820625-1411930 | D53: 보통인부 | E53: 010-3121-3146 | F53: 우리 | G53: 최형권 | H53: 1002-337-154871 | I53: 2 | J53: 2 | K53: 2 | L53: 2 | O53: 2 | P53: 2 | Q53: 2 | AN53: =SUM(I53:AM53) -> 14 | AO53: 170000 | AP53: =AN53*AO53 -> 2380000
A54: 49 | B54: 배주봉 | C54: 860225-1351212 | D54: 배관공 | E54: 010-7797-6969 | F54: 기업 | G54: 배주봉 | H54: 010-7797-6969 | I54: 2 | J54: 2 | K54: 2 | L54: 2 | O54: 2 | P54: 2 | Q54: 2 | R54: 2 | S54: 2 | V54: 1 | W54: 2 | X54: 2 | Y54: 2 | Z54: 2 | AC54: 2 | AD54: 2 | AJ54: 2 | AK54: 2 | AL54: 2 | AN54: =SUM(I54:AM54) -> 37 | AO54: 210000 | AP54: =AN54*AO54 -> 7770000
A55: 50 | B55: 배찬영 | C55: 771214 -1906312 | D55: 보통인부 | E55: 010-8896-7746 | F55: 농협 | G55: 배찬영 | H55: 352-1366-3636-53 | I55: 1.5 | J55: 1.5 | K55: 1 | L55: 0.5 | O55: 1 | P55: 1.5 | Q55: 1 | R55: 1.5 | S55: 0.375 | V55: 1 | W55: 1.5 | AD55: 1 | AE55: 1 | AJ55: 1 | AK55: 1.5 | AL55: 1 | AN55: =SUM(I55:AM55) -> 17.875 | AO55: 160000 | AP55: =AN55*AO55 -> 2860000
A56: 51 | B56: 하성호 | C56: 770108-1468427 | D56: 배관공 | E56: 010-8962-6247 | F56: 신한 | G56: 하성호 | H56: 110-175-083529 | I56: 2 | J56: 2 | K56: 2 | L56: 2 | O56: 2 | P56: 2 | Q56: 2 | AN56: =SUM(I56:AM56) -> 14 | AO56: 190000 | AP56: =AN56*AO56 -> 2660000
A57: 52 | B57: 김형태 | C57: 810920-1048310 | D57: 보통인부 | E57: 010-4377-9993 | F57: 국민 | G57: 김형태 | H57: 484602-04-048893 | I57: 1.5 | J57: 1.5 | K57: 1 | L57: 1 | M57: 0.5 | Q57: 1 | R57: 1.5 | AN57: =SUM(I57:AM57) -> 8 | AO57: 170000 | AP57: =AN57*AO57 -> 1360000
A58: 53 | B58: 서경훈 | C58: 830725-1912011 | D58: 배관공 | E58: 010-2023-6206 | F58: 기업 | G58: 서경훈 | H58: 010-9329-6206 | I58: 2 | J58: 2 | K58: 2 | L58: 2 | O58: 2 | P58: 2 | Q58: 2 | R58: 2 | S58: 2 | V58: 1 | W58: 2 | X58: 2 | Y58: 2 | Z58: 2 | AC58: 2 | AD58: 2 | AJ58: 2 | AK58: 2 | AL58: 2 | AN58: =SUM(I58:AM58) -> 37 | AO58: 230000 | AP58: =AN58*AO58 -> 8510000
A59: 54 | B59: 서승희 | C59: 941121-2216111 | D59: 공사보조 | E59: 010-8540-8270 | F59: 국민 | G59: 서승희 | H59: 865302-00-042896 | I59: 1.5 | J59: 1.5 | K59: 1 | L59: 1 | M59: 1 | P59: 1.5 | Q59: 1 | R59: 1.5 | S59: 1 | T59: 1 | V59: 1 | W59: 1.5 | X59: 1 | Y59: 1.5 | Z59: 1 | AA59: 0.5 | AC59: 1.5 | AD59: 1 | AJ59: 1 | AK59: 1 | AL59: 2 | AN59: =SUM(I59:AM59) -> 25 | AO59: 200000 | AP59: =AN59*AO59 -> 5000000
A60: 55 | B60: 서용환 | C60: 930224-1155728 | D60: 보통인부 | E60: 010-4100-9831 | F60: 기업 | G60: 서용환 | H60: 930-224-2004 | I60: 2 | J60: 2 | K60: 2 | L60: 2 | O60: 2 | P60: 2 | Q60: 2 | R60: 2 | S60: 2 | V60: 1 | W60: 1.5 | Y60: 1.5 | Z60: 1 | AC60: 1.5 | AD60: 1 | AE60: 1 | AK60: 1.5 | AL60: 1 | AN60: =SUM(I60:AM60) -> 29 | AO60: 170000 | AP60: =AN60*AO60 -> 4930000
A61: 56 | B61: 석임수 | C61: 911020-1685317 | D61: 안전보조 | E61: 010-4183-1119 | F61: 하나 | G61: 석임수 | H61: 238-910260-47407 | I61: 2 | J61: 2 | K61: 2 | L61: 2 | O61: 2 | P61: 2 | Q61: 2 | R61: 2 | S61: 2 | V61: 1 | W61: 2 | X61: 2 | Y61: 2 | Z61: 2 | AC61: 2 | AD61: 2 | AJ61: 2 | AK61: 2 | AL61: 2 | AN61: =SUM(I61:AM61) -> 37 | AO61: 200000 | AP61: =AN61*AO61 -> 7400000
A62: 57 | B62: 설희수 | C62: 710817-2528013 | D62: 보통인부 | E62: 010-5673-5700 | F62: 국민 | G62: 설희수 | H62: 430502-01-565642 | I62: 1.5 | J62: 1.5 | K62: 1 | L62: 1 | M62: 1 | O62: 1 | P62: 1.5 | Q62: 1 | R62: 1.5 | S62: 1 | T62: 0.5 | V62: 1 | W62: 1.5 | X62: 1 | Y62: 1.5 | Z62: 1 | AA62: 1 | AC62: 1.5 | AD62: 1 | AE62: 1 | AJ62: 1 | AK62: 1.5 | AL62: 1 | AN62: =SUM(I62:AM62) -> 26.5 | AO62: 150000 | AP62: =AN62*AO62 -> 3975000
A63: 58 | B63: 성지현 | C63: 861110-1351114 | D63: 공사보조 | E63: 010-9197-9732 | F63: 카카오뱅크 | G63: 성지현 | H63: 3333-01-9967097 | I63: 2 | J63: 2 | K63: 2 | L63: 2 | O63: 2 | P63: 2 | Q63: 2 | R63: 2 | S63: 2 | V63: 1 | W63: 1.5 | X63: 1 | Y63: 2 | Z63: 2 | AC63: 2 | AD63: 2 | AJ63: 2 | AK63: 2 | AL63: 2 | AN63: =SUM(I63:AM63) -> 35.5 | AO63: 230000 | AP63: =AN63*AO63 -> 8165000
A64: 59 | B64: 성지훈 | C64: 841030-1896314 | D64: 용접공 | E64: 010-6666-6877 | F64: 신한 | G64: 성지훈 | H64: 110-414-304496 | I64: 2 | J64: 2 | K64: 2 | L64: 2 | O64: 2 | P64: 2 | Q64: 2 | R64: 2 | S64: 2 | V64: 1 | W64: 1.5 | X64: 0.5 | Z64: 1 | AA64: 0.5 | AC64: 1.5 | AJ64: 1 | AK64: 1 | AL64: 2 | AN64: =SUM(I64:AM64) -> 28 | AO64: 240000 | AP64: =AN64*AO64 -> 6720000
A65: 60 | B65: 박민수 | C65: 010805-3479013 | D65: 보통인부 | E65: 010-3952-7988 | F65: 농협 | G65: 박민수 | H65: 302-3952-7988-41 | I65: 1.5 | J65: 1.5 | K65: 1 | L65: 1 | M65: 1 | O65: 1 | P65: 1.5 | Q65: 1 | R65: 1.5 | S65: 1 | AN65: =SUM(I65:AM65) -> 12 | AO65: 160000 | AP65: =AN65*AO65 -> 1920000
A66: 61 | B66: 신경진 | C66: 880103-1105818 | D66: 용접공 | E66: 010-6540-2229 | F66: 기업 | G66: 신경진 | H66: 010-6540-2229 | I66: 2 | J66: 2 | K66: 2 | L66: 2 | O66: 2 | P66: 2 | Q66: 2 | R66: 2 | S66: 2 | V66: 1 | W66: 2 | X66: 2 | Y66: 2 | Z66: 2 | AC66: 2 | AD66: 2 | AJ66: 2 | AK66: 2 | AL66: 2 | AN66: =SUM(I66:AM66) -> 37 | AO66: 240000 | AP66: =AN66*AO66 -> 8880000
A67: 62 | B67: 박성준 | C67: 820513-1187527 | D67: 용접공 | E67: 010-6585-1765 | F67: 우리 | G67: 박성준 | H67: 1002-343-957019 | I67: 2 | J67: 2 | K67: 2 | L67: 2 | O67: 2 | P67: 2 | Q67: 2 | R67: 2 | S67: 2 | AN67: =SUM(I67:AM67) -> 18 | AO67: 240000 | AP67: =AN67*AO67 -> 4320000
A68: 63 | B68: 신민철 | C68: 830814-1183120 | D68: 공사보조 | E68: 010-7706-5000 | F68: 기업 | G68: 신민철 | H68: 289-082628-01-018 | I68: 1.5 | J68: 1.5 | K68: 1 | L68: 1 | M68: 0.875 | O68: 1 | P68: 1.5 | Q68: 1 | R68: 1.5 | S68: 1 | T68: 0.875 | V68: 1 | W68: 1.5 | X68: 1 | Y68: 1.5 | Z68: 1 | AA68: 0.25 | AC68: 1.5 | AD68: 1 | AE68: 1 | AJ68: 1 | AK68: 1.5 | AL68: 1 | AN68: =SUM(I68:AM68) -> 26 | AO68: 240000 | AP68: =AN68*AO68 -> 6240000
A69: 64 | B69: 신주현 | C69: 810227-1063429 | D69: 배관공 | E69: 010-4763-4454 | F69: 신한 | G69: 신주현 | H69: 110-377-748020 | I69: 2 | J69: 2 | K69: 2 | L69: 2 | O69: 2 | P69: 2 | Q69: 2 | R69: 2 | S69: 2 | V69: 1 | W69: 1.5 | X69: 1 | Y69: 1.5 | Z69: 1 | AA69: 1 | AC69: 1.5 | AD69: 0.25 | AN69: =SUM(I69:AM69) -> 26.75 | AO69: 190000 | AP69: =AN69*AO69 -> 5082500
A70: 65 | B70: 심재만 | C70: 900530-1203318 | D70: 보통인부 | E70: 010-5777-9379 | F70: 우리 | G70: 심재만 | H70: 1002-356-056634 | I70: 1 | J70: 2 | K70: 2 | L70: 2 | O70: 2 | P70: 2 | Q70: 2 | R70: 2 | V70: 1 | W70: 1.5 | X70: 1 | Y70: 1.5 | Z70: 1 | AA70: 1 | AC70: 1.5 | AD70: 1 | AE70: 1 | AJ70: 1 | AK70: 1 | AL70: 2 | AN70: =SUM(I70:AM70) -> 29.5 | AO70: 180000 | AP70: =AN70*AO70 -> 5310000
A71: 66 | B71: 안수현 | C71: 970206-2728016 | D71: 용접공 | E71: 010-5045-9210 | F71: 하나 | G71: 안수현 | H71: 292-910293-88807 | I71: 2 | J71: 2 | K71: 2 | L71: 2 | O71: 2 | P71: 2 | Q71: 2 | R71: 2 | S71: 2 | V71: 1 | W71: 2 | X71: 2 | Y71: 2 | Z71: 2 | AC71: 2 | AD71: 2 | AJ71: 2 | AK71: 2 | AL71: 2 | AN71: =SUM(I71:AM71) -> 37 | AO71: 240000 | AP71: =AN71*AO71 -> 8880000
A72: 67 | B72: 안재용 | C72: 790525-1173519 | D72: 배관공 | E72: 010-3362-3928 | F72: 신한 | G72: 안재용 | H72: 110-255-766726 | I72: 2 | J72: 2 | K72: 2 | L72: 2 | O72: 2 | P72: 2 | Q72: 2 | R72: 2 | S72: 2 | V72: 1 | W72: 0.5 | X72: 1 | Y72: 2 | Z72: 2 | AC72: 2 | AD72: 2 | AJ72: 2 | AK72: 2 | AL72: 2 | AN72: =SUM(I72:AM72) -> 34.5 | AO72: 240000 | AP72: =AN72*AO72 -> 8280000
A73: 68 | B73: 양정운 | C73: 821019-1449616 | D73: 공사보조 | E73: 010-3641-8181 | F73: 농협 | G73: 양정운 | H73: 302-1350-3060-51 | I73: 1.5 | J73: 1.5 | K73: 1 | L73: 1 | M73: 1 | O73: 1 | P73: 1.5 | Q73: 1 | R73: 1.5 | S73: 1 | T73: 1 | V73: 1 | X73: 1 | Y73: 1 | Z73: 1 | AA73: 1 | AC73: 1.5 | AD73: 1 | AE73: 1 | AJ73: 1 | AK73: 1.5 | AL73: 1 | AN73: =SUM(I73:AM73) -> 25 | AO73: 250000 | AP73: =AN73*AO73 -> 6250000
A74: 69 | B74: 양정인 | C74: 810207-1455012 | D74: 보통인부 | E74: 010-8824-6401 | F74: 국민 | G74: 양정인 | H74: 472301-04-019277 | I74: 1.5 | J74: 1.5 | K74: 1 | L74: 1 | M74: 1 | O74: 1 | P74: 1.5 | Q74: 1 | R74: 1.5 | S74: 1 | T74: 1 | V74: 1 | W74: 1.5 | X74: 1 | Y74: 1.5 | Z74: 1 | AA74: 1 | AC74: 1.5 | AD74: 1 | AE74: 1 | AJ74: 1 | AK74: 1.5 | AL74: 1 | AN74: =SUM(I74:AM74) -> 27 | AO74: 180000 | AP74: =AN74*AO74 -> 4860000
A75: 70 | B75: 엄진용 | C75: 950826-1026312 | D75: 보통인부 | E75: 010-9936-8504 | F75: 국민 | G75: 엄진용 | H75: 99936850449 | I75: 1.5 | J75: 1.25 | K75: 1 | L75: 1 | M75: 1 | O75: 1 | P75: 1.5 | Q75: 1 | R75: 0.375 | S75: 1 | T75: 1 | V75: 1 | W75: 1.5 | X75: 0.75 | Z75: 1 | AA75: 1 | AC75: 1.5 | AD75: 1 | AE75: 1 | AJ75: 1 | AK75: 1.5 | AL75: 1 | AN75: =SUM(I75:AM75) -> 23.875 | AO75: 210000 | AP75: =AN75*AO75 -> 5013750
A76: 71 | B76: 오성민 | C76: 870328-1482316 | D76: 배관공 | E76: 010-7940-5153 | F76: 농협 | G76: 오성민 | H76: 352-2037-6628-33 | I76: 2 | J76: 2 | K76: 2 | L76: 2 | O76: 2 | P76: 2 | Q76: 2 | R76: 2 | S76: 2 | V76: 1 | W76: 2 | Y76: 2 | Z76: 2 | AC76: 2 | AD76: 1.75 | AJ76: 2 | AK76: 2 | AL76: 2 | AN76: =SUM(I76:AM76) -> 34.75 | AO76: 220000 | AP76: =AN76*AO76 -> 7645000
A77: 72 | B77: 방승원 | C77: 000406-3217011 | D77: 보통인부 | E77: 010-9928-8732 | F77: 카카오뱅크 | G77: 방승원 | H77: 3333-08-8908687 | I77: 2 | K77: 2 | L77: 2 | O77: 2 | P77: 2 | Q77: 2 | R77: 2 | S77: 2 | AN77: =SUM(I77:AM77) -> 16 | AO77: 150000 | AP77: =AN77*AO77 -> 2400000
A78: 73 | B78: 오정석 | C78: 840327-1836316 | D78: 배관공 | E78: 010-3646-6264 | F78: 우리 | G78: 오정석 | H78: 1002-339-959255 | I78: 1.5 | J78: 0.125 | K78: 1 | L78: 1 | M78: 1 | O78: 1 | P78: 1.5 | Q78: 1 | R78: 1.5 | S78: 1 | T78: 1 | V78: 1 | W78: 1.5 | X78: 1 | Y78: 1.5 | Z78: 1 | AA78: 0.5 | AC78: 1.5 | AD78: 1 | AJ78: 1 | AK78: 1 | AL78: 2 | AN78: =SUM(I78:AM78) -> 24.625 | AO78: 250000 | AP78: =AN78*AO78 -> 6156250
A79: 74 | B79: 배광열 | C79: 980227-1912629 | D79: 보통인부 | E79: 010-8060-1829 | F79: 신한 | G79: 배광열 | H79: 110-552-677424 | I79: 2 | J79: 2 | K79: 2 | L79: 2 | O79: 2 | P79: 2 | Q79: 2 | R79: 2 | S79: 2 | AN79: =SUM(I79:AM79) -> 18 | AO79: 160000 | AP79: =AN79*AO79 -> 2880000
A80: 75 | B80: 유병권 | C80: 750606-1249810 | D80: 배관공 | E80: 010-5699-9585 | F80: 카카오뱅크 | G80: 유병권 | H80: 3333-23-8195284 | I80: 2 | J80: 2 | K80: 2 | L80: 2 | O80: 2 | P80: 2 | Q80: 2 | R80: 2 | S80: 2 | W80: 2 | X80: 2 | Y80: 2 | Z80: 2 | AC80: 2 | AD80: 2 | AJ80: 2 | AK80: 2 | AL80: 2 | AN80: =SUM(I80:AM80) -> 36 | AO80: 230000 | AP80: =AN80*AO80 -> 8280000
A81: 76 | B81: 윤대성 | C81: 870228-1800810 | D81: 용접공 | E81: 010-6690-3570 | F81: 신한 | G81: 윤대성 | H81: 110-404-264147 | I81: 2 | J81: 2 | K81: 2 | L81: 2 | S81: 2 | V81: 1 | W81: 2 | X81: 2 | Y81: 2 | Z81: 2 | AC81: 2 | AD81: 2 | AJ81: 2 | AK81: 2 | AL81: 2 | AN81: =SUM(I81:AM81) -> 29 | AO81: 240000 | AP81: =AN81*AO81 -> 6960000
A82: 77 | B82: 윤재혁 | C82: 021226-3227819 | D82: 보통인부 | E82: 010-5848-2414 | F82: 국민 | G82: 윤재혁 | H82: 942902-01-277572 | I82: 2 | J82: 2 | K82: 2 | L82: 2 | O82: 2 | P82: 2 | Q82: 2 | R82: 2 | S82: 2 | V82: 1 | W82: 1.5 | X82: 1 | Y82: 2 | Z82: 2 | AC82: 2 | AD82: 2 | AJ82: 2 | AK82: 2 | AL82: 2 | AN82: =SUM(I82:AM82) -> 35.5 | AO82: 150000 | AP82: =AN82*AO82 -> 5325000
A83: 78 | B83: 신경철 | C83: 870717-1051118 | D83: 용접공 | E83: 010-8985-8707 | F83: 신한 | G83: 신경철 | H83: 110-292-784465 | I83: 2 | J83: 2 | K83: 2 | L83: 2 | O83: 2 | Q83: 2 | R83: 2 | S83: 2 | AN83: =SUM(I83:AM83) -> 16 | AO83: 240000 | AP83: =AN83*AO83 -> 3840000
A84: 79 | B84: 이광재 | C84: 940824-1017712 | D84: 보통인부 | E84: 010-8878-4284 | F84: 기업 | G84: 이광재 | H84: 985-008251-01-011 | I84: 2 | J84: 2 | K84: 2 | L84: 2 | O84: 2 | P84: 2 | Q84: 2 | R84: 2 | S84: 2 | V84: 1 | W84: 2 | X84: 2 | Y84: 2 | Z84: 2 | AD84: 2 | AJ84: 2 | AK84: 2 | AL84: 2 | AN84: =SUM(I84:AM84) -> 35 | AO84: 180000 | AP84: =AN84*AO84 -> 6300000
A85: 80 | B85: 이동건 | C85: 740108-1328319 | D85: 용접공 | E85: 010-8953-4315 | F85: 농협 | G85: 이동건 | H85: 302-1062-4901-11 | I85: 1.5 | J85: 1.5 | K85: 0.75 | L85: 1 | M85: 1 | O85: 1 | P85: 1.5 | Q85: 1 | R85: 1.5 | S85: 1 | T85: 1 | V85: 1 | W85: 1.5 | X85: 1 | Y85: 1.5 | Z85: 1 | AA85: 1 | AC85: 1.5 | AD85: 1 | AE85: 1 | AJ85: 1 | AK85: 1 | AL85: 2 | AN85: =SUM(I85:AM85) -> 27.25 | AO85: 240000 | AP85: =AN85*AO85 -> 6540000
A86: 81 | B86: 이동은 | C86: 900720-1156817 | D86: 공사보조 | E86: 010-5581-1814 | F86: 카카오뱅크 | G86: 이동은 | H86: 3333-17-1177994 | I86: 2 | J86: 2 | K86: 2 | L86: 2 | O86: 2 | P86: 2 | Q86: 2 | R86: 2 | S86: 2 | V86: 1 | W86: 2 | X86: 2 | Y86: 2 | Z86: 2 | AC86: 2 | AD86: 2 | AJ86: 2 | AK86: 2 | AL86: 2 | AN86: =SUM(I86:AM86) -> 37 | AO86: 240000 | AP86: =AN86*AO86 -> 8880000
A87: 82 | B87: 이백창 | C87: 761016-1110611 | D87: 보통인부 | E87: 010-9815-0818 | F87: 광주은행 | G87: 이백창 | H87: 1121-036-470221 | I87: 2 | J87: 2 | K87: 2 | L87: 2 | O87: 2 | P87: 2 | Q87: 2 | R87: 2 | S87: 2 | V87: 1 | W87: 2 | X87: 2 | Y87: 2 | Z87: 2 | AC87: 2 | AD87: 2 | AJ87: 2 | AK87: 2 | AL87: 2 | AN87: =SUM(I87:AM87) -> 37 | AO87: 170000 | AP87: =AN87*AO87 -> 6290000
A88: 83 | B88: 이상덕 | C88: 730801-1545424 | D88: 공사보조 | E88: 010-2495-1870 | F88: 기업 | G88: 이상덕 | H88: 183-015807-01020 | I88: 1.5 | J88: 1.5 | K88: 1 | L88: 1 | M88: 1 | O88: 1 | P88: 1.5 | Q88: 1 | R88: 1.5 | S88: 1 | T88: 1 | V88: 1 | W88: 1.5 | X88: 1 | Z88: 1 | AA88: 1 | AC88: 1.5 | AD88: 1 | AE88: 1 | AJ88: 1 | AK88: 1.5 | AL88: 1 | AN88: =SUM(I88:AM88) -> 25.5 | AO88: 270000 | AP88: =AN88*AO88 -> 6885000
A89: 84 | B89: 이수빈 | C89: 940912-1105528 | D89: 안전보조 | E89: 010-7774-4872 | F89: 국민 | G89: 이수빈 | H89: 110802-04-289399 | I89: 2 | J89: 2 | K89: 2 | L89: 2 | O89: 2 | P89: 2 | Q89: 2 | R89: 2 | S89: 2 | V89: 1 | W89: 1.5 | X89: 1 | Y89: 0.5 | Z89: 1 | AA89: 1 | AC89: 1.5 | AD89: 1 | AE89: 1 | AJ89: 1 | AK89: 1.5 | AL89: 1 | AN89: =SUM(I89:AM89) -> 31 | AO89: 190000 | AP89: =AN89*AO89 -> 5890000
A90: 85 | B90: 이영길 | C90: 680330-1233427 | D90: 보통인부 | E90: 010-5285-6646 | F90: 카카오뱅크 | G90: 이영길 | H90: 3333-03-0438756 | I90: 1.5 | J90: 1.5 | K90: 1 | L90: 1 | M90: 1 | O90: 1 | P90: 1.5 | Q90: 1 | R90: 1.5 | S90: 1 | T90: 1 | V90: 1 | W90: 1.5 | X90: 1 | Y90: 1.5 | Z90: 1 | AA90: 1 | AC90: 1.5 | AD90: 1 | AE90: 1 | AJ90: 1 | AK90: 1 | AL90: 2 | AN90: =SUM(I90:AM90) -> 27.5 | AO90: 150000 | AP90: =AN90*AO90 -> 4125000
A91: 86 | B91: 이완석 | C91: 921116-1151522 | D91: 용접공 | E91: 010-2624-6545 | F91: 신한 | G91: 이완석 | H91: 110-269-832310 | I91: 2 | J91: 2 | K91: 2 | L91: 2 | O91: 2 | P91: 2 | Q91: 2 | R91: 2 | S91: 2 | V91: 1 | W91: 1.5 | Y91: 1.5 | Z91: 1 | AA91: 1 | AC91: 1.5 | AD91: 1 | AE91: 1 | AJ91: 1 | AK91: 1 | AL91: 2 | AN91: =SUM(I91:AM91) -> 31.5 | AO91: 240000 | AP91: =AN91*AO91 -> 7560000
A92: 87 | B92: 이은희 | C92: 950520-2522712 | D92: 안전보조 | E92: 010-2359-1912 | F92: 카카오뱅크 | G92: 이은희 | H92: 3333-13-0258058 | I92: 2 | J92: 2 | K92: 2 | L92: 2 | O92: 2 | P92: 2 | Q92: 2 | R92: 2 | V92: 1 | W92: 2 | X92: 2 | Y92: 2 | Z92: 2 | AC92: 2 | AD92: 2 | AJ92: 2 | AK92: 2 | AL92: 2 | AN92: =SUM(I92:AM92) -> 35 | AO92: 180000 | AP92: =AN92*AO92 -> 6300000
A93: 88 | B93: 이인용 | C93: 700412-1332911 | D93: 배관공 | E93: 010-5247-3585 | F93: 국민 | G93: 이인용 | H93: 017-21-0946-366 | I93: 1.5 | J93: 1.5 | K93: 1 | L93: 1 | O93: 1 | P93: 1.5 | Q93: 1 | R93: 1.5 | S93: 1 | T93: 1 | V93: 1 | W93: 1.5 | X93: 1 | Y93: 1.5 | Z93: 1 | AA93: 1 | AC93: 1.5 | AD93: 1 | AE93: 1 | AJ93: 1 | AK93: 1.5 | AL93: 1 | AN93: =SUM(I93:AM93) -> 26 | AO93: 220000 | AP93: =AN93*AO93 -> 5720000
A94: 89 | B94: 이재원 | C94: 860509-1079918 | D94: 배관공 | E94: 010-6704-1711 | F94: 우체국 | G94: 이재원 | H94: 201392-02-203880 | I94: 1.5 | J94: 1.5 | K94: 1 | L94: 1 | M94: 1 | O94: 1 | P94: 1.5 | R94: 1.5 | S94: 1 | T94: 1 | V94: 1 | W94: 1.5 | X94: 1 | Y94: 1.5 | Z94: 1 | AA94: 1 | AC94: 1.5 | AD94: 1 | AE94: 1 | AJ94: 1 | AK94: 1.5 | AL94: 1 | AN94: =SUM(I94:AM94) -> 26 | AO94: 210000 | AP94: =AN94*AO94 -> 5460000
A95: 90 | B95: 이준헌 | C95: 741212-1226819 | D95: 배관공 | E95: 010-2586-0179 | F95: 신한 | G95: 이준헌 | H95: 110-241-436538 | I95: 2 | J95: 2 | K95: 2 | L95: 2 | O95: 2 | P95: 2 | Q95: 2 | R95: 2 | S95: 2 | V95: 0.5 | X95: 2 | Y95: 2 | Z95: 2 | AC95: 2 | AD95: 2 | AJ95: 2 | AK95: 2 | AL95: 2 | AN95: =SUM(I95:AM95) -> 34.5 | AO95: 230000 | AP95: =AN95*AO95 -> 7935000
A96: 91 | B96: 이준홍 | C96: 940915-1031411 | D96: 보통인부 | E96: 010-4688-9150 | F96: 카카오뱅크 | G96: 이준홍 | H96: 3333-10-8407727 | I96: 2 | J96: 2 | K96: 2 | L96: 2 | O96: 2 | P96: 2 | Q96: 2 | R96: 2 | S96: 2 | V96: 1 | W96: 1.5 | X96: 1 | Y96: 2 | Z96: 2 | AC96: 2 | AD96: 2 | AJ96: 2 | AK96: 2 | AL96: 2 | AN96: =SUM(I96:AM96) -> 35.5 | AO96: 150000 | AP96: =AN96*AO96 -> 5325000
A97: 92 | B97: 이진 | C97: 900815-1066311 | D97: 보통인부 | E97: 010-8738-7072 | F97: 국민 | G97: 이진 | H97: 757102-04-212989 | I97: 1.5 | J97: 1.5 | K97: 1 | L97: 1 | M97: 1 | O97: 1 | P97: 1.5 | Q97: 1 | R97: 1.5 | S97: 1 | T97: 0.8125 | V97: 1 | W97: 1.5 | X97: 1 | Y97: 1.5 | Z97: 1 | AA97: 0.625 | AC97: 1.5 | AD97: 1 | AE97: 1 | AJ97: 1 | AK97: 1.5 | AL97: 1 | AN97: =SUM(I97:AM97) -> 26.4375 | AO97: 200000 | AP97: =AN97*AO97 -> 5287500
A98: 93 | B98: 이창우 | C98: 700911-1080019 | D98: 보통인부 | E98: 010-6736-5900 | F98: 신한 | G98: 이창우 | H98: 110-441-920530 | I98: 1.5 | J98: 1.5 | L98: 1 | M98: 1 | O98: 1 | P98: 1.5 | Q98: 1 | R98: 1.5 | S98: 1 | T98: 0.5 | V98: 1 | W98: 1.5 | X98: 1 | Y98: 1.5 | Z98: 1 | AA98: 1 | AC98: 1.5 | AD98: 1 | AE98: 1 | AJ98: 1 | AK98: 1.5 | AL98: 1 | AN98: =SUM(I98:AM98) -> 25.5 | AO98: 160000 | AP98: =AN98*AO98 -> 4080000
A99: 94 | B99: 이강석 | C99: 820425-1540319 | D99: 용접공 | E99: 010-9680-0458 | F99: 기업 | G99: 이강석 | H99: 616-006769-01-011 | I99: 2 | J99: 2 | K99: 2 | L99: 2 | O99: 2 | P99: 2 | Q99: 2 | R99: 2 | S99: 2 | AN99: =SUM(I99:AM99) -> 18 | AO99: 240000 | AP99: =AN99*AO99 -> 4320000
A100: 95 | B100: 이철희 | C100: 961002-1006110 | D100: 보통인부 | E100: 010-4889-3949 | F100: 하나 | G100: 이철희 | H100: 467-910656-79407 | I100: 2 | J100: 2 | K100: 2 | L100: 2 | O100: 2 | P100: 2 | Q100: 2 | R100: 2 | S100: 2 | V100: 1 | W100: 2 | X100: 2 | Y100: 2 | Z100: 2 | AC100: 2 | AD100: 2 | AJ100: 2 | AK100: 2 | AL100: 2 | AN100: =SUM(I100:AM100) -> 37 | AO100: 160000 | AP100: =AN100*AO100 -> 5920000
A101: 96 | B101: 이태욱 | C101: 810523-1249811 | D101: 배관공 | E101: 010-3737-7413 | F101: 기업 | G101: 이태욱 | H101: 010-3737-7413 | I101: 2 | J101: 2 | K101: 2 | L101: 2 | O101: 2 | P101: 2 | Q101: 2 | W101: 1.5 | X101: 1 | Z101: 1 | AA101: 1 | AC101: 1.5 | AD101: 1 | AE101: 1 | AJ101: 1 | AK101: 1.5 | AL101: 1 | AN101: =SUM(I101:AM101) -> 25.5 | AO101: 240000 | AP101: =AN101*AO101 -> 6120000
...

Sheet 숙소임차료
A1: 숙소 임차료
A2: No. | B2: 납부일 | C2: 구분 | D2: 품명 | E2: 주소 | F2: 호수 | G2: 수량 | H2: 사용인원 | I2: 임차료 | J2: 비 고
I3: =SUM(I4:I35) -> 48610000 | L3: 입력해야하는 항목 외 수정 금지
A4: 1 | B4: 46295 | C4: KC대납 임대료 | D4: 숙소임대료(09월분) | E4: 평택시 함박산11길 9-1 202호 | F4: 202호 | G4: 1 | H4: 6 | I4: 1650000 | J4: KC 대납 | L4: 납부일
A5: 2 | B5: 46295 | C5: KC대납 임대료 | D5: 숙소임대료(09월분) | E5: 평택시 함박산3길 11 301호 | F5: 301호 | G5: 1 | H5: 6 | I5: 1900000 | J5: KC 대납 | L5: 구분
A6: 3 | B6: 46295 | C6: KC대납 임대료 | D6: 숙소임대료(09월분) | E6: 평택시 고덕여염16길 115 202호 | F6: 202호 | G6: 1 | H6: 6 | I6: 1400000 | J6: KC 대납 | L6: 품명
A7: 4 | B7: 46295 | C7: KC대납 임대료 | D7: 숙소임대료(09월분) | E7: 평택시 함박산9길 26 201호 | F7: 201호 | G7: 1 | H7: 6 | I7: 1800000 | J7: KC 대납 | L7: 주소
A8: 5 | B8: 46295 | C8: KC대납 임대료 | D8: 숙소임대료(09월분) | E8: 평택시 함박산1길 50 401호 | F8: 401호 | G8: 1 | H8: 6 | I8: 1700000 | J8: KC 대납 | L8: 호수
A9: 6 | B9: 46295 | C9: KC대납 임대료 | D9: 숙소임대료(09월분) | E9: 평택시 함박산4길 3 301호 | F9: 301호 | G9: 1 | H9: 6 | I9: 1530000 | J9: KC 대납 | L9: 수량
A10: 7 | B10: 46295 | C10: KC대납 임대료 | D10: 숙소임대료(09월분) | E10: 평택시 고덕여염16길 71 302호 | F10: 302호 | G10: 1 | H10: 6 | I10: 900000 | J10: KC 대납 | L10: 사용인원
A11: 8 | B11: 46295 | C11: KC대납 임대료 | D11: 숙소임대료(09월분) | E11: 평택시 고덕국제4길 60-10 202호 | F11: 202호 | G11: 1 | H11: 6 | I11: 1650000 | J11: KC 대납
A12: 9 | B12: 46295 | C12: KC대납 임대료 | D12: 숙소임대료(09월분) | E12: 평택시 함박산2길 11 302호 | F12: 302호 | G12: 1 | H12: 6 | I12: 1500000 | J12: KC 대납 | L12: ■ 구분은 [KC대납 임대료 및 임대료] 이외 항목은 입력금지
A13: 10 | B13: 46295 | C13: KC대납 임대료 | D13: 숙소임대료(09월분) | E13: 평택시 함박산8길 13 201호 | F13: 201호 | G13: 1 | H13: 6 | I13: 1650000 | J13: KC 대납
A14: 11 | B14: 46295 | C14: KC대납 임대료 | D14: 숙소임대료(09월분) | E14: 평택시 고덕여염6길 199 301호 | F14: 301호 | G14: 1 | H14: 6 | I14: 1600000 | J14: KC 대납
A15: 12 | B15: 46295 | C15: KC대납 임대료 | D15: 숙소임대료(09월분) | E15: 평택시 함박산2길 16 201호 | F15: 201호 | G15: 1 | H15: 6 | I15: 1500000 | J15: KC 대납
A16: 13 | B16: 46295 | C16: KC대납 임대료 | D16: 숙소임대료(09월분) | E16: 평택시 함박산3길 11 202호 | F16: 202호 | G16: 1 | H16: 6 | I16: 1800000 | J16: KC 대납
A17: 14 | B17: 46295 | C17: KC대납 임대료 | D17: 숙소임대료(09월분) | E17: 평택시 함박산4길 28 301호 | F17: 301호 | G17: 1 | H17: 6 | I17: 1600000 | J17: KC 대납
A18: 15 | B18: 46295 | C18: KC대납 임대료 | D18: 숙소임대료(09월분) | E18: 평택시 함박산1길 49 202호 | F18: 202호 | G18: 1 | H18: 4 | I18: 1630000 | J18: KC 대납
A19: 16 | B19: 46295 | C19: KC대납 임대료 | D19: 숙소임대료(09월분) | E19: 평택시 고덕국제3길 103 202호 | F19: 202호 | G19: 1 | H19: 6 | I19: 1050000 | J19: KC 대납
A20: 17 | B20: 46295 | C20: KC대납 임대료 | D20: 숙소임대료(09월분) | E20: 평택시 고덕여염12길 10 201호 | F20: 201호 | G20: 1 | H20: 6 | I20: 1600000 | J20: KC 대납
A21: 18 | B21: 46295 | C21: KC대납 임대료 | D21: 숙소임대료(09월분) | E21: 평택시 함박산2길 32-2 202호 | F21: 202호 | G21: 1 | H21: 6 | I21: 1550000 | J21: KC 대납
A22: 19 | B22: 46295 | C22: KC대납 임대료 | D22: 숙소임대료(09월분) | E22: 평택시 함박산2길 30 201호 | F22: 201호 | G22: 1 | H22: 6 | I22: 1550000 | J22: KC 대납
A23: 20 | B23: 46295 | C23: KC대납 임대료 | D23: 숙소임대료(09월분) | E23: 평택시 함박산2길 16-1 301호 | F23: 301호 | G23: 1 | H23: 6 | I23: 1550000 | J23: KC 대납
A24: 21 | B24: 46295 | C24: KC대납 임대료 | D24: 숙소임대료(09월분) | E24: 평택시 함박산1길 23 201호 | F24: 201호 | G24: 1 | H24: 6 | I24: 1550000 | J24: KC 대납
... A35: 32 | B35: 46295 | C35: KC대납 임대료 | D35: 숙소임대료(09월분) | E35: 평택시 고덕갈평10길 34 301호 | F35: 301호 | G35: 1 | H35: 6 | I35: 1500000 | J35: KC 대납

Sheet 숙소관리비
A1: 숙소 관리비
A2: No. | B2: 납부일 | C2: 구분 | D2: 품명 | E2: 주소 | F2: 호수 | G2: 수량 | H2: 사용인원 | I2: 관리비 | J2: 비 고
I3: =SUM(I4:I104) -> 5108770
A4: 1 | B4: 46295 | C4: KC대납 관리비 | D4: 숙소수도세(09월분) | E4: 평택시 함박산11길 9-1 202호 | F4: 202호 | G4: 1 | H4: 6 | I4: 23660 | J4: KC 대납
A5: 2 | B5: 46295 | C5: KC대납 관리비 | D5: 숙소가스료(09월분) | E5: 평택시 함박산11길 9-1 202호 | F5: 202호 | G5: 1 | H5: 6 | I5: 혹서기로 격월고지 | J5: KC 대납
A6: 3 | B6: 46295 | C6: KC대납 관리비 | D6: 숙소전기료(09월분) | E6: 평택시 함박산11길 9-1 202호 | F6: 202호 | G6: 1 | H6: 6 | I6: 62870 | J6: KC 대납
A7: 4 | B7: 46295 | C7: KC대납 관리비 | D7: 숙소수도세(09월분) | E7: 평택시 함박산3길 11 301호 | F7: 301호 | G7: 1 | H7: 6 | I7: 8100 | J7: KC 대납
A8: 5 | B8: 46295 | C8: KC대납 관리비 | D8: 숙소가스료(09월분) | E8: 평택시 함박산3길 11 301호 | F8: 301호 | G8: 1 | H8: 6 | I8: 혹서기로 격월고지 | J8: KC 대납
A9: 6 | B9: 46295 | C9: KC대납 관리비 | D9: 숙소전기료(09월분) | E9: 평택시 함박산3길 11 301호 | F9: 301호 | G9: 1 | H9: 6 | I9: 210480 | J9: KC 대납
A10: 7 | B10: 46295 | C10: KC대납 관리비 | D10: 숙소수도세(09월분) | E10: 평택시 고덕여염16길 115 202호 | F10: 202호 | G10: 1 | H10: 6 | I10: 8100 | J10: KC 대납
A11: 8 | B11: 46295 | C11: KC대납 관리비 | D11: 숙소가스료(09월분) | E11: 평택시 고덕여염16길 115 202호 | F11: 202호 | G11: 1 | H11: 6 | I11: 혹서기로 격월고지 | J11: KC 대납
A12: 9 | B12: 46295 | C12: KC대납 관리비 | D12: 숙소전기료(09월분) | E12: 평택시 고덕여염16길 115 202호 | F12: 202호 | G12: 1 | H12: 6 | I12: 27520 | J12: KC 대납
A13: 10 | B13: 46295 | C13: KC대납 관리비 | D13: 숙소수도세(09월분) | E13: 평택시 함박산9길 26 201호 | F13: 201호 | G13: 1 | H13: 6 | I13: 27130 | J13: KC 대납
A14: 11 | B14: 46295 | C14: KC대납 관리비 | D14: 숙소가스료(09월분) | E14: 평택시 함박산9길 26 201호 | F14: 201호 | G14: 1 | H14: 6 | I14: 혹서기로 격월고지 | J14: KC 대납
A15: 12 | B15: 46295 | C15: KC대납 관리비 | D15: 숙소전기료(09월분) | E15: 평택시 함박산9길 26 201호 | F15: 201호 | G15: 1 | H15: 6 | I15: 39900 | J15: KC 대납
A16: 13 | B16: 46295 | C16: KC대납 관리비 | D16: 숙소수도세(09월분) | E16: 평택시 함박산1길 50 401호 | F16: 401호 | G16: 1 | H16: 6 | I16: 28850 | J16: KC 대납
A17: 14 | B17: 46295 | C17: KC대납 관리비 | D17: 숙소가스료(09월분) | E17: 평택시 함박산1길 50 401호 | F17: 401호 | G17: 1 | H17: 6 | I17: 혹서기로 격월고지 | J17: KC 대납
A18: 15 | B18: 46295 | C18: KC대납 관리비 | D18: 숙소전기료(09월분) | E18: 평택시 함박산1길 50 401호 | F18: 401호 | G18: 1 | H18: 6 | I18: 155100 | J18: KC 대납
A19: 16 | B19: 46295 | C19: KC대납 관리비 | D19: 숙소수도세(09월분) | E19: 평택시 함박산4길 3 301호 | F19: 301호 | G19: 1 | H19: 6 | I19: 익월청구 | J19: KC 대납
A20: 17 | B20: 46295 | C20: KC대납 관리비 | D20: 숙소가스료(09월분) | E20: 평택시 함박산4길 3 301호 | F20: 301호 | G20: 1 | H20: 6 | I20: 혹서기로 격월고지 | J20: KC 대납
A21: 18 | B21: 46295 | C21: KC대납 관리비 | D21: 숙소전기료(09월분) | E21: 평택시 함박산4길 3 301호 | F21: 301호 | G21: 1 | H21: 6 | I21: 27440 | J21: KC 대납
A22: 19 | B22: 46295 | C22: KC대납 관리비 | D22: 숙소수도세(09월분) | E22: 평택시 고덕여염16길 71 302호 | F22: 302호 | G22: 1 | H22: 6 | I22: 1200 | J22: KC 대납
A23: 20 | B23: 46295 | C23: KC대납 관리비 | D23: 숙소가스료(09월분) | E23: 평택시 고덕여염16길 71 302호 | F23: 302호 | G23: 1 | H23: 6 | I23: 혹서기로 격월고지 | J23: KC 대납
A24: 21 | B24: 46295 | C24: KC대납 관리비 | D24: 숙소전기료(09월분) | E24: 평택시 고덕여염16길 71 302호 | F24: 302호 | G24: 1 | H24: 6 | I24: 익월청구 | J24: KC 대납
A25: 22 | B25: 46295 | C25: KC대납 관리비 | D25: 숙소수도세(09월분) | E25: 평택시 고덕국제4길 60-10 202호 | F25: 202호 | G25: 1 | H25: 6 | I25: 20210 | J25: KC 대납
A26: 23 | B26: 46295 | C26: KC대납 관리비 | D26: 숙소가스료(09월분) | E26: 평택시 고덕국제4길 60-10 202호 | F26: 202호 | G26: 1 | H26: 6 | I26: 혹서기로 격월고지 | J26: KC 대납
A27: 24 | B27: 46295 | C27: KC대납 관리비 | D27: 숙소전기료(09월분) | E27: 평택시 고덕국제4길 60-10 202호 | F27: 202호 | G27: 1 | H27: 6 | I27: 165210 | J27: KC 대납
A28: 25 | B28: 46295 | C28: KC대납 관리비 | D28: 숙소수도세(09월분) | E28: 평택시 함박산2길 11 302호 | F28: 302호 | G28: 1 | H28: 6 | I28: 1530 | J28: KC 대납
A29: 26 | B29: 46295 | C29: KC대납 관리비 | D29: 숙소가스료(09월분) | E29: 평택시 함박산2길 11 302호 | F29: 302호 | G29: 1 | H29: 6 | I29: 혹서기로 격월고지 | J29: KC 대납
A30: 27 | B30: 46295 | C30: KC대납 관리비 | D30: 숙소전기료(09월분) | E30: 평택시 함박산2길 11 302호 | F30: 302호 | G30: 1 | H30: 6 | I30: 91760 | J30: KC 대납
A31: 28 | B31: 46295 | C31: KC대납 관리비 | D31: 숙소수도세(09월분) | E31: 평택시 함박산8길 13 201호 | F31: 201호 | G31: 1 | H31: 6 | I31: 25390 | J31: KC 대납
A32: 29 | B32: 46295 | C32: KC대납 관리비 | D32: 숙소가스료(09월분) | E32: 평택시 함박산8길 13 201호 | F32: 201호 | G32: 1 | H32: 6 | I32: 혹서기로 격월고지 | J32: KC 대납
A33: 30 | B33: 46295 | C33: KC대납 관리비 | D33: 숙소전기료(09월분) | E33: 평택시 함박산8길 13 201호 | F33: 201호 | G33: 1 | H33: 6 | I33: 161230 | J33: KC 대납
A34: 31 | B34: 46295 | C34: KC대납 관리비 | D34: 숙소수도세(09월분) | E34: 평택시 고덕여염6길 199 301호 | F34: 301호 | G34: 1 | H34: 6 | I34: 20210 | J34: KC 대납
A35: 32 | B35: 46295 | C35: KC대납 관리비 | D35: 숙소가스료(09월분) | E35: 평택시 고덕여염6길 199 301호 | F35: 301호 | G35: 1 | H35: 6 | I35: 혹서기로 격월고지 | J35: KC 대납
A36: 33 | B36: 46295 | C36: KC대납 관리비 | D36: 숙소전기료(09월분) | E36: 평택시 고덕여염6길 199 301호 | F36: 301호 | G36: 1 | H36: 6 | I36: 29180 | J36: KC 대납
A37: 34 | B37: 46295 | C37: KC대납 관리비 | D37: 숙소수도세(09월분) | E37: 평택시 함박산2길 16 201호 | F37: 201호 | G37: 1 | H37: 6 | I37: 15020 | J37: KC 대납
A38: 35 | B38: 46295 | C38: KC대납 관리비 | D38: 숙소가스료(09월분) | E38: 평택시 함박산2길 16 201호 | F38: 201호 | G38: 1 | H38: 6 | I38: 혹서기로 격월고지 | J38: KC 대납
A39: 36 | B39: 46295 | C39: KC대납 관리비 | D39: 숙소전기료(09월분) | E39: 평택시 함박산2길 16 201호 | F39: 201호 | G39: 1 | H39: 6 | I39: 8260 | J39: KC 대납
A40: 37 | B40: 46295 | C40: KC대납 관리비 | D40: 숙소수도세(09월분) | E40: 평택시 함박산3길 11 202호 | F40: 202호 | G40: 1 | H40: 6 | I40: 22160 | J40: KC 대납
A41: 38 | B41: 46295 | C41: KC대납 관리비 | D41: 숙소가스료(09월분) | E41: 평택시 함박산3길 11 202호 | F41: 202호 | G41: 1 | H41: 6 | I41: 혹서기로 격월고지 | J41: KC 대납
A42: 39 | B42: 46295 | C42: KC대납 관리비 | D42: 숙소전기료(09월분) | E42: 평택시 함박산3길 11 202호 | F42: 202호 | G42: 1 | H42: 6 | I42: 익월청구 | J42: KC 대납
A43: 40 | B43: 46295 | C43: KC대납 관리비 | D43: 숙소수도세(09월분) | E43: 평택시 함박산4길 28 301호 | F43: 301호 | G43: 1 | H43: 6 | I43: 35770 | J43: KC 대납
A44: 41 | B44: 46295 | C44: KC대납 관리비 | D44: 숙소가스료(09월분) | E44: 평택시 함박산4길 28 301호 | F44: 301호 | G44: 1 | H44: 6 | I44: 혹서기로 격월고지 | J44: KC 대납
A45: 42 | B45: 46295 | C45: KC대납 관리비 | D45: 숙소전기료(09월분) | E45: 평택시 함박산4길 28 301호 | F45: 301호 | G45: 1 | H45: 6 | I45: 66220 | J45: KC 대납
A46: 43 | B46: 46295 | C46: KC대납 관리비 | D46: 숙소수도세(09월분) | E46: 평택시 함박산1길 49 202호 | F46: 202호 | G46: 1 | H46: 4 | I46: 익월청구 | J46: KC 대납
A47: 44 | B47: 46295 | C47: KC대납 관리비 | D47: 숙소가스료(09월분) | E47: 평택시 함박산1길 49 202호 | F47: 202호 | G47: 1 | H47: 4 | I47: 혹서기로 격월고지 | J47: KC 대납
A48: 45 | B48: 46295 | C48: KC대납 관리비 | D48: 숙소전기료(09월분) | E48: 평택시 함박산1길 49 202호 | F48: 202호 | G48: 1 | H48: 4 | I48: 34480 | J48: KC 대납
A49: 46 | B49: 46295 | C49: KC대납 관리비 | D49: 숙소수도세(09월분) | E49: 평택시 고덕국제3길 103 202호 | F49: 202호 | G49: 1 | H49: 6 | I49: 21940 | J49: KC 대납
A50: 47 | B50: 46295 | C50: KC대납 관리비 | D50: 숙소가스료(09월분) | E50: 평택시 고덕국제3길 103 202호 | F50: 202호 | G50: 1 | H50: 6 | I50: 혹서기로 격월고지 | J50: KC 대납
A51: 48 | B51: 46295 | C51: KC대납 관리비 | D51: 숙소전기료(09월분) | E51: 평택시 고덕국제3길 103 202호 | F51: 202호 | G51: 1 | H51: 6 | I51: 70600 | J51: KC 대납
A52: 49 | B52: 46295 | C52: KC대납 관리비 | D52: 숙소수도세(09월분) | E52: 평택시 고덕여염12길 10 201호 | F52: 201호 | G52: 1 | H52: 6 | I52: 27160 | J52: KC 대납
A53: 50 | B53: 46295 | C53: KC대납 관리비 | D53: 숙소가스료(09월분) | E53: 평택시 고덕여염12길 10 201호 | F53: 201호 | G53: 1 | H53: 6 | I53: 혹서기로 격월고지 | J53: KC 대납
A54: 51 | B54: 46295 | C54: KC대납 관리비 | D54: 숙소전기료(09월분) | E54: 평택시 고덕여염12길 10 201호 | F54: 201호 | G54: 1 | H54: 6 | I54: 93000 | J54: KC 대납
A55: 52 | B55: 46295 | C55: KC대납 관리비 | D55: 숙소수도세(09월분) | E55: 평택시 함박산2길 32-2 202호 | F55: 202호 | G55: 1 | H55: 6 | I55: 30610 | J55: KC 대납
A56: 53 | B56: 46295 | C56: KC대납 관리비 | D56: 숙소가스료(09월분) | E56: 평택시 함박산2길 32-2 202호 | F56: 202호 | G56: 1 | H56: 6 | I56: 혹서기로 격월고지 | J56: KC 대납
A57: 54 | B57: 46295 | C57: KC대납 관리비 | D57: 숙소전기료(09월분) | E57: 평택시 함박산2길 32-2 202호 | F57: 202호 | G57: 1 | H57: 6 | I57: 32810 | J57: KC 대납
A58: 55 | B58: 46295 | C58: KC대납 관리비 | D58: 숙소수도세(09월분) | E58: 평택시 함박산2길 30 201호 | F58: 201호 | G58: 1 | H58: 6 | I58: 20240 | J58: KC 대납
A59: 56 | B59: 46295 | C59: KC대납 관리비 | D59: 숙소가스료(09월분) | E59: 평택시 함박산2길 30 201호 | F59: 201호 | G59: 1 | H59: 6 | I59: 혹서기로 격월고지 | J59: KC 대납
A60: 57 | B60: 46295 | C60: KC대납 관리비 | D60: 숙소전기료(09월분) | E60: 평택시 함박산2길 30 201호 | F60: 201호 | G60: 1 | H60: 6 | I60: 83920 | J60: KC 대납
A61: 58 | B61: 46295 | C61: KC대납 관리비 | D61: 숙소수도세(09월분) | E61: 평택시 함박산2길 16-1 301호 | F61: 301호 | G61: 1 | H61: 6 | I61: 15050 | J61: KC 대납
A62: 59 | B62: 46295 | C62: KC대납 관리비 | D62: 숙소가스료(09월분) | E62: 평택시 함박산2길 16-1 301호 | F62: 301호 | G62: 1 | H62: 6 | I62: 혹서기로 격월고지 | J62: KC 대납
A63: 60 | B63: 46295 | C63: KC대납 관리비 | D63: 숙소전기료(09월분) | E63: 평택시 함박산2길 16-1 301호 | F63: 301호 | G63: 1 | H63: 6 | I63: 33570 | J63: KC 대납
A64: 61 | B64: 46295 | C64: KC대납 관리비 | D64: 숙소수도세(09월분) | E64: 평택시 함박산1길 23 201호 | F64: 201호 | G64: 1 | H64: 6 | I64: 34070 | J64: KC 대납
A65: 62 | B65: 46295 | C65: KC대납 관리비 | D65: 숙소가스료(09월분) | E65: 평택시 함박산1길 23 201호 | F65: 201호 | G65: 1 | H65: 6 | I65: 혹서기로 격월고지 | J65: KC 대납
A66: 63 | B66: 46295 | C66: KC대납 관리비 | D66: 숙소전기료(09월분) | E66: 평택시 함박산1길 23 201호 | F66: 201호 | G66: 1 | H66: 6 | I66: 익월청구 | J66: KC 대납
A67: 64 | B67: 46295 | C67: KC대납 관리비 | D67: 숙소수도세(09월분) | E67: 평택시 함박산8길 25-1 202호 | F67: 202호 | G67: 1 | H67: 6 | I67: 15050 | J67: KC 대납
A68: 65 | B68: 46295 | C68: KC대납 관리비 | D68: 숙소가스료(09월분) | E68: 평택시 함박산8길 25-1 202호 | F68: 202호 | G68: 1 | H68: 6 | I68: 혹서기로 격월고지 | J68: KC 대납
A69: 66 | B69: 46295 | C69: KC대납 관리비 | D69: 숙소전기료(09월분) | E69: 평택시 함박산8길 25-1 202호 | F69: 202호 | G69: 1 | H69: 6 | I69: 익월청구 | J69: KC 대납
A70: 67 | B70: 46295 | C70: KC대납 관리비 | D70: 숙소수도세(09월분) | E70: 평택시 함박산3길 39 201호 | F70: 201호 | G70: 1 | H70: 6 | I70: 20210 | J70: KC 대납
A71: 68 | B71: 46295 | C71: KC대납 관리비 | D71: 숙소가스료(09월분) | E71: 평택시 함박산3길 39 201호 | F71: 201호 | G71: 1 | H71: 6 | I71: 혹서기로 격월고지 | J71: KC 대납
A72: 69 | B72: 46295 | C72: KC대납 관리비 | D72: 숙소전기료(09월분) | E72: 평택시 함박산3길 39 201호 | F72: 201호 | G72: 1 | H72: 6 | I72: 익월청구 | J72: KC 대납
A73: 70 | B73: 46295 | C73: KC대납 관리비 | D73: 숙소수도세(09월분) | E73: 평택시 함박산2길 7 201호 | F73: 201호 | G73: 1 | H73: 6 | I73: 9840 | J73: KC 대납
A74: 71 | B74: 46295 | C74: KC대납 관리비 | D74: 숙소가스료(09월분) | E74: 평택시 함박산2길 7 201호 | F74: 201호 | G74: 1 | H74: 6 | I74: 혹서기로 격월고지 | J74: KC 대납
A75: 72 | B75: 46295 | C75: KC대납 관리비 | D75: 숙소전기료(09월분) | E75: 평택시 함박산2길 7 201호 | F75: 201호 | G75: 1 | H75: 6 | I75: 익월청구 | J75: KC 대납
A76: 73 | B76: 46295 | C76: KC대납 관리비 | D76: 숙소수도세(09월분) | E76: 평택시 고덕여염12길 142 202호 | F76: 202호 | G76: 1 | H76: 6 | I76: 16750 | J76: KC 대납
A77: 74 | B77: 46295 | C77: KC대납 관리비 | D77: 숙소가스료(09월분) | E77: 평택시 고덕여염12길 142 202호 | F77: 202호 | G77: 1 | H77: 6 | I77: 혹서기로 격월고지 | J77: KC 대납
A78: 75 | B78: 46295 | C78: KC대납 관리비 | D78: 숙소전기료(09월분) | E78: 평택시 고덕여염12길 142 202호 | F78: 202호 | G78: 1 | H78: 6 | I78: 26470 | J78: KC 대납
A79: 76 | B79: 46295 | C79: KC대납 관리비 | D79: 숙소수도세(09월분) | E79: 평택시 고덕갈평10길 53-10 202호 | F79: 202호 | G79: 1 | H79: 6 | I79: 10260 | J79: KC 대납
A80: 77 | B80: 46295 | C80: KC대납 관리비 | D80: 숙소가스료(09월분) | E80: 평택시 고덕갈평10길 53-10 202호 | F80: 202호 | G80: 1 | H80: 6 | I80: 혹서기로 격월고지 | J80: KC 대납
A81: 78 | B81: 46295 | C81: KC대납 관리비 | D81: 숙소전기료(09월분) | E81: 평택시 고덕갈평10길 53-10 202호 | F81: 202호 | G81: 1 | H81: 6 | I81: 61840 | J81: KC 대납
A82: 79 | B82: 46295 | C82: KC대납 관리비 | D82: 숙소수도세(09월분) | E82: 평택시 고덕갈평10길 53-10 302호 | F82: 302호 | G82: 1 | H82: 6 | I82: 1200 | J82: KC 대납
A83: 80 | B83: 46295 | C83: KC대납 관리비 | D83: 숙소가스료(09월분) | E83: 평택시 고덕갈평10길 53-10 302호 | F83: 302호 | G83: 1 | H83: 6 | I83: 혹서기로 격월고지 | J83: KC 대납
A84: 81 | B84: 46295 | C84: KC대납 관리비 | D84: 숙소전기료(09월분) | E84: 평택시 고덕갈평10길 53-10 302호 | F84: 302호 | G84: 1 | H84: 6 | I84: 16810 | J84: KC 대납
A85: 82 | B85: 46295 | C85: KC대납 관리비 | D85: 숙소수도세(09월분) | E85: 평택시 고덕갈평9길 57 302호 | F85: 302호 | G85: 1 | H85: 6 | I85: 20210 | J85: KC 대납
A86: 83 | B86: 46295 | C86: KC대납 관리비 | D86: 숙소가스료(09월분) | E86: 평택시 고덕갈평9길 57 302호 | F86: 302호 | G86: 1 | H86: 6 | I86: 혹서기로 격월고지 | J86: KC 대납
A87: 84 | B87: 46295 | C87: KC대납 관리비 | D87: 숙소전기료(09월분) | E87: 평택시 고덕갈평9길 57 302호 | F87: 302호 | G87: 1 | H87: 6 | I87: 31910 | J87: KC 대납
A88: 85 | B88: 46295 | C88: KC대납 관리비 | D88: 숙소수도세(09월분) | E88: 평택시 고덕갈평10길 40 301호 | F88: 301호 | G88: 1 | H88: 6 | I88: 35620 | J88: KC 대납
A89: 86 | B89: 46295 | C89: KC대납 관리비 | D89: 숙소가스료(09월분) | E89: 평택시 고덕갈평10길 40 301호 | F89: 301호 | G89: 1 | H89: 6 | I89: 혹서기로 격월고지 | J89: KC 대납
A90: 87 | B90: 46295 | C90: KC대납 관리비 | D90: 숙소전기료(09월분) | E90: 평택시 고덕갈평10길 40 301호 | F90: 301호 | G90: 1 | H90: 6 | I90: 68540 | J90: KC 대납
A91: 88 | B91: 46295 | C91: KC대납 관리비 | D91: 숙소수도세(09월분) | E91: 평택시 고덕여염11길 14 202호 | F91: 202호 | G91: 1 | H91: 6 | I91: 47330 | J91: KC 대납
A92: 89 | B92: 46295 | C92: KC대납 관리비 | D92: 숙소가스료(09월분) | E92: 평택시 고덕여염11길 14 202호 | F92: 202호 | G92: 1 | H92: 6 | I92: 혹서기로 격월고지 | J92: KC 대납
A93: 90 | B93: 46295 | C93: KC대납 관리비 | D93: 숙소전기료(09월분) | E93: 평택시 고덕여염11길 14 202호 | F93: 202호 | G93: 1 | H93: 6 | I93: 59270 | J93: KC 대납
A94: 91 | B94: 46295 | C94: KC대납 관리비 | D94: 숙소수도세(09월분) | E94: 평택시 함박산3길 37 301호 | F94: 301호 | G94: 1 | H94: 6 | I94: 46140 | J94: KC 대납
A95: 92 | B95: 46295 | C95: KC대납 관리비 | D95: 숙소가스료(09월분) | E95: 평택시 함박산3길 37 301호 | F95: 301호 | G95: 1 | H95: 6 | I95: 혹서기로 격월고지 | J95: KC 대납
A96: 93 | B96: 46295 | C96: KC대납 관리비 | D96: 숙소전기료(09월분) | E96: 평택시 함박산3길 37 301호 | F96: 301호 | G96: 1 | H96: 6 | I96: 70680 | J96: KC 대납
A97: 94 | B97: 46295 | C97: KC대납 관리비 | D97: 숙소수도세(09월분) | E97: 평택시 고덕갈평10길 34 301호 | F97: 301호 | G97: 1 | H97: 6 | I97: 익월청구 | J97: KC 대납
A98: 95 | B98: 46295 | C98: KC대납 관리비 | D98: 숙소가스료(09월분) | E98: 평택시 고덕갈평10길 34 301호 | F98: 301호 | G98: 1 | H98: 6 | I98: 혹서기로 격월고지 | J98: KC 대납
A99: 96 | B99: 46295 | C99: KC대납 관리비 | D99: 숙소전기료(09월분) | E99: 평택시 고덕갈평10길 34 301호 | F99: 301호 | G99: 1 | H99: 6 | I99: 익월청구 | J99: KC 대납
A100: 97 | B100: 46295 | C100: KC대납 관리비 | D100: 이사정산 | E100: 함박산12길35 301호 | F100: 301호 | G100: 1 | I100: 674170 | J100: KC 대납
...

Sheet 식대비용
A1: 식대 비용
A2: No. | B2: 납부일 | C2: 구분 | D2: 품명 | E2: 거래처명 | F2: 수량 | G2: 식수인원 | H2: 단가 | I2: 합 계 | J2: 비 고
I3: =SUM(I4:I5) -> 50466045 | L3: 입력해야하는 항목 외 수정 금지
A4: 1 | B4: 46295 | C4: KC대납 식대 | D4: 기술인및관리자 (현장 식당) | E4: 포세카 | F4: 3283 | G4: 99 | H4: 6181.82 | I4: 20247045 | J4: KC 대납 | L4: 입력항목
A5: 2 | B5: 46295 | C5: KC대납 식대 | D5: 기술인및관리자 (현장 식당) | E5: 밥심 | F5: 4317 | G5: 127 | H5: 7000 | I5: =F5*H5 -> 30219000 | J5: KC 대납 | L5: 납부일
L6: 구분
L7: 품명
L8: 거래처명
L9: 수량
L10: 식수인원
L11: 단가
L13: ■ 구분은 [KC대납 식대 및 식대] 이외 항목은 입력금지

Sheet 기타비용
A1: 기타 비용
A2: No. | B2: 구매일 | C2: 구분 | D2: 품명 | E2: 거래처명 | F2: 수량 | G2: 단가 | H2: 합계 | I2: 비고
H3: =SUM(H4:H34) -> 923200 | K3: 입력해야하는 항목 외 수정 금지
A4: 1 | B4: 46268 | C4: 소모품비 | D4: 고무플러그 [220V [진흥]] | E4: 미래공구 | F4: 10 | G4: 3200 | H4: =F4*G4 -> 32000 | I4: 거래명세서 첨부 | K4: 입력항목
A5: 2 | B5: 46268 | C5: 소모품비 | D5: 다이아몬드줄 [160mm,반원 [삼익]] | E5: 미래공구 | F5: 5 | G5: 6500 | H5: =F5*G5 -> 32500 | I5: 거래명세서 첨부 | K5: 납부일
A6: 3 | B6: 46272 | C6: 소모품비 | D6: PVC망 [공간7MM,폭이4자*9M] | E6: 미래공구 | F6: 3 | G6: 53100 | H6: =F6*G6 -> 159300 | I6: 거래명세서 첨부 | K6: 구분
A7: 4 | B7: 46273 | C7: 소모품비 | D7: 낙상경보기부품 [풀피리,대] | E7: 미래공구 | F7: 500 | G7: 100 | H7: =F7*G7 -> 50000 | I7: 거래명세서 첨부 | K7: 품명
A8: 5 | B8: 46273 | C8: 소모품비 | D8: 밴드쏘날 [1640*13*0.65-14T [WESPA]] | E8: 미래공구 | F8: 10 | G8: 12000 | H8: =F8*G8 -> 120000 | I8: 거래명세서 첨부 | K8: 거래처명
A9: 6 | B9: 46273 | C9: 소모품비 | D9: 마대 [PP,신재 [국산/HNS]] | E9: 미래공구 | F9: 50 | G9: 500 | H9: =F9*G9 -> 25000 | I9: 거래명세서 첨부 | K9: 수량
A10: 7 | B10: 46273 | C10: 소모품비 | D10: 마대 [수입,90kg,100L,75*110 [SWS]] | E10: 미래공구 | F10: 100 | G10: 300 | H10: =F10*G10 -> 30000 | I10: 거래명세서 첨부 | K10: 식수인원
A11: 8 | B11: 46273 | C11: 소모품비 | D11: 페인트붓 [1" [동양]] | E11: 미래공구 | F11: 5 | G11: 1500 | H11: =F11*G11 -> 7500 | I11: 거래명세서 첨부 | K11: 단가
A12: 9 | B12: 46273 | C12: 소모품비 | D12: 제트브로치(PROCUT) [14*35L [우창]] | E12: 미래공구 | F12: 2 | G12: 31000 | H12: =F12*G12 -> 62000 | I12: 거래명세서 첨부
A13: 10 | B13: 46273 | C13: 소모품비 | D13: 파이롯트핀 [6.34*90L(12~17) [우창]] | E13: 미래공구 | F13: 2 | G13: 4100 | H13: =F13*G13 -> 8200 | I13: 거래명세서 첨부 | K13: ■ 구분은 [KC대납 식대 및 식대] 이외 항목은 입력금지
A14: 11 | B14: 46274 | C14: 소모품비 | D14: PP로프 [6mm*100m [SWS]] | E14: 미래공구 | F14: 1 | G14: 10300 | H14: =F14*G14 -> 10300 | I14: 거래명세서 첨부
A15: 12 | B15: 46274 | C15: 소모품비 | D15: 낙상경보기부품 [풀피리] | E15: 미래공구 | F15: 20 | G15: 100 | H15: =F15*G15 -> 2000 | I15: 거래명세서 첨부
A16: 13 | B16: 46274 | C16: 소모품비 | D16: 마대 [수입,90kg,100L,75*110 [SWS]] | E16: 미래공구 | F16: 100 | G16: 300 | H16: =F16*G16 -> 30000 | I16: 거래명세서 첨부
A17: 14 | B17: 46274 | C17: 소모품비 | D17: 번호열쇠 [XD-40,4열 [자커]] | E17: 미래공구 | F17: 10 | G17: 3600 | H17: =F17*G17 -> 36000 | I17: 거래명세서 첨부
A18: 15 | B18: 46274 | C18: 소모품비 | D18: 방청유 [WD-40,360ML [BEX]] | E18: 미래공구 | F18: 2 | G18: 5500 | H18: =F18*G18 -> 11000 | I18: 거래명세서 첨부
A19: 16 | B19: 46275 | C19: 소모품비 | D19: 수세미 [MIGHTY BLUE PAD,녹색 [3M]] | E19: 미래공구 | F19: 10 | G19: 1100 | H19: =F19*G19 -> 11000 | I19: 거래명세서 첨부
A20: 17 | B20: 46275 | C20: 소모품비 | D20: 네임펜 [양면,흑색,12개 [모나미]] | E20: 미래공구 | F20: 3 | G20: 12400 | H20: =F20*G20 -> 37200 | I20: 거래명세서 첨부
A21: 18 | B21: 46276 | C21: 소모품비 | D21: 용접검사거울 [SM-914 [스마토]] | E21: 미래공구 | F21: 2 | G21: 4700 | H21: =F21*G21 -> 9400 | I21: 거래명세서 첨부
A22: 19 | B22: 46281 | C22: 소모품비 | D22: 알곤토치헤드 [350A,플렉시블,CT-35F,CTX [크레토스]] | E22: 미래공구 | F22: 3 | G22: 10500 | H22: =F22*G22 -> 31500 | I22: 거래명세서 첨부
A23: 20 | B23: 46281 | C23: 소모품비 | D23: 마대 [PP,신재 [국산/HNS]] | E23: 미래공구 | F23: 50 | G23: 500 | H23: =F23*G23 -> 25000 | I23: 거래명세서 첨부
A24: 21 | B24: 46281 | C24: 소모품비 | D24: 양면테이프 [50mm*6m,핫멧트 [HNS]] | E24: 미래공구 | F24: 10 | G24: 900 | H24: =F24*G24 -> 9000 | I24: 거래명세서 첨부
A25: 22 | B25: 46282 | C25: 소모품비 | D25: 수리비,레이져레벨기 [RX20,수직,수평,코어 [코텐]] | E25: 미래공구 | F25: 1 | G25: 30000 | H25: =F25*G25 -> 30000 | I25: 거래명세서 첨부
... A34: 31 | B34: 46293 | C34: 소모품비 | D34: 에폭시접착제 [매직스틱,다목적용,114G,CTX [엑시아]] | E34: 미래공구 | F34: 5 | G34: 8500 | H34: =F34*G34 -> 42500 | I34: 거래명세서 첨부

Sheet 서명란
B2: 현 장 확 인 | C2: 소 장 | E2: (서명)
C3: 공 사 | E3: (서명)
C4: 공 무 | E4: (서명)
G6: 사 업 부 | H6: Frontier 사업부 GNP 본부장 | I6: BOC 센터장 | J6: Frontier 사업부장
L8: 본 사 | M8: 담 당 | N8: 검 토 | O8: 검 토
Q11: 구 분 | R11: 확 인
Q12: 품 질 | R12: O O O (인)
Q13: 공 무 | R13: O O O (인)

Sheet DIA-INCH
B3: SIZE
B4: A(mm) | C4: Inch
B5: 8A | C5: 0.25
B6: 15A | C6: 0.5
B7: 20A | C7: 0.75
B8: 25A | C8: 1
B9: 32A | C9: 1.25
B10: 40A | C10: 1.5
B11: 50A | C11: 2
B12: 65A | C12: 2.5
B13: 80A | C13: 3
B14: 100A | C14: 4
B15: 110A | C15: 4
B16: 125A | C16: 5
... B27: 550A | C27: 22
