Workbook

Sheet 용역청구서 표지
B4: 용 역 청 구 서
B7: P4 Ph2 GAS&PCW 1공구
C8: S26-001
C14: 2026년 07월
C15: 대성이엔지

Sheet 용역 청구서(갑지)
A1: 용 역 청 구 서
A3: 1 | B3: 공 사 명 | C3: : | D3: ='용역청구서 표지'!$B$7 -> P4 Ph2 GAS&PCW 1공구 | E3: ='용역청구서 표지'!$C$8 -> S26-001
A4: 2 | B4: 공 종 | C4: : | D4: 외주용역(M/M부분)
A5: 3 | B5: 계 약 금 액 | C5: : | D5: =ROUNDUP(E5,0) -> 0 | E5: =집계장!J23 -> 0 | F5: (VAT 별도)
A6: 4 | B6: 누 계 기 성 금 액 | C6: : | D6: =ROUNDUP(E6,0) -> 152100000 | E6: =E7+E13 -> 152100000 | F6: (VAT 별도)
A7: 5 | B7: 전 회 기 성 금 액 | C7: : | D7: =ROUNDUP(E7,0) -> 0 | E7: 0 | F7: (VAT 별도)
A8: 6 | B8: 금 회 기 성 금 액 | C8: : | D8: =ROUNDUP(E8,0) -> 152100000 | E8: =집계장!I23 -> 152100000 | F8: (VAT 별도)
A9: 7 | B9: 선 금 액 | C9: : | D9: =ROUNDUP(E9,0) -> 30000000 | E9: =집계장!L21 -> 30000000 | F9: (VAT 별도)
A10: 8 | B10: 선 금 전 회 공 제 | C10: : | D10: =ROUNDUP(E10,0) -> 0 | E10: =집계장!H21 -> 0 | F10: (VAT 별도)
A11: 9 | B11: 선 금 금 회 공 제 | C11: : | D11: =ROUNDUP(E11,0) -> 0 | E11: =집계장!G21 -> 0 | F11: (VAT 별도)
A12: 10 | B12: 선 금 잔 여 금 액 | C12: : | D12: =ROUNDUP(E12,0) -> 0 | E12: =집계장!M21 -> 0 | F12: (VAT 별도)
A13: 11 | B13: 금 회 청 구 금 액 | C13: : | D13: =ROUNDUP(E13,0) -> 152100000 | E13: =집계장!G23 -> 152100000 | F13: (VAT 별도)
A14: 12 | B14: 잔 여 기 성 금 액 | C14: : | D14: =ROUNDUP(E14,0) -> 0 | F14: (VAT 별도)
A15: 13 | B15: 공 정 율 | C15: : | D15: 1
A16: 14 | B16: 청 구 공 사 기 간 | C16: : | D16: 2026. 07. 01 ~ 2026. 07. 31
B18: 위 공사의 하도급에 있어서 공사설계도서, 시방서,품질관리 기준 및 약정대로 시공 되었음을 확인하오며. 만약 귀사의 현장담당의 검사에
B19: 관하여 하자가 발견된 때에는 즉시 실액배상 또는 재 시공할것을 서약하고 이에 기성 청구서를 제출합니다.
B20: 상기건과 관련하여 본 청구 이전까지의 모든 대금은 수령하였음을 확약합니다.
F21: 작 성 일 : 2026 년 07 월 31 일
F23: 상 호 : | G23: 대성이엔지
B24: ※첨 부 : 기성내역서 1부. | F24: 주 소 : | G24: 경기도 파주시 파주읍 주라위길 380
F25: 대표이사 : | G25: 정 성 기 | I25: (인)
D26: ㈜케이씨이앤씨 귀하

Sheet 용역 내역서(을지)
A1: 용 역 내 역 서
A2: P4 Ph4 GAS 1공구 마감공사 | G2: 단위 : 원
A3: 품 명 | B3: 규 격 | C3: 단위 | D3: 단 가 | E3: 금 회 청 구
E4: 수 량 | F4: 금 액 | G4: 비 고
A5: 고급기술인 | B5: S+ | C5: M/M | D5: 1400000 | E5: 1 | F5: =D5*E5 -> 1400000
A6: 고급기술인 | B6: S | C6: M/M | D6: 1200000 | F6: =D6*E6 -> 0
A7: 중급기술인 | B7: A+ | C7: M/M | D7: 1000000 | F7: =D7*E7 -> 0
A8: 중급기술인 | B8: A | C8: M/M | D8: 900000 | F8: =D8*E8 -> 0
A9: 중급기술인 | B9: B+ | C9: M/M | D9: 800000 | F9: =D9*E9 -> 0
A10: 중급기술인 | B10: B | C10: M/M | D10: 700000 | F10: =D10*E10 -> 0
A11: 초급 기술인 | B11: C | C11: M/M | D11: 600000 | F11: =D11*E11 -> 0
A13: 인센티브 | E13: 0.01 | F13: =SUM(F5:F11)*E13 -> 14000
A15: 총 계 | E15: =SUM(E5:E11) -> 1 | F15: =SUM(F5:F13) -> 1414000

Sheet 내역서(을지)
A1: 용 역 내 역 서
A2: =집계장!B2 -> P4 Ph2 GAS&PCW 1공구 | G2: 단위 : 원
A3: 품 명 | B3: 규 격 | C3: 단위 | D3: 단 가 | E3: 금 회 청 구 | G3: 비 고
E4: 수 량 | F4: 금 액
A5: 고급기술인 | B5: S+ | C5: M/M | D5: 1400000 | E5: 8 | F5: =D5*E5 -> 11200000
A6: 고급기술인 | B6: S | C6: M/M | D6: 1200000 | E6: 2 | F6: =D6*E6 -> 2400000
A7: 중급기술인 | B7: A+ | C7: M/M | D7: 1000000 | E7: 6 | F7: =D7*E7 -> 6000000
A8: 중급기술인 | B8: A | C8: M/M | D8: 900000 | E8: 1 | F8: =D8*E8 -> 900000
A9: 중급기술인 | B9: B+ | C9: M/M | D9: 800000 | E9: 4 | F9: =D9*E9 -> 3200000
A10: 중급기술인 | B10: B | C10: M/M | D10: 700000 | E10: 9 | F10: =D10*E10 -> 6300000
A11: 초급기술인 | B11: C | C11: M/M | D11: 600000 | F11: =D11*E11 -> 0
A27: 총 계 | E27: =SUM(E5:E11) -> 30 | F27: =SUM(F5:F26) -> 30000000

Sheet 집계장
B2: ='용역청구서 표지'!$B$7 -> P4 Ph2 GAS&PCW 1공구
M3: ='용역청구서 표지'!$C$15 -> 대성이엔지
B4: 구분 | C4: 내역 | D4: 단위 | E4: 수량 | F4: 단가 | G4: 합계 | H4: 전회기성 | I4: 금회기성 | J4: 누계기성 | K4: 비 고
B5: 1. 물량 | C5: WELDING POINT | D5: D/I | E5: =SUM('물량 내역서'!$J$6:$J$28) -> 3011 | F5: =G5/E5 -> 475000 | G5: =SUM('물량 내역서'!$K$6:$K$28) -> 1430225000 | H5: 1626162500 | I5: =G5 -> 1430225000 | J5: =H5+I5 -> 3056387500
C6: VALVE 설치비 | D6: EA | E6: =SUM('물량 내역서'!$J$29:$J$51) -> 0 | F6: =G6/E6 -> #DIV/0! | G6: =SUM('물량 내역서'!$K$29:$K$51) -> 0 | H6: 0 | I6: =G6 -> 0 | J6: =H6+I6 -> 0
C7: 인원 실투입 | D7: M/D | E7: ='근로내역 (07월)'!AN205 -> 0 | F7: 0 | G7: =E7*F7 -> 0 | H7: 0 | I7: =G7 -> 0 | J7: =H7+I7 -> 0
B8: 소 계 | C8: 물량 | G8: =SUM(G5:G7) -> 1430225000 | H8: =SUM(H5:H7) -> 1626162500 | I8: =G8 -> 1430225000 | J8: =H8+I8 -> 3056387500
B9: 2. 노무비 | C9: 직접노무비 | D9: 式 | E9: ='근로내역 (07월)'!AN193 -> 5868.8125 | F9: =G9/E9 -> 192680.91 | G9: ='근로내역 (07월)'!AP206 -> 1130808125 | H9: 1501806250 | I9: =G9 -> 1130808125 | J9: =H9+I9 -> 2632614375
B10: 3. 숙소 및 식대 | C10: 임대료+관리비 | D10: 式 | E10: =SUM(숙소임차료!H4:H6)+SUM(숙소관리비!H4:H8) -> 48 | F10: =G10/E10 -> 1429566.9 | G10: =숙소임차료!I3+숙소관리비!I3 -> 68619210 | H10: 139397160 | I10: =G10 -> 68619210 | J10: =H10+I10 -> 208016370
C11: 식대 | D11: 式 | E11: =SUM(식대비용!G4:G4) -> 132 | F11: =G11/E11 -> 499474.86 | G11: =식대비용!I3 -> 65930682 | H11: 107133818 | I11: =G11 -> 65930682 | J11: =H11+I11 -> 173064500
B12: 4. 기타 공제 내역 | D12: 式 | F12: 0 | G12: =E12*F12 -> 0 | I12: =G12 -> 0 | J12: =H12+I12 -> 0
B13: 소 계 | C13: 공제 | G13: =SUM(G9:G12) -> 1265358017 | H13: =SUM(H9:H12) -> 1748337228 | I13: =G13 -> 1265358017 | J13: =H13+I13 -> 3013695245
B14: 합 계 | C14: 기성 (물량-공제) | G14: =G8-G13 -> 164866983 | H14: =H8-H13 -> -122174728 | I14: =G14 -> 164866983 | J14: =H14+I14 -> 42692255
B15: 5. 유보금 | C15: 기성금*XX% | D15: 式 | G15: 12692255 | I15: =G15 -> 12692255 | J15: =H15+I15 -> 12692255
B16: 6. 유보금 차액 | C16: 전회 누계유보금 | D16: 式 | I16: =G16 -> 0 | J16: =H16+I16 -> 0
B17: 7. NEGO | C17: NEGO | D17: 式 | I17: =G17 -> 0
B18: 8. 선지급금 | D18: 式 | H18: 30000000 | I18: =G18 -> 0 | J18: 30000000
B19: 총 계 | C19: 최종기성 | G19: =G14-G15-G16-G17-G18 -> 152174728 | H19: =H14+H15+H16+H17-H18 -> -152174728 | I19: =G19 -> 152174728 | J19: =H19+I19 -> 0
B20: 선급금 | C20: 선수공제 | D20: 式 | G20: 0 | I20: =G20 -> 0 | J20: =H20+I20 -> 0 | L20: 지급 선급금 | M20: 선급금 차액
C21: 단수정리 | D21: 式 | G21: =ROUNDDOWN(G20,-5) -> 0 | I21: =G21 -> 0 | J21: =H21+I21 -> 0 | K21: 만 단위 이하 절사 | L21: =H18 -> 30000000
B22: 공제 후 실 지급액 | G22: =G19-G21 -> 152174728 | H22: =H19-H21 -> -152174728 | I22: =G22 -> 152174728 | J22: =H22+I22 -> 0
B23: 세금계산서 기준 | G23: =ROUNDDOWN(G22,-5) -> 152100000 | H23: =ROUNDDOWN(H22,-5) -> -152100000 | I23: =G23 -> 152100000 | J23: =ROUNDDOWN(J22,-5) -> 0 | K23: 만 단위 이하 절사
B24: TERMS AND CONDITIONS | E24: NOTE
B25: 1. 납 기 : KCEnC 지정 납기로 별도 협의 하에 결정하는 것으로 함.
B26: 2. 지불조건 : KCEnC 지불 조건에 따름.
B27: 3. 유효기간 : 기성 제출일로 부터 30일 이내

Sheet 물량 내역서
A1: 2026년 (07)월 물량 내역서
A2: ='용역청구서 표지'!$B$7 -> P4 Ph2 GAS&PCW 1공구 | M2: 단위 : 원
A3: 품 명 | B3: 규 격 | C3: 단위 | D3: W/P 수량 | E3: 단 가 | F3: 계 약 내 역 | H3: 전 회 누 계 물 량 | J3: 금 회 물 량 | L3: 누 계 물 량
F4: D/I 수량 | G4: 금액 | H4: D/I 수량 | I4: 금액 | J4: D/I 수량 | K4: 금액 | L4: D/I 수량 | M4: 금액
A6: WEDING POINT | B6: 8A | C6: POINT | D6: 0 | E6: 475000 | F6: =L6 -> 0 | G6: =M6 -> 0 | J6: =$D6*'DIA-INCH'!$C5 -> 0 | K6: =$E6*$J6 -> 0 | L6: =H6+J6 -> 0 | M6: =I6+K6 -> 0
A7: WEDING POINT | B7: 15A | C7: POINT | D7: 0 | E7: 475000 | F7: =L7 -> 0 | G7: =M7 -> 0 | J7: =$D7*'DIA-INCH'!$C6 -> 0 | K7: =$E7*$J7 -> 0 | L7: =H7+J7 -> 0 | M7: =I7+K7 -> 0
A8: WEDING POINT | B8: 20A | C8: POINT | D8: 0 | E8: 475000 | F8: =L8 -> 0 | G8: =M8 -> 0 | J8: =$D8*'DIA-INCH'!$C7 -> 0 | K8: =$E8*$J8 -> 0 | L8: =H8+J8 -> 0 | M8: =I8+K8 -> 0
A9: WEDING POINT | B9: 25A | C9: POINT | D9: 307 | E9: 475000 | F9: =L9 -> 574 | G9: =M9 -> 272650000 | H9: 267 | I9: 126825000 | J9: =$D9*'DIA-INCH'!$C8 -> 307 | K9: =$E9*$J9 -> 145825000 | L9: =H9+J9 -> 574 | M9: =I9+K9 -> 272650000
A10: WEDING POINT | B10: 32A | C10: POINT | D10: 0 | E10: 475000 | F10: =L10 -> 0 | G10: =M10 -> 0 | H10: 0 | I10: 0 | J10: =$D10*'DIA-INCH'!$C9 -> 0 | K10: =$E10*$J10 -> 0 | L10: =H10+J10 -> 0 | M10: =I10+K10 -> 0
A11: WEDING POINT | B11: 40A | C11: POINT | D11: 224 | E11: 475000 | F11: =L11 -> 573 | G11: =M11 -> 272175000 | H11: 237 | I11: 112575000 | J11: =$D11*'DIA-INCH'!$C10 -> 336 | K11: =$E11*$J11 -> 159600000 | L11: =H11+J11 -> 573 | M11: =I11+K11 -> 272175000
A12: WEDING POINT | B12: 50A | C12: POINT | D12: 62 | E12: 475000 | F12: =L12 -> 352 | G12: =M12 -> 167200000 | H12: 228 | I12: 108300000 | J12: =$D12*'DIA-INCH'!$C11 -> 124 | K12: =$E12*$J12 -> 58900000 | L12: =H12+J12 -> 352 | M12: =I12+K12 -> 167200000
A13: WEDING POINT | B13: 65A | C13: POINT | D13: 166 | E13: 475000 | F13: =L13 -> 592.5 | G13: =M13 -> 281437500 | H13: 177.5 | I13: 84312500 | J13: =$D13*'DIA-INCH'!$C12 -> 415 | K13: =$E13*$J13 -> 197125000 | L13: =H13+J13 -> 592.5 | M13: =I13+K13 -> 281437500
A14: WEDING POINT | B14: 80A | C14: POINT | D14: 74 | E14: 475000 | F14: =L14 -> 384 | G14: =M14 -> 182400000 | H14: 162 | I14: 76950000 | J14: =$D14*'DIA-INCH'!$C13 -> 222 | K14: =$E14*$J14 -> 105450000 | L14: =H14+J14 -> 384 | M14: =I14+K14 -> 182400000
A15: WEDING POINT | B15: 100A | C15: POINT | D15: 51 | E15: 475000 | F15: =L15 -> 608 | G15: =M15 -> 288800000 | H15: 404 | I15: 191900000 | J15: =$D15*'DIA-INCH'!$C14 -> 204 | K15: =$E15*$J15 -> 96900000 | L15: =H15+J15 -> 608 | M15: =I15+K15 -> 288800000
A16: WEDING POINT | B16: 110A | C16: POINT | D16: 0 | E16: 475000 | F16: =L16 -> 0 | G16: =M16 -> 0 | H16: 0 | I16: 0 | J16: =$D16*'DIA-INCH'!$C15 -> 0 | K16: =$E16*$J16 -> 0 | L16: =H16+J16 -> 0 | M16: =I16+K16 -> 0
A17: WEDING POINT | B17: 125A | C17: POINT | D17: 207 | E17: 475000 | F17: =L17 -> 1935 | G17: =M17 -> 919125000 | H17: 900 | I17: 427500000 | J17: =$D17*'DIA-INCH'!$C16 -> 1035 | K17: =$E17*$J17 -> 491625000 | L17: =H17+J17 -> 1935 | M17: =I17+K17 -> 919125000
A18: WEDING POINT | B18: 150A | C18: POINT | D18: 0 | E18: 475000 | F18: =L18 -> 0 | G18: =M18 -> 0 | H18: 0 | I18: 0 | J18: =$D18*'DIA-INCH'!$C17 -> 0 | K18: =$E18*$J18 -> 0 | L18: =H18+J18 -> 0 | M18: =I18+K18 -> 0
A19: WEDING POINT | B19: 175A | C19: POINT | D19: 0 | E19: 475000 | F19: =L19 -> 0 | G19: =M19 -> 0 | H19: 0 | I19: 0 | J19: =$D19*'DIA-INCH'!$C18 -> 0 | K19: =$E19*$J19 -> 0 | L19: =H19+J19 -> 0 | M19: =I19+K19 -> 0
A20: WEDING POINT | B20: 200A | C20: POINT | D20: 42 | E20: 475000 | F20: =L20 -> 1384 | G20: =M20 -> 657400000 | H20: 1048 | I20: 497800000 | J20: =$D20*'DIA-INCH'!$C19 -> 336 | K20: =$E20*$J20 -> 159600000 | L20: =H20+J20 -> 1384 | M20: =I20+K20 -> 657400000
A21: WEDING POINT | B21: 225A | C21: POINT | D21: 0 | E21: 475000 | F21: =L21 -> 0 | G21: =M21 -> 0 | J21: =$D21*'DIA-INCH'!$C20 -> 0 | K21: =$E21*$J21 -> 0 | L21: =H21+J21 -> 0 | M21: =I21+K21 -> 0
A22: WEDING POINT | B22: 250A | C22: POINT | D22: 2 | E22: 475000 | F22: =L22 -> 20 | G22: =M22 -> 9500000 | J22: =$D22*'DIA-INCH'!$C21 -> 20 | K22: =$E22*$J22 -> 9500000 | L22: =H22+J22 -> 20 | M22: =I22+K22 -> 9500000
A23: WEDING POINT | B23: 300A | C23: POINT | D23: 1 | E23: 475000 | F23: =L23 -> 12 | G23: =M23 -> 5700000 | J23: =$D23*'DIA-INCH'!$C22 -> 12 | K23: =$E23*$J23 -> 5700000 | L23: =H23+J23 -> 12 | M23: =I23+K23 -> 5700000
A24: WEDING POINT | B24: 350A | C24: POINT | D24: 0 | E24: 475000 | F24: =L24 -> 0 | G24: =M24 -> 0 | J24: =$D24*'DIA-INCH'!$C23 -> 0 | K24: =$E24*$J24 -> 0 | L24: =H24+J24 -> 0 | M24: =I24+K24 -> 0
A25: WEDING POINT | B25: 400A | C25: POINT | D25: 0 | E25: 475000 | F25: =L25 -> 0 | G25: =M25 -> 0 | J25: =$D25*'DIA-INCH'!$C24 -> 0 | K25: =$E25*$J25 -> 0 | L25: =H25+J25 -> 0 | M25: =I25+K25 -> 0
A26: WEDING POINT | B26: 450A | C26: POINT | D26: 0 | E26: 475000 | F26: =L26 -> 0 | G26: =M26 -> 0 | J26: =$D26*'DIA-INCH'!$C25 -> 0 | K26: =$E26*$J26 -> 0 | L26: =H26+J26 -> 0 | M26: =I26+K26 -> 0
A27: WEDING POINT | B27: 500A | C27: POINT | D27: 0 | E27: 475000 | F27: =L27 -> 0 | G27: =M27 -> 0 | J27: =$D27*'DIA-INCH'!$C26 -> 0 | K27: =$E27*$J27 -> 0 | L27: =H27+J27 -> 0 | M27: =I27+K27 -> 0
A28: WEDING POINT | B28: 550A | C28: POINT | D28: 0 | E28: 475000 | F28: =L28 -> 0 | G28: =M28 -> 0 | J28: =$D28*'DIA-INCH'!$C27 -> 0 | K28: =$E28*$J28 -> 0 | L28: =H28+J28 -> 0 | M28: =I28+K28 -> 0
A29: VALVE 설치비 | B29: 8A | C29: EA | D29: 0 | E29: =$E$32*'DIA-INCH'!$C5 -> 12500 | F29: =L29 -> 0 | G29: =M29 -> 0 | J29: =D29 -> 0 | K29: =$J29*$E29 -> 0 | L29: =H29+J29 -> 0 | M29: =I29+K29 -> 0
A30: VALVE 설치비 | B30: 15A | C30: EA | E30: =$E$32*'DIA-INCH'!$C6 -> 25000 | F30: =L30 -> 0 | G30: =M30 -> 0 | J30: =D30 -> 0 | K30: =$J30*$E30 -> 0 | L30: =H30+J30 -> 0 | M30: =I30+K30 -> 0
A31: VALVE 설치비 | B31: 20A | C31: EA | E31: =$E$32*'DIA-INCH'!$C7 -> 37500 | F31: =L31 -> 0 | G31: =M31 -> 0 | J31: =D31 -> 0 | K31: =$J31*$E31 -> 0 | L31: =H31+J31 -> 0 | M31: =I31+K31 -> 0
A32: VALVE 설치비 | B32: 25A | C32: EA | E32: 50000 | F32: =L32 -> 0 | G32: =M32 -> 0 | J32: =D32 -> 0 | K32: =$J32*$E32 -> 0 | L32: =H32+J32 -> 0 | M32: =I32+K32 -> 0
A33: VALVE 설치비 | B33: 32A | C33: EA | E33: =$E$32*'DIA-INCH'!$C9 -> 62500 | F33: =L33 -> 0 | G33: =M33 -> 0 | J33: =D33 -> 0 | K33: =$J33*$E33 -> 0 | L33: =H33+J33 -> 0 | M33: =I33+K33 -> 0
A34: VALVE 설치비 | B34: 40A | C34: EA | E34: =$E$32*'DIA-INCH'!$C10 -> 75000 | F34: =L34 -> 0 | G34: =M34 -> 0 | J34: =D34 -> 0 | K34: =$J34*$E34 -> 0 | L34: =H34+J34 -> 0 | M34: =I34+K34 -> 0
A35: VALVE 설치비 | B35: 50A | C35: EA | E35: =$E$32*'DIA-INCH'!$C11 -> 100000 | F35: =L35 -> 0 | G35: =M35 -> 0 | J35: =D35 -> 0 | K35: =$J35*$E35 -> 0 | L35: =H35+J35 -> 0 | M35: =I35+K35 -> 0
A36: VALVE 설치비 | B36: 65A | C36: EA | E36: =$E$32*'DIA-INCH'!$C12 -> 125000 | F36: =L36 -> 0 | G36: =M36 -> 0 | J36: =D36 -> 0 | K36: =$J36*$E36 -> 0 | L36: =H36+J36 -> 0 | M36: =I36+K36 -> 0
A37: VALVE 설치비 | B37: 80A | C37: EA | E37: =$E$32*'DIA-INCH'!$C13 -> 150000 | F37: =L37 -> 0 | G37: =M37 -> 0 | J37: =D37 -> 0 | K37: =$J37*$E37 -> 0 | L37: =H37+J37 -> 0 | M37: =I37+K37 -> 0
A38: VALVE 설치비 | B38: 100A | C38: EA | E38: =$E$32*'DIA-INCH'!$C14 -> 200000 | F38: =L38 -> 0 | G38: =M38 -> 0 | J38: =D38 -> 0 | K38: =$J38*$E38 -> 0 | L38: =H38+J38 -> 0 | M38: =I38+K38 -> 0
A39: VALVE 설치비 | B39: 110A | C39: EA | E39: =$E$32*'DIA-INCH'!$C15 -> 200000 | F39: =L39 -> 0 | G39: =M39 -> 0 | J39: =D39 -> 0 | K39: =$J39*$E39 -> 0 | L39: =H39+J39 -> 0 | M39: =I39+K39 -> 0
A40: VALVE 설치비 | B40: 125A | C40: EA | E40: =$E$32*'DIA-INCH'!$C16 -> 250000 | F40: =L40 -> 0 | G40: =M40 -> 0 | J40: =D40 -> 0 | K40: =$J40*$E40 -> 0 | L40: =H40+J40 -> 0 | M40: =I40+K40 -> 0
A41: VALVE 설치비 | B41: 150A | C41: EA | E41: =$E$32*'DIA-INCH'!$C17 -> 300000 | F41: =L41 -> 0 | G41: =M41 -> 0 | J41: =D41 -> 0 | K41: =$J41*$E41 -> 0 | L41: =H41+J41 -> 0 | M41: =I41+K41 -> 0
A42: VALVE 설치비 | B42: 175A | C42: EA | E42: =$E$32*'DIA-INCH'!$C18 -> 350000 | F42: =L42 -> 0 | G42: =M42 -> 0 | J42: =D42 -> 0 | K42: =$J42*$E42 -> 0 | L42: =H42+J42 -> 0 | M42: =I42+K42 -> 0
A43: VALVE 설치비 | B43: 200A | C43: EA | E43: =$E$32*'DIA-INCH'!$C19 -> 400000 | F43: =L43 -> 0 | G43: =M43 -> 0 | J43: =D43 -> 0 | K43: =$J43*$E43 -> 0 | L43: =H43+J43 -> 0 | M43: =I43+K43 -> 0
A44: VALVE 설치비 | B44: 225A | C44: EA | E44: =$E$32*'DIA-INCH'!$C20 -> 450000 | F44: =L44 -> 0 | G44: =M44 -> 0 | J44: =D44 -> 0 | K44: =$J44*$E44 -> 0 | L44: =H44+J44 -> 0 | M44: =I44+K44 -> 0
... A51: VALVE 설치비 | B51: 550A | C51: EA | E51: =$E$32*'DIA-INCH'!$C27 -> 1100000 | F51: =L51 -> 0 | G51: =M51 -> 0 | J51: =D51 -> 0 | K51: =$J51*$E51 -> 0 | L51: =H51+J51 -> 0 | M51: =I51+K51 -> 0
A52: 합 계 | F52: =SUM(F6:F51) -> 6434.5 | G52: =SUM(G6:G51) -> 3056387500 | H52: =SUM(H6:H51) -> 3423.5 | I52: =SUM(I6:I51) -> 1626162500 | J52: =SUM(J6:J51) -> 3011 | K52: =SUM(K6:K51) -> 1430225000 | L52: =SUM(L6:L51) -> 6434.5 | M52: =SUM(M6:M51) -> 3056387500

Sheet 근로내역 (07월)
A1: 2026년 ( 07 )월 일용 노무비명세서 | AH1: 현장명 | AM1: ='용역청구서 표지'!$B$7 -> P4 Ph2 GAS&PCW 1공구
AH2: 현장소장 | AM2: 조 수 원
AH3: 잡코드 | AM3: ='용역청구서 표지'!$C$8 -> S26-001
A5: 번호 | B5: 성명 | C5: 주민등록번호 | D5: 직종 | E5: 연락처(H.P) | F5: 은행명 | G5: 예금주 | H5: 계좌번호 | I5: 1 | J5: 2 | K5: 3 | L5: 4 | M5: 5 | N5: 6 | O5: 7 | P5: 8 | Q5: 9 | R5: 10 | S5: 11 | T5: 12 | U5: 13 | V5: 14 | W5: 15 | X5: 16 | Y5: 17 | Z5: 18 | AA5: 19 | AB5: 20 | AC5: 21 | AD5: 22 | AE5: 23 | AF5: 24 | AG5: 25 | AH5: 26 | AI5: 27 | AJ5: 28 | AK5: 29 | AL5: 30 | AM5: 31 | AN5: 공수 | AO5: 단가 | AP5: 총액
A6: 1 | B6: 강경호 | C6: 931011-1072918 | D6: 공사보조 | E6: 010-5396-5444 | F6: 신한 | G6: 강경호 | H6: 110-371-147243 | N6: 0.6875 | W6: 0.5 | X6: 1 | Y6: 1.3125 | AB6: 1 | AC6: 1.5 | AD6: 1 | AE6: 1.5 | AF6: 1 | AI6: 2 | AJ6: 2.25 | AK6: 2 | AL6: 2 | AM6: 2 | AN6: =SUM(I6:AM6) -> 19.75 | AO6: 180000 | AP6: =AN6*AO6 -> 3555000
A7: 2 | B7: 강동우 | C7: 810127-1026118 | D7: 공사보조 | E7: 010-5289-5546 | F7: 기업 | G7: 강동우 | H7: 186-094740-01-017 | I7: 2 | J7: 2 | N7: 2 | O7: 2 | P7: 2 | Q7: 2 | R7: 2 | U7: 2 | V7: 2 | W7: 2 | X7: 2 | AB7: 2 | AC7: 2 | AE7: 2 | AF7: 2 | AI7: 2 | AJ7: 2 | AK7: 2 | AL7: 2 | AM7: 2 | AN7: =SUM(I7:AM7) -> 40 | AO7: 240000 | AP7: =AN7*AO7 -> 9600000
A8: 3 | B8: 강상진 | C8: 990405-1637612 | D8: 보통인부 | E8: 010-5947-6218 | F8: 국민 | G8: 강상진 | H8: 944502-00-393239 | U8: 0.6875 | V8: 1.125 | X8: 0.625 | Y8: 1.5 | AC8: 1.5 | AD8: 1 | AE8: 1.5 | AF8: 1 | AG8: 1 | AJ8: 1.5 | AK8: 1 | AL8: 1.5 | AM8: 1 | AN8: =SUM(I8:AM8) -> 14.9375 | AO8: 160000 | AP8: =AN8*AO8 -> 2390000
A9: 4 | B9: 강은천 | C9: 740803-1155526 | D9: 배관공 | E9: 010-5131-8640 | F9: 하나 | G9: 강은천 | H9: 226-910131-79107 | I9: 2 | J9: 2 | K9: 2 | N9: 2 | O9: 2 | P9: 2 | Q9: 2 | R9: 2 | U9: 2 | V9: 2 | W9: 2 | X9: 2 | AC9: 2 | AD9: 2 | AE9: 2 | AF9: 2 | AI9: 2 | AJ9: 2 | AK9: 2 | AL9: 2 | AM9: 2 | AN9: =SUM(I9:AM9) -> 42 | AO9: 210000 | AP9: =AN9*AO9 -> 8820000
A10: 5 | B10: 강인기 | C10: 020528-3912419 | D10: 보통인부 | E10: 010-9325-6120 | F10: 농협 | G10: 강인기 | H10: 352-1618-5074-53 | I10: 2 | J10: 2 | K10: 2 | N10: 2 | O10: 2 | P10: 2 | Q10: 2 | R10: 2 | U10: 2 | V10: 2 | W10: 2 | X10: 2 | AB10: 2 | AC10: 2 | AD10: 2 | AE10: 2 | AF10: 2 | AI10: 2 | AJ10: 2 | AK10: 2 | AL10: 2 | AM10: 2 | AN10: =SUM(I10:AM10) -> 44 | AO10: 160000 | AP10: =AN10*AO10 -> 7040000
A11: 6 | B11: 강채연 | C11: 980703-2192257 | D11: 보통인부 | E11: 010-5725-9067 | F11: 국민 | G11: 강채연 | H11: 399102-04-168176 | I11: 1 | J11: 1.5 | K11: 1 | L11: 1 | N11: 1 | O11: 1.5 | P11: 1 | Q11: 1.5 | R11: 1 | S11: 1 | Y11: 1.5 | Z11: 1 | AB11: 1 | AC11: 1.5 | AD11: 1 | AE11: 1.5 | AF11: 0.875 | AG11: 1 | AI11: 1 | AJ11: 1.5 | AK11: 1 | AL11: 1.5 | AM11: 1 | AN11: =SUM(I11:AM11) -> 26.875 | AO11: 150000 | AP11: =AN11*AO11 -> 4031250
A12: 7 | B12: 강희수 | C12: 730210-1029411 | D12: 도비공 | E12: 010-9561-6101 | F12: 신한 | G12: 강희수 | H12: 110-490-486591 | I12: 2 | J12: 2 | K12: 2 | N12: 2 | O12: 2 | P12: 2 | Q12: 2 | R12: 2 | U12: 2 | V12: 2 | W12: 2 | X12: 2 | AB12: 2 | AC12: 2 | AD12: 2 | AE12: 2 | AF12: 2 | AI12: 2 | AJ12: 2 | AK12: 2 | AL12: 2 | AM12: 2 | AN12: =SUM(I12:AM12) -> 44 | AO12: 210000 | AP12: =AN12*AO12 -> 9240000
A13: 8 | B13: 고문희 | C13: 740220-2162312 | D13: 보통인부 | E13: 010-2831-9053 | F13: 우리 | G13: 고문희 | H13: 1002-759-441898 | I13: 1 | J13: 1.5 | K13: 1 | L13: 1 | N13: 2 | O13: 2 | P13: 2 | Q13: 2 | R13: 2 | U13: 2 | V13: 2 | W13: 2 | X13: 2 | AB13: 2 | AC13: 2 | AD13: 2 | AE13: 2 | AN13: =SUM(I13:AM13) -> 30.5 | AO13: 150000 | AP13: =AN13*AO13 -> 4575000
A14: 9 | B14: 공덕표 | C14: 700720-1841616 | D14: 보통인부 | E14: 010-9167-8097 | F14: 국민 | G14: 공덕표 | H14: 842401-01-592574 | AB14: 0.6875 | AC14: 1.125 | AE14: 0.75 | AF14: 1 | AI14: 1 | AJ14: 1.5 | AK14: 0.5 | AN14: =SUM(I14:AM14) -> 6.5625 | AO14: 160000 | AP14: =AN14*AO14 -> 1050000
A15: 10 | B15: 구문정 | C15: 681118-2567718 | D15: 보통인부 | E15: 010-8180-1166 | F15: 농협 | G15: 구문정 | H15: 302-0278-3068-51 | I15: 1 | J15: 1.5 | L15: 1 | N15: 1 | O15: 1.5 | P15: 1 | Q15: 1.5 | R15: 1 | AN15: =SUM(I15:AM15) -> 9.5 | AO15: 150000 | AP15: =AN15*AO15 -> 1425000
A16: 11 | B16: 구윤하 | C16: 680130-2162814 | D16: 보통인부 | E16: 010-3259-2177 | F16: 하나 | G16: 구윤하 | H16: 206-910258-60907 | J16: 1.5 | K16: 1 | L16: 1 | N16: 1 | O16: 1.5 | P16: 1 | Q16: 1.5 | R16: 0.5 | U16: 1 | V16: 1 | W16: 1 | AN16: =SUM(I16:AM16) -> 12 | AO16: 150000 | AP16: =AN16*AO16 -> 1800000
A17: 12 | B17: 권국진 | C17: 690215-1017539 | D17: 보통인부 | E17: 010-4346-0215 | F17: 국민 | G17: 권국진 | H17: 357-21-0173-310 | N17: 0.6875 | O17: 1.125 | Q17: 0.625 | R17: 1 | U17: 1 | V17: 1.5 | W17: 1 | X17: 1.5 | Y17: 1.5 | Z17: 1 | AB17: 0.5 | AC17: 2 | AD17: 2 | AE17: 2 | AF17: 2 | AI17: 2 | AJ17: 2 | AK17: 2 | AL17: 2 | AM17: 2 | AN17: =SUM(I17:AM17) -> 29.4375 | AO17: 170000 | AP17: =AN17*AO17 -> 5004375
A18: 13 | B18: 권도훈 | C18: 991206-1353015 | D18: 보통인부 | E18: 010-5871-9352 | F18: 국민 | G18: 권도훈 | H18: 411801-04-442755 | AB18: 0.6875 | AC18: 1.125 | AE18: 0.75 | AF18: 1 | AI18: 1 | AJ18: 1.5 | AK18: 1 | AL18: 1.5 | AM18: 1 | AN18: =SUM(I18:AM18) -> 9.5625 | AO18: 160000 | AP18: =AN18*AO18 -> 1530000
A19: 14 | B19: 권두현 | C19: 830922-1657014 | D19: 용접공 | E19: 010-2231-4274 | F19: 새마을금고 | G19: 권두현 | H19: 9004-0039-5082-5 | I19: 1 | J19: 1.5 | K19: 1 | N19: 1 | O19: 1.5 | Q19: 1.5 | R19: 1 | U19: 1 | V19: 1.5 | W19: 1 | X19: 1.5 | Y19: 1.5 | AC19: 2 | AD19: 2 | AE19: 2 | AF19: 2 | AI19: 2 | AJ19: 2 | AK19: 2 | AL19: 2 | AM19: 2 | AN19: =SUM(I19:AM19) -> 33 | AO19: 250000 | AP19: =AN19*AO19 -> 8250000
A20: 15 | B20: 권중섭 | C20: 830806-1697210 | D20: 배관공 | E20: 010-9742-9790 | F20: 신한 | G20: 권중섭 | H20: 110-430-392742 | I20: 2 | J20: 2 | K20: 2 | N20: 2 | O20: 2 | P20: 2 | Q20: 2 | R20: 2 | U20: 1 | V20: 2 | W20: 2 | X20: 2 | AB20: 2 | AC20: 2 | AD20: 2 | AE20: 2 | AF20: 2 | AI20: 2 | AJ20: 2 | AK20: 2 | AL20: 2 | AM20: 2 | AN20: =SUM(I20:AM20) -> 43 | AO20: 240000 | AP20: =AN20*AO20 -> 10320000
A21: 16 | B21: 기정태 | C21: 761027-1535918 | D21: 보통인부 | E21: 010-6333-7295 | F21: 산림조합 | G21: 기정태 | H21: 512-13-0012018 | AB21: 0.6875 | AC21: 1.125 | AE21: 0.75 | AF21: 1 | AI21: 1 | AJ21: 1.5 | AK21: 1 | AL21: 1.5 | AM21: 1 | AN21: =SUM(I21:AM21) -> 9.5625 | AO21: 160000 | AP21: =AN21*AO21 -> 1530000
A22: 17 | B22: 김대건 | C22: 750225-1037523 | D22: 배관공 | E22: 010-8399-8169 | F22: 국민 | G22: 김대건 | H22: 452501-01-146387 | I22: 1 | J22: 1.5 | K22: 1 | L22: 1 | N22: 1 | O22: 1.5 | P22: 0.875 | Q22: 1.5 | R22: 1 | S22: 1 | U22: 2 | V22: 2 | W22: 2 | X22: 2 | AB22: 2 | AC22: 2 | AD22: 2 | AE22: 2 | AF22: 2 | AI22: 2 | AJ22: 2 | AK22: 2 | AL22: 2 | AM22: 2 | AN22: =SUM(I22:AM22) -> 39.375 | AO22: 220000 | AP22: =AN22*AO22 -> 8662500
A23: 18 | B23: 김대욱 | C23: 890712-1058810 | D23: 용접공 | E23: 010-3646-9962 | F23: 신한 | G23: 김대욱 | H23: 110-248-997659 | I23: 2 | J23: 2 | K23: 2 | N23: 2 | O23: 2 | P23: 2 | Q23: 2 | R23: 2 | U23: 2 | V23: 2 | W23: 2 | X23: 2 | AB23: 2 | AC23: 2 | AD23: 2 | AE23: 2 | AF23: 2 | AI23: 2 | AJ23: 2 | AK23: 2 | AL23: 2 | AM23: 2 | AN23: =SUM(I23:AM23) -> 44 | AO23: 240000 | AP23: =AN23*AO23 -> 10560000
A24: 19 | B24: 김대환 | C24: 861013-1652817 | D24: 배관공 | E24: 010-7523-3699 | F24: 농협 | G24: 김대환 | H24: 669-02-331305 | I24: 2 | J24: 2 | K24: 2 | N24: 2 | O24: 2 | P24: 2 | Q24: 2 | R24: 2 | U24: 2 | V24: 2 | W24: 2 | X24: 2 | AB24: 2 | AC24: 2 | AD24: 2 | AE24: 2 | AF24: 2 | AI24: 2 | AJ24: 2 | AK24: 2 | AL24: 2 | AM24: 2 | AN24: =SUM(I24:AM24) -> 44 | AO24: 240000 | AP24: =AN24*AO24 -> 10560000
A25: 20 | B25: 김도윤 | C25: 980306-1774616 | D25: 보통인부 | E25: 010-8024-3113 | F25: 카카오 | G25: 김도윤 | H25: 3333-17-8490304 | N25: 0.6875 | O25: 1.125 | Q25: 0.625 | R25: 1 | U25: 1 | V25: 1.5 | W25: 1 | X25: 1.5 | Y25: 1.5 | Z25: 1 | AB25: 1 | AC25: 1.5 | AD25: 1 | AE25: 1.5 | AF25: 1 | AN25: =SUM(I25:AM25) -> 16.9375 | AO25: 150000 | AP25: =AN25*AO25 -> 2540625
A26: 21 | B26: 김동욱 | C26: 810302-1830628 | D26: 배관공 | E26: 010-5022-0444 | F26: 농협 | G26: 김동욱 | H26: 302-5022-0444-11 | I26: 2 | J26: 2 | K26: 2 | N26: 2 | O26: 2 | P26: 2 | Q26: 2 | R26: 2 | U26: 2 | V26: 2 | AB26: 2 | AC26: 2 | AD26: 2 | AE26: 2 | AF26: 2 | AN26: =SUM(I26:AM26) -> 30 | AO26: 210000 | AP26: =AN26*AO26 -> 6300000
A27: 22 | B27: 김마태 | C27: 830224-1912010 | D27: 배관공 | E27: 010-2725-6089 | F27: 기업 | G27: 김마태 | H27: 175-073189-01-013 | I27: 2 | J27: 2 | K27: 2 | N27: 2 | O27: 2 | P27: 2 | Q27: 2 | R27: 2 | U27: 2 | V27: 2 | X27: 2 | AB27: 2 | AC27: 2 | AD27: 2 | AE27: 2 | AF27: 2 | AI27: 2 | AJ27: 2 | AK27: 2 | AL27: 2 | AM27: 2 | AN27: =SUM(I27:AM27) -> 42 | AO27: 250000 | AP27: =AN27*AO27 -> 10500000
A28: 23 | B28: 김명진 | C28: 960625-1106422 | D28: 보통인부 | E28: 010-2029-3976 | F28: 국민 | G28: 김명진 | H28: 101401-04-172575 | N28: 0.6875 | O28: 1.125 | Q28: 0.625 | R28: 1 | U28: 1 | V28: 1.5 | W28: 1 | X28: 1.5 | Y28: 1.5 | Z28: 1 | AC28: 2 | AD28: 2 | AE28: 2 | AF28: 2 | AI28: 2 | AJ28: 2 | AK28: 2 | AL28: 2 | AM28: 2 | AN28: =SUM(I28:AM28) -> 28.9375 | AO28: 160000 | AP28: =AN28*AO28 -> 4630000
A29: 24 | B29: 김민재 | C29: 940217-1474315 | D29: 배관공 | E29: 010-9961-0647 | F29: 국민 | G29: 김민재 | H29: 240801-04-477184 | I29: 1 | J29: 1.5 | K29: 1 | L29: 1 | N29: 1 | O29: 0.5 | P29: 1 | Q29: 1.5 | R29: 1 | S29: 0.875 | U29: 1 | V29: 1.5 | W29: 1 | X29: 1.5 | Y29: 1.5 | Z29: 0.125 | AB29: 1 | AC29: 1.5 | AD29: 1 | AE29: 1.5 | AF29: 1 | AG29: 1 | AI29: 1 | AJ29: 1.5 | AK29: 1 | AL29: 1.5 | AM29: 1 | AN29: =SUM(I29:AM29) -> 30 | AO29: 230000 | AP29: =AN29*AO29 -> 6900000
A30: 25 | B30: 김민지 | C30: 850908-2661019 | D30: 보통인부 | E30: 010-3173-2826 | F30: 국민 | G30: 김민지 | H30: 240801-04-433155 | I30: 2 | J30: 2 | K30: 2 | N30: 2 | O30: 2 | P30: 2 | Q30: 2 | R30: 2 | U30: 0.5 | V30: 2 | W30: 2 | X30: 2 | AB30: 2 | AC30: 2 | AD30: 2 | AE30: 2 | AF30: 2 | AI30: 2 | AJ30: 2 | AK30: 2 | AL30: 2 | AM30: 2 | AN30: =SUM(I30:AM30) -> 42.5 | AO30: 150000 | AP30: =AN30*AO30 -> 6375000
A31: 26 | B31: 김상덕 | C31: 700819-1454911 | D31: 도비공 | E31: 010-7133-1786 | F31: 농협 | G31: 김상덕 | H31: 356-0915-2372-03 | I31: 1 | J31: 1.5 | K31: 1 | L31: 1 | N31: 1 | O31: 1.5 | P31: 1 | Q31: 1.5 | R31: 1 | S31: 1 | U31: 1 | V31: 1.5 | W31: 1 | X31: 1.5 | Y31: 1.5 | Z31: 1 | AB31: 1 | AC31: 1.5 | AD31: 1 | AE31: 1.5 | AF31: 1 | AG31: 1 | AN31: =SUM(I31:AM31) -> 26 | AO31: 220000 | AP31: =AN31*AO31 -> 5720000
A32: 27 | B32: 김상수 | C32: 760616-1535318 | D32: 보통인부 | E32: 010-4812-3459 | F32: 농협 | G32: 김상수 | H32: 351-0468-2919-93 | N32: 0.6875 | O32: 1.125 | AE32: 0.75 | AF32: 1 | AJ32: 1.5 | AK32: 1 | AL32: 1.5 | AM32: 1 | AN32: =SUM(I32:AM32) -> 8.5625 | AO32: 160000 | AP32: =AN32*AO32 -> 1370000
A33: 28 | B33: 김상협 | C33: 830218-1011315 | D33: 안전보조 | E33: 010-6891-5399 | F33: 국민 | G33: 김상협 | H33: 847501-00-029520 | I33: 1 | J33: 1.5 | K33: 1 | L33: 1 | N33: 1 | O33: 1.5 | P33: 0.75 | Q33: 1.5 | R33: 1 | S33: 1 | U33: 2 | V33: 2 | W33: 2 | X33: 2 | AB33: 2 | AC33: 2 | AD33: 2 | AE33: 2 | AF33: 2 | AJ33: 2 | AK33: 2 | AL33: 2 | AM33: 2 | AN33: =SUM(I33:AM33) -> 37.25 | AO33: 190000 | AP33: =AN33*AO33 -> 7077500
A34: 29 | B34: 김성화 | C34: 731015-1650916 | D34: 보통인부 | E34: 010-8743-5551 | F34: 국민 | G34: 김성화 | H34: 055202-04-122285 | I34: 0.5 | K34: 1 | L34: 1 | N34: 1 | O34: 1.5 | P34: 1 | Q34: 1.5 | R34: 1 | S34: 1 | V34: 1.5 | W34: 1 | X34: 1.5 | Y34: 1.5 | Z34: 1 | AB34: 1 | AN34: =SUM(I34:AM34) -> 17 | AO34: 160000 | AP34: =AN34*AO34 -> 2720000
A35: 30 | B35: 김성환 | C35: 861202-1005916 | D35: 보통인부 | E35: 010-7334-3400 | F35: 신한 | G35: 김성환 | H35: 110-447-207320 | I35: 1 | K35: 1 | N35: 1 | O35: 1.5 | P35: 1 | Q35: 1.5 | R35: 1 | S35: 1 | U35: 1 | W35: 1 | X35: 1.5 | Y35: 1.5 | AN35: =SUM(I35:AM35) -> 14 | AO35: 170000 | AP35: =AN35*AO35 -> 2380000
A36: 31 | B36: 김세관 | C36: 860815-1912515 | D36: 도비공 | E36: 010-4171-9729 | F36: 카카오 | G36: 김세관 | H36: 3333-08-5239539 | N36: 0.6875 | O36: 1.125 | P36: 0.5 | Q36: 0.625 | R36: 1 | U36: 1 | V36: 1.5 | W36: 1 | X36: 1.5 | Y36: 1.5 | Z36: 1 | AC36: 2 | AD36: 2 | AE36: 2 | AF36: 2 | AI36: 2 | AJ36: 2 | AK36: 2 | AL36: 2 | AM36: 2 | AN36: =SUM(I36:AM36) -> 29.4375 | AO36: 200000 | AP36: =AN36*AO36 -> 5887500
A37: 32 | B37: 김세한 | C37: 721013-1067215 | D37: 보통인부 | E37: 010-8848-5060 | F37: 하나 | G37: 김세한 | H37: 298-910970-10507 | I37: 2 | J37: 2 | K37: 2 | N37: 2 | O37: 2 | P37: 2 | Q37: 2 | R37: 2 | U37: 2 | V37: 2 | W37: 2 | X37: 2 | AB37: 2 | AC37: 2 | AD37: 2 | AE37: 2 | AF37: 2 | AI37: 2 | AJ37: 2 | AK37: 2 | AL37: 2 | AM37: 2 | AN37: =SUM(I37:AM37) -> 44 | AO37: 160000 | AP37: =AN37*AO37 -> 7040000
A38: 33 | B38: 김슬기 | C38: 940216-2476212 | D38: 보통인부 | E38: 010-4565-0216 | F38: 카카오 | G38: 김슬기 | H38: 3333-26-1255102 | N38: 0.6875 | O38: 1.125 | Q38: 0.625 | R38: 1 | U38: 1 | V38: 1.5 | W38: 1 | X38: 1 | Y38: 1.5 | Z38: 1 | AB38: 1 | AC38: 1.5 | AD38: 1 | AE38: 1.5 | AF38: 1 | AG38: 1 | AI38: 1 | AJ38: 1.5 | AK38: 1 | AL38: 1.5 | AM38: 0.5 | AN38: =SUM(I38:AM38) -> 22.9375 | AO38: 150000 | AP38: =AN38*AO38 -> 3440625
A39: 34 | B39: 김용기 | C39: 860712-1036817 | D39: 배관공 | E39: 010-2222-3295 | F39: 국민 | G39: 김용기 | H39: 442802-01-189872 | I39: 1 | J39: 1.5 | K39: 1 | L39: 1 | N39: 1 | O39: 1.5 | P39: 1 | Q39: 1.5 | R39: 1 | S39: 1 | U39: 2 | V39: 2 | W39: 2 | X39: 2 | AB39: 2 | AC39: 2 | AD39: 2 | AE39: 2 | AF39: 2 | AI39: 2 | AJ39: 2 | AK39: 2 | AL39: 2 | AM39: 2 | AN39: =SUM(I39:AM39) -> 39.5 | AO39: 220000 | AP39: =AN39*AO39 -> 8690000
A40: 35 | B40: 김의찬 | C40: 810916-1090421 | D40: 보통인부 | E40: 010-7748-9382 | F40: 국민 | G40: 김의찬 | H40: 121802-04-157456 | I40: 2 | J40: 2 | K40: 2 | N40: 2 | O40: 2 | P40: 2 | Q40: 2 | R40: 2 | U40: 2 | V40: 2 | W40: 2 | X40: 2 | AB40: 2 | AC40: 2 | AD40: 2 | AE40: 2 | AF40: 2 | AI40: 2 | AJ40: 2 | AK40: 2 | AL40: 2 | AM40: 2 | AN40: =SUM(I40:AM40) -> 44 | AO40: 170000 | AP40: =AN40*AO40 -> 7480000
A41: 36 | B41: 김재윤 | C41: 861216-1157613 | D41: 용접공 | E41: 010-3955-1110 | F41: 신한 | G41: 김재윤 | H41: 110-305-768530 | I41: 2 | J41: 2 | K41: 2 | N41: 2 | O41: 2 | P41: 2 | Q41: 2 | R41: 2 | U41: 2 | V41: 2 | W41: 2 | X41: 2 | AB41: 2 | AC41: 2 | AD41: 2 | AE41: 2 | AF41: 2 | AI41: 2 | AJ41: 2 | AK41: 2 | AL41: 2 | AM41: 2 | AN41: =SUM(I41:AM41) -> 44 | AO41: 250000 | AP41: =AN41*AO41 -> 11000000
A42: 37 | B42: 김재일 | C42: 700429-1846715 | D42: 보통인부 | E42: 010-2700-6160 | F42: 토스 | G42: 김재일 | H42: 1002-5523-2883 | N42: 0.6875 | O42: 1.125 | Q42: 0.625 | R42: 1 | U42: 1 | V42: 1.5 | W42: 1 | X42: 1.5 | Y42: 1.5 | Z42: 1 | AC42: 1.5 | AD42: 1 | AE42: 1.5 | AF42: 1 | AG42: 1 | AI42: 1 | AJ42: 1.5 | AK42: 1 | AL42: 1.5 | AM42: 1 | AN42: =SUM(I42:AM42) -> 22.9375 | AO42: 170000 | AP42: =AN42*AO42 -> 3899375
A43: 38 | B43: 김정규 | C43: 821122-1047416 | D43: 보통인부 | E43: 010-3240-6194 | F43: 국민 | G43: 김정규 | H43: 757101-04-044154 | I43: 2 | J43: 2 | K43: 2 | N43: 2 | O43: 2 | P43: 2 | Q43: 2 | R43: 2 | U43: 2 | V43: 2 | W43: 2 | X43: 2 | AB43: 2 | AC43: 2 | AD43: 2 | AE43: 2 | AF43: 2 | AI43: 2 | AJ43: 2 | AK43: 2 | AL43: 2 | AM43: 2 | AN43: =SUM(I43:AM43) -> 44 | AO43: 160000 | AP43: =AN43*AO43 -> 7040000
A44: 39 | B44: 김정인 | C44: 911224-1235320 | D44: 용접공 | E44: 010-3175-7994 | F44: 기업 | G44: 김정인 | H44: 010-3175-7994 | I44: 2 | J44: 2 | K44: 2 | N44: 2 | O44: 1.75 | P44: 2 | Q44: 2 | R44: 2 | U44: 2 | V44: 2 | W44: 2 | X44: 2 | AB44: 2 | AC44: 2 | AD44: 2 | AE44: 2 | AF44: 2 | AI44: 2 | AJ44: 2 | AK44: 2 | AL44: 2 | AM44: 2 | AN44: =SUM(I44:AM44) -> 43.75 | AO44: 250000 | AP44: =AN44*AO44 -> 10937500
A45: 40 | B45: 김정호 | C45: 750710-1108710 | D45: 배관공 | E45: 010-9679-7479 | F45: 농협 | G45: 김정호 | H45: 217068-56-035740 | I45: 1 | J45: 1.5 | K45: 1 | L45: 1 | N45: 1 | O45: 1.5 | P45: 1 | Q45: 1.5 | R45: 1 | S45: 1 | U45: 2 | V45: 2 | W45: 2 | X45: 2 | AB45: 2 | AC45: 2 | AD45: 2 | AE45: 2 | AF45: 2 | AI45: 2 | AJ45: 2 | AK45: 2 | AL45: 2 | AM45: 2 | AN45: =SUM(I45:AM45) -> 39.5 | AO45: 220000 | AP45: =AN45*AO45 -> 8690000
A46: 41 | B46: 김주연 | C46: 930719-1113812 | D46: 보통인부 | E46: 010-4729-7217 | F46: 농협 | G46: 김주연 | H46: 351-0768-6263-33 | I46: 0.5 | J46: 1.5 | K46: 1 | N46: 2 | O46: 2 | P46: 2 | Q46: 2 | R46: 2 | U46: 2 | V46: 2 | W46: 2 | X46: 2 | AB46: 2 | AC46: 2 | AD46: 2 | AE46: 2 | AF46: 2 | AI46: 2 | AJ46: 2 | AK46: 2 | AL46: 1 | AM46: 2 | AN46: =SUM(I46:AM46) -> 40 | AO46: 160000 | AP46: =AN46*AO46 -> 6400000
A47: 42 | B47: 김지민 | C47: 930707-1150011 | D47: 배관공 | E47: 010-8000-2457 | F47: 카카오뱅크 | G47: 김지민 | H47: 3333-13-9046173 | I47: 2 | J47: 2 | K47: 2 | N47: 2 | O47: 2 | P47: 2 | Q47: 2 | R47: 2 | U47: 2 | V47: 2 | W47: 2 | X47: 2 | AB47: 2 | AC47: 2 | AD47: 2 | AE47: 2 | AF47: 2 | AI47: 2 | AJ47: 2 | AK47: 2 | AL47: 2 | AM47: 2 | AN47: =SUM(I47:AM47) -> 44 | AO47: 220000 | AP47: =AN47*AO47 -> 9680000
A48: 43 | B48: 김지성 | C48: 040726-3071113 | D48: 보통인부 | E48: 010-3116-4011 | F48: 신한 | G48: 김지성 | H48: 110-522-521550 | I48: 1 | J48: 1.5 | K48: 1 | L48: 1 | N48: 1 | O48: 1.5 | P48: 1 | Q48: 1.5 | R48: 1 | S48: 1 | U48: 2 | V48: 2 | W48: 2 | X48: 2 | AB48: 2.5 | AC48: 2 | AD48: 2 | AE48: 2 | AF48: 2 | AI48: 2 | AJ48: 2 | AK48: 2 | AL48: 2 | AM48: 2 | AN48: =SUM(I48:AM48) -> 40 | AO48: 150000 | AP48: =AN48*AO48 -> 6000000
A49: 44 | B49: 김진 | C49: 840728-1235014 | D49: 공사보조 | E49: 010-6246-4588 | F49: 기업 | G49: 김진 | H49: 458-013758-02-012 | I49: 2 | J49: 2 | K49: 2 | N49: 2 | O49: 2 | P49: 2 | Q49: 2 | R49: 2 | U49: 2 | V49: 2 | W49: 2 | X49: 2 | AB49: 2 | AC49: 2 | AD49: 2 | AE49: 2 | AF49: 2 | AI49: 2 | AJ49: 2 | AK49: 2 | AL49: 2 | AM49: 2 | AN49: =SUM(I49:AM49) -> 44 | AO49: 240000 | AP49: =AN49*AO49 -> 10560000
A50: 45 | B50: 김진성 | C50: 921101-1865311 | D50: 보통인부 | E50: 010-8999-8537 | F50: 카카오뱅크 | G50: 김진성 | H50: 3333-13-6295061 | I50: 1 | K50: 1 | L50: 1 | N50: 1 | O50: 1.5 | P50: 1 | Q50: 1.5 | R50: 1 | S50: 1 | U50: 1 | V50: 1.5 | W50: 1 | Y50: 1.5 | Z50: 1 | AB50: 1 | AC50: 1.5 | AD50: 1 | AE50: 1.5 | AF50: 0.25 | AG50: 1 | AJ50: 1 | AK50: 1 | AL50: 1 | AN50: =SUM(I50:AM50) -> 25.25 | AO50: 150000 | AP50: =AN50*AO50 -> 3787500
A51: 46 | B51: 김진재 | C51: 921012-1122616 | D51: 배관공 | E51: 010-5578-4437 | F51: 신한 | G51: 김진재 | H51: 110-331-408388 | I51: 1 | J51: 1.5 | K51: 1 | L51: 0.75 | N51: 1 | O51: 1.5 | P51: 1 | Q51: 1.5 | U51: 1 | V51: 1.5 | X51: 1.5 | Y51: 1.5 | Z51: 1 | AB51: 1 | AC51: 1.5 | AD51: 1 | AE51: 1.5 | AF51: 0.375 | AJ51: 2.75 | AN51: =SUM(I51:AM51) -> 23.875 | AO51: 200000 | AP51: =AN51*AO51 -> 4775000
A52: 47 | B52: 김치헌 | C52: 790914-1567115 | D52: 배관공 | E52: 010-4191-6886 | F52: 국민 | G52: 김치헌 | H52: 257602-04-003063 | I52: 2 | J52: 2 | K52: 2 | N52: 2 | O52: 2 | P52: 2 | Q52: 2 | R52: 2 | U52: 2 | V52: 2 | W52: 2 | X52: 2 | AB52: 2 | AC52: 2 | AD52: 2 | AE52: 2 | AF52: 2 | AI52: 2 | AJ52: 2 | AK52: 2 | AL52: 2 | AM52: 2 | AN52: =SUM(I52:AM52) -> 44 | AO52: 250000 | AP52: =AN52*AO52 -> 11000000
A53: 48 | B53: 김태민 | C53: 900510-1285415 | D53: 용접공 | E53: 010-6356-6855 | F53: 신한 | G53: 김태민 | H53: 110-514-317116 | N53: 0.6875 | O53: 1.125 | P53: 0.5 | Q53: 0.625 | R53: 1 | U53: 1 | V53: 1.5 | W53: 1 | X53: 1.5 | Y53: 1.5 | Z53: 1 | AB53: 1 | AC53: 1.5 | AD53: 1 | AI53: 2 | AJ53: 2.25 | AK53: 2 | AM53: 2 | AN53: =SUM(I53:AM53) -> 23.1875 | AO53: 240000 | AP53: =AN53*AO53 -> 5565000
A54: 49 | B54: 김태우 | C54: 730301-1675418 | D54: 보통인부 | E54: 010-3821-9392 | F54: 기업 | G54: 김태우 | H54: 186-100034-02-016 | I54: 1 | J54: 1.5 | K54: 1 | L54: 1 | N54: 1 | O54: 1.5 | P54: 1 | Q54: 1.5 | R54: 1 | S54: 1 | U54: 2 | V54: 2 | W54: 2 | X54: 2 | AB54: 2 | AC54: 2 | AD54: 2 | AE54: 2 | AF54: 2 | AI54: 2 | AJ54: 2 | AK54: 2 | AL54: 2 | AM54: 2 | AN54: =SUM(I54:AM54) -> 39.5 | AO54: 160000 | AP54: =AN54*AO54 -> 6320000
A55: 50 | B55: 김택수 | C55: 751221-1663222 | D55: 보통인부 | E55: 010-7942-1751 | F55: 우리 | G55: 김택수 | H55: 1002-339-327014 | I55: 1 | J55: 1.5 | K55: 1 | L55: 1 | N55: 1 | O55: 1.5 | P55: 1 | Q55: 1.5 | R55: 1 | S55: 1 | U55: 1 | V55: 1.5 | W55: 1 | AC55: 2 | AD55: 2 | AE55: 2 | AF55: 2 | AI55: 2 | AJ55: 2 | AK55: 2 | AL55: 2 | AM55: 2 | AN55: =SUM(I55:AM55) -> 33 | AO55: 160000 | AP55: =AN55*AO55 -> 5280000
A56: 51 | B56: 김하향 | C56: 881010-1006519 | D56: 도비공 | E56: 010-4435-5232 | F56: 국민 | G56: 김하향 | H56: 021902-04-071553 | I56: 1 | J56: 1.5 | K56: 1 | L56: 0.5 | N56: 1 | O56: 1.5 | P56: 1 | Q56: 1.5 | R56: 1 | S56: 0.5 | U56: 1 | V56: 1.5 | W56: 1 | X56: 1.5 | Y56: 1.5 | Z56: 0.5 | AB56: 1 | AC56: 1.5 | AE56: 1.5 | AF56: 1 | AG56: 0.5 | AI56: 1 | AJ56: 1.5 | AK56: 1 | AL56: 1.5 | AM56: 1 | AN56: =SUM(I56:AM56) -> 29 | AO56: 210000 | AP56: =AN56*AO56 -> 6090000
A57: 52 | B57: 김현중 | C57: 920608-1476210 | D57: 보통인부 | E57: 010-8304-4458 | F57: 국민 | G57: 김현중 | H57: 742102-00-113592 | J57: 1.5 | K57: 1 | L57: 1 | N57: 1 | O57: 0.5 | P57: 1 | Q57: 1.5 | R57: 1 | S57: 0.5 | U57: 1 | Y57: 1.5 | Z57: 1 | AB57: 1 | AC57: 1.5 | AD57: 1 | AE57: 1.5 | AF57: 1 | AG57: 1 | AJ57: 1.5 | AK57: 1 | AL57: 1.5 | AM57: 0.5 | AN57: =SUM(I57:AM57) -> 24 | AO57: 170000 | AP57: =AN57*AO57 -> 4080000
A58: 53 | B58: 김형태 | C58: 810920-1048310 | D58: 보통인부 | E58: 010-4377-9993 | F58: 국민 | G58: 김형태 | H58: 484602-04-048893 | N58: 0.6875 | O58: 1.125 | Q58: 0.625 | R58: 1 | U58: 1 | V58: 1.5 | W58: 0.5 | X58: 1.5 | Y58: 1.5 | AB58: 1 | AC58: 1.5 | AD58: 1 | AE58: 1.5 | AF58: 1 | AG58: 0.5 | AI58: 1 | AJ58: 1.5 | AL58: 1.5 | AM58: 1 | AN58: =SUM(I58:AM58) -> 20.9375 | AO58: 170000 | AP58: =AN58*AO58 -> 3559375
A59: 54 | B59: 김호선 | C59: 750703-1231129 | D59: 보통인부 | E59: 010-3897-9438 | F59: 농협 | G59: 김호선 | H59: 356-0506-3136-13 | I59: 2 | J59: 2 | K59: 2 | N59: 2 | O59: 2 | P59: 2 | Q59: 2 | R59: 2 | U59: 2 | V59: 2 | W59: 2 | X59: 2 | AB59: 2 | AC59: 2 | AD59: 2 | AE59: 2 | AF59: 2 | AI59: 2 | AJ59: 2 | AK59: 2 | AL59: 2 | AM59: 2 | AN59: =SUM(I59:AM59) -> 44 | AO59: 220000 | AP59: =AN59*AO59 -> 9680000
A60: 55 | B60: 김희강 | C60: 010617-3234118 | D60: 보통인부 | E60: 010-7728-5274 | F60: 우리 | G60: 김희강 | H60: 1002-564-210008 | I60: 2 | J60: 2 | K60: 2 | N60: 2 | O60: 2 | P60: 2 | Q60: 2 | R60: 2 | U60: 2 | V60: 2 | W60: 2 | X60: 2 | AB60: 2 | AC60: 2 | AD60: 2 | AE60: 2 | AF60: 2 | AN60: =SUM(I60:AM60) -> 34 | AO60: 160000 | AP60: =AN60*AO60 -> 5440000
A61: 56 | B61: 남현빈 | C61: 990907-1842410 | D61: 배관공 | E61: 010-7131-4342 | F61: 카카오뱅크 | G61: 남현빈 | H61: 3333-13-8378173 | I61: 2 | J61: 2 | K61: 2 | N61: 2 | O61: 2 | P61: 2 | Q61: 2 | R61: 2 | U61: 2 | W61: 2 | X61: 2 | AB61: 2 | AC61: 2 | AD61: 2 | AE61: 2 | AF61: 2 | AI61: 2 | AJ61: 2 | AK61: 2 | AL61: 2 | AM61: 2 | AN61: =SUM(I61:AM61) -> 42 | AO61: 200000 | AP61: =AN61*AO61 -> 8400000
A62: 57 | B62: 노재헌 | C62: 001129-3351610 | D62: 보통인부 | E62: 010-8566-2631 | F62: 하나 | G62: 노재헌 | H62: 739-910348-68907 | AB62: 0.6875 | AC62: 1.125 | AE62: 0.75 | AF62: 1 | AI62: 1 | AJ62: 1.5 | AK62: 1 | AL62: 1.5 | AM62: 1 | AN62: =SUM(I62:AM62) -> 9.5625 | AO62: 160000 | AP62: =AN62*AO62 -> 1530000
A63: 58 | B63: 류대진 | C63: 690415-1696016 | D63: 보통인부 | E63: 010-2478-4445 | F63: 새마을 | G63: 류대진 | H63: 9002-1656-1013-1 | N63: 0.6875 | O63: 1.125 | Q63: 0.625 | R63: 1 | U63: 1 | V63: 1 | X63: 1.5 | Y63: 1.5 | AC63: 2 | AD63: 2 | AE63: 2 | AF63: 2 | AI63: 2 | AJ63: 2 | AK63: 2 | AL63: 2 | AM63: 2 | AN63: =SUM(I63:AM63) -> 26.4375 | AO63: 170000 | AP63: =AN63*AO63 -> 4494375
A64: 59 | B64: 류덕원 | C64: 710419-1017220 | D64: 도비공 | E64: 010-8873-8998 | F64: 국민 | G64: 류덕원 | H64: 247901-04-527598 | I64: 1 | J64: 1.5 | K64: 1 | L64: 1 | N64: 1 | O64: 1.5 | P64: 1 | Q64: 1.5 | R64: 1 | V64: 1.5 | W64: 1 | X64: 1.5 | Y64: 1.5 | Z64: 1 | AB64: 1 | AC64: 1.5 | AD64: 1 | AE64: 1.5 | AF64: 1 | AG64: 1 | AN64: =SUM(I64:AM64) -> 24 | AO64: 200000 | AP64: =AN64*AO64 -> 4800000
A65: 60 | B65: 류수창 | C65: 710427-1696018 | D65: 보통인부 | E65: 010-9288-7211 | F65: 하나 | G65: 류수창 | H65: 424-890005-04207 | N65: 0.6875 | O65: 1.125 | Q65: 0.625 | R65: 1 | U65: 1 | V65: 1 | X65: 1.5 | AB65: 0.5 | AC65: 2 | AD65: 2 | AE65: 2 | AF65: 2 | AI65: 2 | AJ65: 2 | AK65: 2 | AL65: 2 | AM65: 2 | AN65: =SUM(I65:AM65) -> 25.4375 | AO65: 170000 | AP65: =AN65*AO65 -> 4324375
A66: 61 | B66: 문명철 | C66: 040715-3148711 | D66: 보통인부 | E66: 010-5466-1145 | F66: 기업 | G66: 문명철 | H66: 118-188012-02-016 | AB66: 0.6875 | AC66: 1.125 | AE66: 0.75 | AF66: 1 | AJ66: 1.5 | AK66: 1 | AL66: 1.5 | AM66: 1 | AN66: =SUM(I66:AM66) -> 8.5625 | AO66: 160000 | AP66: =AN66*AO66 -> 1370000
A67: 62 | B67: 박경수 | C67: 760113-1226111 | D67: 보통인부 | E67: 010-8743-1066 | F67: 우리 | G67: 박경수 | H67: 1002-831-473236 | N67: 0.6875 | O67: 1.125 | Q67: 0.625 | R67: 1 | U67: 1 | V67: 1.5 | W67: 1 | X67: 1.5 | Y67: 1.5 | Z67: 1 | AC67: 2 | AD67: 2 | AE67: 2 | AF67: 2 | AI67: 2 | AJ67: 2 | AK67: 2 | AL67: 2 | AM67: 2 | AN67: =SUM(I67:AM67) -> 28.9375 | AO67: 170000 | AP67: =AN67*AO67 -> 4919375
A68: 63 | B68: 박기태 | C68: 870119-1106216 | D68: 도비공 | E68: 010-2345-8318 | F68: 농협 | G68: 박기태 | H68: 855-02-115867 | J68: 1.5 | K68: 1 | L68: 1 | N68: 1 | O68: 1.5 | P68: 1 | Q68: 1.5 | R68: 1 | S68: 1 | U68: 1 | V68: 1.5 | X68: 1.5 | Y68: 1.5 | Z68: 1 | AC68: 1.5 | AD68: 1 | AE68: 1.5 | AF68: 1 | AG68: 1 | AI68: 1 | AJ68: 1.5 | AK68: 1 | AL68: 1.5 | AM68: 1 | AN68: =SUM(I68:AM68) -> 29 | AO68: 180000 | AP68: =AN68*AO68 -> 5220000
A69: 64 | B69: 박도현 | C69: 810129-1102111 | D69: 보통인부 | E69: 010-8927-0083 | F69: 국민 | G69: 박도현 | H69: 960102-01-425739 | I69: 2 | J69: 2 | K69: 2 | N69: 2 | O69: 2 | P69: 2 | Q69: 2 | R69: 2 | U69: 2 | V69: 2 | W69: 2 | X69: 2 | AB69: 2 | AC69: 2 | AD69: 2 | AE69: 2 | AF69: 2 | AI69: 2 | AJ69: 2 | AK69: 2 | AL69: 2 | AM69: 2 | AN69: =SUM(I69:AM69) -> 44 | AO69: 160000 | AP69: =AN69*AO69 -> 7040000
A70: 65 | B70: 박민수 | C70: 010805-3479013 | D70: 보통인부 | E70: 010-3952-7988 | F70: 농협 | G70: 박민수 | H70: 302-3952-7988-41 | I70: 2 | J70: 2 | K70: 2 | N70: 2 | O70: 2 | P70: 2 | Q70: 2 | R70: 2 | U70: 2 | V70: 2 | W70: 2 | X70: 2 | AB70: 2 | AC70: 2 | AD70: 2 | AE70: 2 | AF70: 2 | AI70: 2 | AJ70: 2 | AK70: 2 | AL70: 2 | AM70: 2 | AN70: =SUM(I70:AM70) -> 44 | AO70: 160000 | AP70: =AN70*AO70 -> 7040000
A71: 66 | B71: 박성준A | C71: 011010-3037023 | D71: 보통인부 | E71: 010-3823-6272 | F71: 신한 | G71: 박성준 | H71: 110-185-096954 | I71: 1 | J71: 1.5 | K71: 1 | L71: 1 | N71: 1 | O71: 1.5 | Q71: 1.5 | R71: 1 | S71: 1 | U71: 2 | V71: 2 | W71: 2 | X71: 2 | AB71: 2 | AC71: 2 | AD71: 2 | AE71: 2 | AF71: 2 | AI71: 2 | AJ71: 2 | AK71: 2 | AL71: 2 | AM71: 2 | AN71: =SUM(I71:AM71) -> 38.5 | AO71: 180000 | AP71: =AN71*AO71 -> 6930000
A72: 67 | B72: 박성준B | C72: 820513-1187527 | D72: 용접공 | E72: 010-6585-1765 | F72: 우리 | G72: 박성준 | H72: 1002-343-957019 | N72: 0.6875 | O72: 1.125 | P72: 0.5 | Q72: 0.625 | R72: 1 | U72: 1 | V72: 1.5 | W72: 1 | X72: 1.5 | Y72: 1.5 | Z72: 0.5 | AC72: 1.5 | AD72: 1 | AE72: 1.5 | AF72: 1 | AG72: 1 | AI72: 2 | AJ72: 2.25 | AK72: 2 | AL72: 2 | AM72: 2 | AN72: =SUM(I72:AM72) -> 27.1875 | AO72: 240000 | AP72: =AN72*AO72 -> 6525000
A73: 68 | B73: 박수범 | C73: 790802-1226219 | D73: 배관공 | E73: 010-5653-2064 | F73: 카카오 | G73: 박수범 | H73: 3333-11-4426796 | N73: 0.6875 | O73: 1.125 | P73: 0.5 | Q73: 0.625 | R73: 1 | U73: 1 | V73: 1.5 | W73: 1 | X73: 1.5 | Y73: 1.5 | Z73: 0.5 | AB73: 1 | AC73: 1.5 | AD73: 0.5 | AE73: 1.5 | AF73: 1 | AG73: 1 | AI73: 1 | AJ73: 1.5 | AK73: 1 | AL73: 1.5 | AM73: 1 | AN73: =SUM(I73:AM73) -> 23.4375 | AO73: 220000 | AP73: =AN73*AO73 -> 5156250
A74: 69 | B74: 박정용 | C74: 870419-1237536 | D74: 보통인부 | E74: 010-8448-2493 | F74: 우리 | G74: 박정용 | H74: 117-335684-02-001 | N74: 0.6875 | O74: 1.125 | Q74: 0.625 | R74: 1 | U74: 1 | V74: 1.5 | W74: 1 | Y74: 1.5 | Z74: 1 | AB74: 1 | AC74: 1.5 | AD74: 1 | AE74: 1.5 | AF74: 1 | AG74: 1 | AI74: 1 | AJ74: 1.5 | AK74: 1 | AL74: 1.5 | AN74: =SUM(I74:AM74) -> 21.4375 | AO74: 160000 | AP74: =AN74*AO74 -> 3430000
A75: 70 | B75: 박창현 | C75: 921110-1665714 | D75: 배관공 | E75: 010-7754-6532 | F75: 농협 | G75: 박창현 | H75: 176086-52-107101 | I75: 1 | J75: 1.5 | K75: 1 | L75: 1 | N75: 1 | O75: 1.5 | P75: 1 | Q75: 1.5 | R75: 1 | S75: 1 | U75: 1 | V75: 1.5 | W75: 1 | X75: 1.5 | Y75: 1.5 | Z75: 1 | AB75: 1 | AC75: 1.5 | AD75: 0.375 | AN75: =SUM(I75:AM75) -> 21.875 | AO75: 220000 | AP75: =AN75*AO75 -> 4812500
A76: 71 | B76: 박현우 | C76: 910702-1332714 | D76: 보통인부 | E76: 010-5845-4855 | F76: 카카오뱅크 | G76: 박현우 | H76: 3333-13-9621715 | AB76: 0.6875 | AC76: 1.125 | AE76: 0.75 | AF76: 1 | AI76: 1 | AJ76: 1.5 | AK76: 1 | AL76: 1.5 | AM76: 1 | AN76: =SUM(I76:AM76) -> 9.5625 | AO76: 150000 | AP76: =AN76*AO76 -> 1434375
A77: 72 | B77: 방승원 | C77: 000406-3217011 | D77: 보통인부 | E77: 010-9928-8732 | F77: 카카오 | G77: 방승원 | H77: 3333-08-8908687 | I77: 1 | J77: 1.5 | K77: 1 | N77: 1 | O77: 1.5 | P77: 1 | Q77: 1.5 | R77: 1 | U77: 1 | V77: 1.5 | W77: 1 | X77: 1.5 | Y77: 1.5 | Z77: 1 | AC77: 2 | AD77: 2 | AE77: 2 | AF77: 2 | AI77: 2 | AJ77: 2 | AK77: 2 | AL77: 2 | AM77: 2 | AN77: =SUM(I77:AM77) -> 35 | AO77: 150000 | AP77: =AN77*AO77 -> 5250000
A78: 73 | B78: 배광열 | C78: 980227-1912629 | D78: 보통인부 | E78: 010-8060-1829 | F78: 신한 | G78: 배광열 | H78: 110-552-677424 | I78: 1 | J78: 1.5 | K78: 1 | L78: 1 | N78: 1 | O78: 0.5 | P78: 1 | Q78: 1.5 | R78: 1 | S78: 1 | V78: 1.5 | W78: 0.875 | X78: 1.5 | Y78: 1.5 | Z78: 1 | AC78: 2 | AD78: 2 | AE78: 2 | AF78: 2 | AI78: 2 | AJ78: 2 | AK78: 2 | AL78: 2 | AM78: 2 | AN78: =SUM(I78:AM78) -> 34.875 | AO78: 160000 | AP78: =AN78*AO78 -> 5580000
A79: 74 | B79: 배주봉 | C79: 860225-1351212 | D79: 배관공 | E79: 010-7797-6969 | F79: 기업 | G79: 배주봉 | H79: 010-7797-6969 | I79: 2 | J79: 2 | K79: 2 | N79: 2 | O79: 2 | P79: 2 | Q79: 2 | R79: 2 | U79: 2 | V79: 2 | W79: 2 | X79: 2 | AB79: 2 | AC79: 2 | AD79: 2 | AE79: 2 | AF79: 2 | AI79: 2 | AJ79: 2 | AK79: 2 | AL79: 2 | AN79: =SUM(I79:AM79) -> 42 | AO79: 210000 | AP79: =AN79*AO79 -> 8820000
A80: 75 | B80: 배찬영 | C80: 771214 -1906312 | D80: 보통인부 | E80: 010-8896-7746 | F80: 농협 | G80: 배찬영 | H80: 352-1366-3636-53 | I80: 1 | J80: 1.5 | K80: 1 | L80: 1 | N80: 1 | O80: 1.5 | P80: 1 | R80: 1 | S80: 1 | U80: 1 | V80: 1.5 | W80: 1 | X80: 1.5 | Y80: 1.5 | Z80: 0.375 | AB80: 1 | AC80: 1.5 | AD80: 1 | AE80: 1.5 | AF80: 1 | AG80: 1 | AI80: 1 | AJ80: 1.5 | AK80: 1 | AL80: 1.5 | AM80: 1 | AN80: =SUM(I80:AM80) -> 29.875 | AO80: 160000 | AP80: =AN80*AO80 -> 4780000
A81: 76 | B81: 백승훈 | C81: 760328-1925611 | D81: 배관공 | E81: 010-9939-9506 | F81: 농협 | G81: 백승훈 | H81: 352-0740-3997-33 | N81: 0.6875 | O81: 1.125 | P81: 0.5 | Q81: 0.625 | R81: 1 | U81: 1 | V81: 1.5 | AN81: =SUM(I81:AM81) -> 6.4375 | AO81: 220000 | AP81: =AN81*AO81 -> 1416250
A82: 77 | B82: 백종혁 | C82: 050911-3012310 | D82: 보통인부 | E82: 010-2894-7058 | F82: 국민 | G82: 백종혁 | H82: 639602-04-111900 | AB82: 0.6875 | AC82: 1.125 | AE82: 0.75 | AF82: 1 | AI82: 1 | AJ82: 1.375 | AK82: 1 | AL82: 1.5 | AM82: 1 | AN82: =SUM(I82:AM82) -> 9.4375 | AO82: 150000 | AP82: =AN82*AO82 -> 1415625
A83: 78 | B83: 복찬수 | C83: 921105-1243411 | D83: 배관공 | E83: 010-7175-8014 | F83: 국민 | G83: 복찬수 | H83: 219402-04-119223 | N83: 0.6875 | O83: 1.125 | P83: 0.5 | Q83: 0.625 | R83: 1 | V83: 1.5 | W83: 1 | X83: 1.5 | Y83: 1.5 | Z83: 1 | AC83: 2 | AD83: 2 | AE83: 2 | AF83: 2 | AI83: 2 | AJ83: 2 | AK83: 2 | AL83: 2 | AM83: 2 | AN83: =SUM(I83:AM83) -> 28.4375 | AO83: 210000 | AP83: =AN83*AO83 -> 5971875
A84: 79 | B84: 부정식 | C84: 911122-1020815 | D84: 보통인부 | E84: 010-6603-1486 | F84: 하나 | G84: 부정식 | H84: 564-910093-98507 | I84: 2 | J84: 2 | K84: 2 | N84: 2 | O84: 2 | P84: 2 | Q84: 2 | U84: 2 | V84: 2 | W84: 2 | X84: 2 | AB84: 2 | AC84: 2 | AD84: 2 | AE84: 2 | AF84: 2 | AI84: 2 | AJ84: 2 | AK84: 2 | AL84: 2 | AM84: 2 | AN84: =SUM(I84:AM84) -> 42 | AO84: 160000 | AP84: =AN84*AO84 -> 6720000
A85: 80 | B85: 서경훈 | C85: 830725-1912011 | D85: 배관공 | E85: 010-2023-6206 | F85: 기업 | G85: 서경훈 | H85: 010-9329-6206 | I85: 2 | J85: 2 | K85: 2 | N85: 2 | O85: 2 | P85: 2 | Q85: 2 | R85: 2 | U85: 2 | V85: 2 | W85: 2 | X85: 2 | AB85: 2 | AC85: 2 | AD85: 2 | AE85: 2 | AF85: 2 | AI85: 2 | AJ85: 2 | AK85: 2 | AL85: 2 | AM85: 2 | AN85: =SUM(I85:AM85) -> 44 | AO85: 230000 | AP85: =AN85*AO85 -> 10120000
A86: 81 | B86: 서국교 | C86: 691016-1790012 | D86: 보통인부 | E86: 010-8945-3630 | F86: 농협 | G86: 서국교 | H86: 352-1964-2454-83 | I86: 2 | J86: 2 | K86: 2 | N86: 1 | O86: 1.5 | P86: 1 | Q86: 1.5 | R86: 1 | U86: 1 | V86: 1.5 | W86: 1 | X86: 1.5 | Y86: 1.5 | Z86: 0.875 | AB86: 1 | AC86: 1.5 | AE86: 1.5 | AF86: 1 | AG86: 1 | AN86: =SUM(I86:AM86) -> 25.375 | AO86: 150000 | AP86: =AN86*AO86 -> 3806250
A87: 82 | B87: 서보강 | C87: 940316-1683910 | D87: 배관공 | E87: 010-8813-0287 | F87: 대구 | G87: 서보강 | H87: 508-10-189219-3 | I87: 1 | J87: 1.5 | K87: 1 | L87: 1 | O87: 1.5 | P87: 1 | Q87: 1.5 | R87: 0.25 | AN87: =SUM(I87:AM87) -> 8.75 | AO87: 220000 | AP87: =AN87*AO87 -> 1925000
A88: 83 | B88: 서용환 | C88: 930224-1155728 | D88: 보통인부 | E88: 010-4100-9831 | F88: 기업 | G88: 서용환 | H88: 930-224-2004 | I88: 1 | J88: 1.5 | K88: 1 | L88: 0.5 | N88: 2 | O88: 2 | P88: 2.5 | Q88: 2 | R88: 2 | U88: 2 | V88: 2 | W88: 2 | X88: 2 | AB88: 2 | AC88: 2 | AD88: 2 | AE88: 2 | AF88: 2 | AI88: 2 | AJ88: 2 | AK88: 2 | AL88: 2 | AM88: 2 | AN88: =SUM(I88:AM88) -> 42.5 | AO88: 170000 | AP88: =AN88*AO88 -> 7225000
A89: 84 | B89: 석임수 | C89: 911020-1685317 | D89: 안전보조 | E89: 010-4183-1119 | F89: 하나 | G89: 석임수 | H89: 238-910260-47407 | I89: 1 | J89: 1.5 | K89: 1 | L89: 1 | N89: 1 | O89: 1.5 | P89: 1 | Q89: 1.5 | R89: 1 | U89: 1 | V89: 1.5 | W89: 1 | X89: 1.5 | Y89: 1.5 | Z89: 1 | AB89: 1 | AC89: 1.25 | AD89: 1 | AE89: 1.5 | AF89: 1 | AG89: 1 | AI89: 1 | AJ89: 1.5 | AK89: 1 | AL89: 1.5 | AM89: 1 | AN89: =SUM(I89:AM89) -> 30.75 | AO89: 200000 | AP89: =AN89*AO89 -> 6150000
A90: 85 | B90: 설희수 | C90: 710817-2528013 | D90: 보통인부 | E90: 010-5673-5700 | F90: 국민 | G90: 설희수 | H90: 430502-01-565642 | I90: 1 | J90: 1.5 | K90: 1 | L90: 0.375 | N90: 1 | O90: 1.5 | Q90: 1.5 | R90: 1 | S90: 1 | U90: 1 | V90: 1.5 | W90: 1 | X90: 1.5 | Y90: 1.5 | Z90: 1 | AB90: 1 | AC90: 1.5 | AD90: 1 | AE90: 1.5 | AF90: 1 | AG90: 1 | AJ90: 1.5 | AK90: 1 | AL90: 1.5 | AM90: 1 | AN90: =SUM(I90:AM90) -> 29.375 | AO90: 150000 | AP90: =AN90*AO90 -> 4406250
A91: 86 | B91: 성지현 | C91: 861110-1351114 | D91: 공사보조 | E91: 010-9197-9732 | F91: 카카오뱅크 | G91: 성지현 | H91: 3333-01-9967097 | I91: 2 | J91: 2 | K91: 2 | N91: 2 | O91: 2 | P91: 2 | Q91: 2 | R91: 2 | U91: 2 | V91: 2 | W91: 2 | X91: 2 | AB91: 2 | AC91: 2 | AD91: 2 | AE91: 2 | AF91: 2 | AI91: 2 | AJ91: 2 | AK91: 2 | AL91: 2 | AM91: 2 | AN91: =SUM(I91:AM91) -> 44 | AO91: 230000 | AP91: =AN91*AO91 -> 10120000
A92: 87 | B92: 성지훈 | C92: 841030-1896314 | D92: 용접공 | E92: 010-6666-6877 | F92: 신한 | G92: 성지훈 | H92: 110-414-304496 | K92: 1 | L92: 1 | N92: 0.5 | P92: 2 | Q92: 2 | R92: 2 | U92: 2 | V92: 2 | W92: 2 | X92: 2 | AB92: 2 | AC92: 2 | AD92: 2 | AE92: 2 | AI92: 2 | AJ92: 2.25 | AK92: 2 | AL92: 2 | AM92: 2 | AN92: =SUM(I92:AM92) -> 34.75 | AO92: 240000 | AP92: =AN92*AO92 -> 8340000
A93: 88 | B93: 손진규 | C93: 810715-1690914 | D93: 도비공 | E93: 010-2020-0690 | F93: 국민 | G93: 손진규 | H93: 131502-04-025549 | I93: 2 | J93: 2 | K93: 2 | N93: 2 | O93: 2 | P93: 2 | Q93: 2 | R93: 2 | U93: 2 | V93: 2 | W93: 2 | X93: 2 | AB93: 2 | AC93: 2 | AD93: 2 | AE93: 2 | AF93: 2 | AI93: 2 | AJ93: 2 | AK93: 2 | AL93: 2 | AN93: =SUM(I93:AM93) -> 42 | AO93: 220000 | AP93: =AN93*AO93 -> 9240000
A94: 89 | B94: 송팔호 | C94: 700828-1350410 | D94: 보통인부 | E94: 010-6374-9885 | F94: 국민 | G94: 송팔호 | H94: 478-21-0590-521 | N94: 0.6875 | O94: 1.125 | Q94: 0.625 | R94: 1 | U94: 1 | V94: 1.5 | W94: 1 | X94: 1.5 | Y94: 1.5 | Z94: 1 | AB94: 0.5 | AC94: 2 | AD94: 2 | AE94: 2 | AN94: =SUM(I94:AM94) -> 17.4375 | AO94: 180000 | AP94: =AN94*AO94 -> 3138750
A95: 90 | B95: 신경진 | C95: 880103-1105818 | D95: 용접공 | E95: 010-6540-2229 | F95: 기업 | G95: 신경진 | H95: 010-6540-2229 | I95: 2 | J95: 2 | K95: 2 | N95: 2 | O95: 2 | P95: 2 | Q95: 2 | R95: 2 | U95: 2 | V95: 2 | W95: 2 | X95: 2 | AB95: 2 | AC95: 2 | AD95: 2 | AE95: 2 | AF95: 2 | AI95: 1 | AJ95: 1.5 | AK95: 1 | AL95: 1.5 | AM95: 1 | AN95: =SUM(I95:AM95) -> 40 | AO95: 240000 | AP95: =AN95*AO95 -> 9600000
A96: 91 | B96: 신경철 | C96: 870717-1051118 | D96: 용접공 | E96: 010-8985-8707 | F96: 신한 | G96: 신경철 | H96: 260-039-410185 | U96: 0.6875 | V96: 1.125 | W96: 0.5 | X96: 0.625 | Y96: 1.5 | AB96: 1 | AC96: 1.5 | AD96: 1 | AE96: 1.5 | AI96: 2 | AJ96: 2.25 | AK96: 2 | AL96: 2 | AM96: 2 | AN96: =SUM(I96:AM96) -> 19.6875 | AO96: 240000 | AP96: =AN96*AO96 -> 4725000
A97: 92 | B97: 신민철 | C97: 830814-1183120 | D97: 공사보조 | E97: 010-7706-5000 | F97: 기업 | G97: 신민철 | H97: 289-082628-01-018 | I97: 1 | L97: 0.375 | N97: 1 | O97: 1.5 | P97: 1 | Q97: 1.5 | R97: 1 | S97: 1 | U97: 1 | V97: 1.5 | W97: 1 | X97: 1.375 | Y97: 1.5 | Z97: 0.875 | AB97: 0.5 | AF97: 1 | AG97: 1 | AJ97: 1.5 | AK97: 1 | AL97: 1.5 | AM97: 1 | AN97: =SUM(I97:AM97) -> 23.125 | AO97: 240000 | AP97: =AN97*AO97 -> 5550000
A98: 93 | B98: 신주현 | C98: 810227-1063429 | D98: 배관공 | E98: 010-4763-4454 | F98: 신한 | G98: 신주현 | H98: 110-377-748020 | I98: 2 | J98: 2 | K98: 2 | N98: 2 | O98: 2 | P98: 2 | Q98: 2 | R98: 2 | U98: 2 | V98: 2 | W98: 2 | X98: 2 | AB98: 2 | AC98: 2 | AD98: 2 | AE98: 2 | AF98: 2 | AI98: 2 | AJ98: 2 | AK98: 2 | AL98: 2 | AM98: 2 | AN98: =SUM(I98:AM98) -> 44 | AO98: 190000 | AP98: =AN98*AO98 -> 8360000
A99: 94 | B99: 심재만 | C99: 900530-1203318 | D99: 보통인부 | E99: 010-5777-9379 | F99: 우리 | G99: 심재만 | H99: 1002-356-056634 | I99: 1 | J99: 1.5 | K99: 1 | N99: 2 | O99: 2 | P99: 2 | Q99: 2 | R99: 2 | U99: 2 | V99: 2 | W99: 2 | X99: 2 | AB99: 2 | AC99: 2 | AD99: 2 | AE99: 2 | AF99: 2 | AI99: 2 | AJ99: 2 | AK99: 2 | AL99: 2 | AM99: 2 | AN99: =SUM(I99:AM99) -> 41.5 | AO99: 180000 | AP99: =AN99*AO99 -> 7470000
A100: 95 | B100: 안수현 | C100: 970206-2728016 | D100: 용접공 | E100: 010-5045-9210 | F100: 하나 | G100: 안수현 | H100: 292-910293-88807 | I100: 2 | J100: 2 | K100: 2 | N100: 2 | O100: 2 | P100: 2 | Q100: 2 | R100: 2 | U100: 2 | V100: 2 | W100: 2 | X100: 2 | AB100: 2 | AC100: 2 | AD100: 2 | AE100: 2 | AF100: 2 | AI100: 1 | AJ100: 1.5 | AK100: 1 | AL100: 1.5 | AM100: 1 | AN100: =SUM(I100:AM100) -> 40 | AO100: 240000 | AP100: =AN100*AO100 -> 9600000
A101: 96 | B101: 안재용 | C101: 790525-1173519 | D101: 배관공 | E101: 010-3362-3928 | F101: 신한 | G101: 안재용 | H101: 110-255-766726 | I101: 1 | J101: 1.5 | K101: 1 | N101: 1 | O101: 1.5 | P101: 1 | Q101: 1.5 | R101: 1 | S101: 1 | U101: 2 | V101: 2 | W101: 2 | X101: 2 | AB101: 2 | AC101: 2 | AD101: 2 | AE101: 2 | AF101: 2 | AI101: 2 | AJ101: 2 | AK101: 2 | AL101: 2 | AM101: 2 | AN101: =SUM(I101:AM101) -> 38.5 | AO101: 240000 | AP101: =AN101*AO101 -> 9240000
...

Sheet 숙소임차료
A1: 숙소 임차료
A2: No. | B2: 납부일 | C2: 구분 | D2: 품명 | E2: 주소 | F2: 호수 | G2: 수량 | H2: 사용인원 | I2: 임차료 | J2: 비 고
I3: =SUM(I4:I44) -> 65210000 | L3: 입력해야하는 항목 외 수정 금지
A4: 1 | B4: 46234 | C4: KC대납 임대료 | D4: 숙소임대료(07월분) | E4: 평택시 고덕여염12길 27 401호 | F4: 401호 | G4: 1 | H4: 6 | I4: 1400000 | J4: KC 대납 | L4: 납부일
A5: 2 | B5: 46234 | C5: KC대납 임대료 | D5: 숙소임대료(07월분) | E5: 평택시 고덕여염11길 149 202호 | F5: 202호 | G5: 1 | H5: 6 | I5: 1900000 | J5: KC 대납 | L5: 구분
A6: 3 | B6: 46234 | C6: KC대납 임대료 | D6: 숙소임대료(07월분) | E6: 평택시 함박산1길 50 401호 | F6: 401호 | G6: 1 | H6: 6 | I6: 1700000 | J6: KC 대납 | L6: 품명
A7: 4 | B7: 46234 | C7: KC대납 임대료 | D7: 숙소임대료(07월분) | E7: 평택시 함박산4길 3 301호 | F7: 301호 | G7: 1 | H7: 6 | I7: 1530000 | J7: KC 대납 | L7: 주소
A8: 5 | B8: 46234 | C8: KC대납 임대료 | D8: 숙소임대료(07월분) | E8: 평택시 고덕갈평10길 40 202호 | F8: 202호 | G8: 1 | H8: 6 | I8: 1600000 | J8: KC 대납 | L8: 호수
A9: 6 | B9: 46234 | C9: KC대납 임대료 | D9: 숙소임대료(07월분) | E9: 평택시 함박산3길 37 301호 | F9: 301호 | G9: 1 | H9: 6 | I9: 1600000 | J9: KC 대납 | L9: 수량
A10: 7 | B10: 46234 | C10: KC대납 임대료 | D10: 숙소임대료(07월분) | E10: 평택시 함박산9길 28 401호(복층) | F10: 복층) | G10: 1 | H10: 6 | I10: 2000000 | J10: KC 대납 | L10: 사용인원
A11: 8 | B11: 46234 | C11: KC대납 임대료 | D11: 숙소임대료(07월분) | E11: 평택시 함박산12길 35 301호 | F11: 301호 | G11: 1 | H11: 6 | I11: 1800000 | J11: KC 대납
A12: 9 | B12: 46234 | C12: KC대납 임대료 | D12: 숙소임대료(07월분) | E12: 평택시 함박산1길 34 201호 | F12: 201호 | G12: 1 | H12: 6 | I12: 1700000 | J12: KC 대납 | L12: ■ 구분은 [KC대납 임대료 및 임대료] 이외 항목은 입력금지
A13: 10 | B13: 46234 | C13: KC대납 임대료 | D13: 숙소임대료(07월분) | E13: 평택시 고덕국제4길 60-16 202호 | F13: 202호 | G13: 1 | H13: 6 | I13: 1600000 | J13: KC 대납
A14: 11 | B14: 46234 | C14: KC대납 임대료 | D14: 숙소임대료(07월분) | E14: 평택시 고덕여염16길 113 202호 | F14: 202호 | G14: 1 | H14: 6 | I14: 1900000 | J14: KC 대납
A15: 12 | B15: 46234 | C15: KC대납 임대료 | D15: 숙소임대료(07월분) | E15: 평택시 고덕여염6길 199 202호 | F15: 202호 | G15: 1 | H15: 6 | I15: 1800000 | J15: KC 대납
A16: 13 | B16: 46234 | C16: KC대납 임대료 | D16: 숙소임대료(07월분) | E16: 평택시 함박산1길 34 301호 | F16: 301호 | G16: 1 | H16: 6 | I16: 1700000 | J16: KC 대납
A17: 14 | B17: 46234 | C17: KC대납 임대료 | D17: 숙소임대료(07월분) | E17: 평택시 함박산9길 26 202호 | F17: 202호 | G17: 1 | H17: 6 | I17: 1600000 | J17: KC 대납
A18: 15 | B18: 46234 | C18: KC대납 임대료 | D18: 숙소임대료(07월분) | E18: 평택시 함박산11길 9-1 202호 | F18: 202호 | G18: 1 | H18: 6 | I18: 1650000 | J18: KC 대납
A19: 16 | B19: 46234 | C19: KC대납 임대료 | D19: 숙소임대료(07월분) | E19: 평택시 함박산3길 11 301호 | F19: 301호 | G19: 1 | H19: 6 | I19: 1900000 | J19: KC 대납
A20: 17 | B20: 46234 | C20: KC대납 임대료 | D20: 숙소임대료(07월분) | E20: 평택시 고덕여염16길 115 202호 | F20: 202호 | G20: 1 | H20: 4 | I20: 1400000 | J20: KC 대납
A21: 18 | B21: 46234 | C21: KC대납 임대료 | D21: 숙소임대료(07월분) | E21: 평택시 함박산9길 26 201호 | F21: 201호 | G21: 1 | H21: 6 | I21: 1800000 | J21: KC 대납
A22: 19 | B22: 46234 | C22: KC대납 임대료 | D22: 숙소임대료(07월분) | E22: 평택시 고덕국제4길 60-10 202호 | F22: 202호 | G22: 1 | H22: 6 | I22: 1650000 | J22: KC 대납
A23: 20 | B23: 46234 | C23: KC대납 임대료 | D23: 숙소임대료(07월분) | E23: 평택시 함박산2길 11 302호 | F23: 302호 | G23: 1 | H23: 6 | I23: 1500000 | J23: KC 대납
A24: 21 | B24: 46234 | C24: KC대납 임대료 | D24: 숙소임대료(07월분) | E24: 평택시 함박산8길 13 201호 | F24: 201호 | G24: 1 | H24: 6 | I24: 1650000 | J24: KC 대납
... A44: 41 | B44: 46234 | C44: KC대납 임대료 | D44: 숙소임대료(07월분) | E44: 평택시 고덕여염11길 14 202호 | F44: 202호 | G44: 1 | H44: 4 | I44: 1300000 | J44: KC 대납

Sheet 숙소관리비
A1: 숙소 관리비
A2: No. | B2: 납부일 | C2: 구분 | D2: 품명 | E2: 주소 | F2: 호수 | G2: 수량 | H2: 사용인원 | I2: 관리비 | J2: 비 고
I3: =SUM(I4:I127) -> 3409210
A4: 1 | B4: 46234 | C4: KC대납 관리비 | D4: 숙소수도세(07월분) | E4: 평택시 고덕여염12길 27 401호 | F4: 401호 | G4: 1 | H4: 6 | I4: 익월청구 | J4: KC 대납
A5: 2 | B5: - | C5: KC대납 관리비 | D5: 숙소가스료(07월분) | E5: 평택시 고덕여염12길 27 401호 | F5: 401호 | G5: 1 | H5: 6 | I5: 혹서기로 익월고지 | J5: KC 대납
A6: 3 | B6: 46234 | C6: KC대납 관리비 | D6: 숙소전기료(07월분) | E6: 평택시 고덕여염12길 27 401호 | F6: 401호 | G6: 1 | H6: 6 | I6: 6890 | J6: KC 대납
A7: 4 | B7: 46234 | C7: KC대납 관리비 | D7: 숙소수도세(07월분) | E7: 평택시 고덕여염11길 149 202호 | F7: 202호 | G7: 1 | H7: 6 | I7: 14870 | J7: KC 대납
A8: 5 | B8: - | C8: KC대납 관리비 | D8: 숙소가스료(07월분) | E8: 평택시 고덕여염11길 149 202호 | F8: 202호 | G8: 1 | H8: 6 | I8: 혹서기로 익월고지 | J8: KC 대납
A9: 6 | B9: 46234 | C9: KC대납 관리비 | D9: 숙소전기료(07월분) | E9: 평택시 고덕여염11길 149 202호 | F9: 202호 | G9: 1 | H9: 6 | I9: 48730 | J9: KC 대납
A10: 7 | B10: 46234 | C10: KC대납 관리비 | D10: 숙소수도세(07월분) | E10: 평택시 함박산1길 50 401호 | F10: 401호 | G10: 1 | H10: 6 | I10: 28850 | J10: KC 대납
A11: 8 | B11: - | C11: KC대납 관리비 | D11: 숙소가스료(07월분) | E11: 평택시 함박산1길 50 401호 | F11: 401호 | G11: 1 | H11: 6 | I11: 혹서기로 익월고지 | J11: KC 대납
A12: 9 | B12: 46234 | C12: KC대납 관리비 | D12: 숙소전기료(07월분) | E12: 평택시 함박산1길 50 401호 | F12: 401호 | G12: 1 | H12: 6 | I12: 130100 | J12: KC 대납
A13: 10 | B13: 46234 | C13: KC대납 관리비 | D13: 숙소수도세(07월분) | E13: 평택시 함박산4길 3 301호 | F13: 301호 | G13: 1 | H13: 6 | I13: 익월청구 | J13: KC 대납
A14: 11 | B14: - | C14: KC대납 관리비 | D14: 숙소가스료(07월분) | E14: 평택시 함박산4길 3 301호 | F14: 301호 | G14: 1 | H14: 6 | I14: 혹서기로 익월고지 | J14: KC 대납
A15: 12 | B15: 46234 | C15: KC대납 관리비 | D15: 숙소전기료(07월분) | E15: 평택시 함박산4길 3 301호 | F15: 301호 | G15: 1 | H15: 6 | I15: 30010 | J15: KC 대납
A16: 13 | B16: 46234 | C16: KC대납 관리비 | D16: 숙소수도세(07월분) | E16: 평택시 고덕갈평10길 40 202호 | F16: 202호 | G16: 1 | H16: 6 | I16: 32310 | J16: KC 대납
A17: 14 | B17: - | C17: KC대납 관리비 | D17: 숙소가스료(07월분) | E17: 평택시 고덕갈평10길 40 202호 | F17: 202호 | G17: 1 | H17: 6 | I17: 혹서기로 익월고지 | J17: KC 대납
A18: 15 | B18: 46234 | C18: KC대납 관리비 | D18: 숙소전기료(07월분) | E18: 평택시 고덕갈평10길 40 202호 | F18: 202호 | G18: 1 | H18: 6 | I18: 49810 | J18: KC 대납
A19: 16 | B19: 46234 | C19: KC대납 관리비 | D19: 숙소수도세(07월분) | E19: 평택시 함박산3길 37 301호 | F19: 301호 | G19: 1 | H19: 6 | I19: 47870 | J19: KC 대납
A20: 17 | B20: - | C20: KC대납 관리비 | D20: 숙소가스료(07월분) | E20: 평택시 함박산3길 37 301호 | F20: 301호 | G20: 1 | H20: 6 | I20: 혹서기로 익월고지 | J20: KC 대납
A21: 18 | B21: 46234 | C21: KC대납 관리비 | D21: 숙소전기료(07월분) | E21: 평택시 함박산3길 37 301호 | F21: 301호 | G21: 1 | H21: 6 | I21: 83710 | J21: KC 대납
A22: 19 | B22: 46234 | C22: KC대납 관리비 | D22: 숙소수도세(07월분) | E22: 평택시 함박산9길 28 401호(복층) | F22: 복층) | G22: 1 | H22: 6 | I22: 18480 | J22: KC 대납
A23: 20 | B23: - | C23: KC대납 관리비 | D23: 숙소가스료(07월분) | E23: 평택시 함박산9길 28 401호(복층) | F23: 복층) | G23: 1 | H23: 6 | I23: 혹서기로 익월고지 | J23: KC 대납
A24: 21 | B24: 46234 | C24: KC대납 관리비 | D24: 숙소전기료(07월분) | E24: 평택시 함박산9길 28 401호(복층) | F24: 복층) | G24: 1 | H24: 6 | I24: 59770 | J24: KC 대납
A25: 22 | B25: 46234 | C25: KC대납 관리비 | D25: 숙소수도세(07월분) | E25: 평택시 함박산12길 35 301호 | F25: 301호 | G25: 1 | H25: 6 | I25: 익월청구 | J25: KC 대납
A26: 23 | B26: - | C26: KC대납 관리비 | D26: 숙소가스료(07월분) | E26: 평택시 함박산12길 35 301호 | F26: 301호 | G26: 1 | H26: 6 | I26: 혹서기로 익월고지 | J26: KC 대납
A27: 24 | B27: 46234 | C27: KC대납 관리비 | D27: 숙소전기료(07월분) | E27: 평택시 함박산12길 35 301호 | F27: 301호 | G27: 1 | H27: 6 | I27: 43430 | J27: KC 대납
A28: 25 | B28: 46234 | C28: KC대납 관리비 | D28: 숙소수도세(07월분) | E28: 평택시 함박산1길 34 201호 | F28: 201호 | G28: 1 | H28: 6 | I28: 360 | J28: KC 대납
A29: 26 | B29: - | C29: KC대납 관리비 | D29: 숙소가스료(07월분) | E29: 평택시 함박산1길 34 201호 | F29: 201호 | G29: 1 | H29: 6 | I29: 혹서기로 익월고지 | J29: KC 대납
A30: 27 | B30: 46234 | C30: KC대납 관리비 | D30: 숙소전기료(07월분) | E30: 평택시 함박산1길 34 201호 | F30: 201호 | G30: 1 | H30: 6 | I30: 57280 | J30: KC 대납
A31: 28 | B31: 46234 | C31: KC대납 관리비 | D31: 숙소수도세(07월분) | E31: 평택시 고덕국제4길 60-16 202호 | F31: 202호 | G31: 1 | H31: 6 | I31: 18480 | J31: KC 대납
A32: 29 | B32: - | C32: KC대납 관리비 | D32: 숙소가스료(07월분) | E32: 평택시 고덕국제4길 60-16 202호 | F32: 202호 | G32: 1 | H32: 6 | I32: 혹서기로 익월고지 | J32: KC 대납
A33: 30 | B33: 46234 | C33: KC대납 관리비 | D33: 숙소전기료(07월분) | E33: 평택시 고덕국제4길 60-16 202호 | F33: 202호 | G33: 1 | H33: 6 | I33: 58480 | J33: KC 대납
A34: 31 | B34: 46234 | C34: KC대납 관리비 | D34: 숙소수도세(07월분) | E34: 평택시 고덕여염16길 113 202호 | F34: 202호 | G34: 1 | H34: 6 | I34: 2920 | J34: KC 대납
A35: 32 | B35: - | C35: KC대납 관리비 | D35: 숙소가스료(07월분) | E35: 평택시 고덕여염16길 113 202호 | F35: 202호 | G35: 1 | H35: 6 | I35: 혹서기로 익월고지 | J35: KC 대납
A36: 33 | B36: 46234 | C36: KC대납 관리비 | D36: 숙소전기료(07월분) | E36: 평택시 고덕여염16길 113 202호 | F36: 202호 | G36: 1 | H36: 6 | I36: 68670 | J36: KC 대납
A37: 34 | B37: 46234 | C37: KC대납 관리비 | D37: 숙소수도세(07월분) | E37: 평택시 고덕여염6길 199 202호 | F37: 202호 | G37: 1 | H37: 6 | I37: 21940 | J37: KC 대납
A38: 35 | B38: - | C38: KC대납 관리비 | D38: 숙소가스료(07월분) | E38: 평택시 고덕여염6길 199 202호 | F38: 202호 | G38: 1 | H38: 6 | I38: 혹서기로 익월고지 | J38: KC 대납
A39: 36 | B39: 46234 | C39: KC대납 관리비 | D39: 숙소전기료(07월분) | E39: 평택시 고덕여염6길 199 202호 | F39: 202호 | G39: 1 | H39: 6 | I39: 86210 | J39: KC 대납
A40: 37 | B40: 46234 | C40: KC대납 관리비 | D40: 숙소수도세(07월분) | E40: 평택시 함박산1길 34 301호 | F40: 301호 | G40: 1 | H40: 6 | I40: 23660 | J40: KC 대납
A41: 38 | B41: - | C41: KC대납 관리비 | D41: 숙소가스료(07월분) | E41: 평택시 함박산1길 34 301호 | F41: 301호 | G41: 1 | H41: 6 | I41: 혹서기로 익월고지 | J41: KC 대납
A42: 39 | B42: 46234 | C42: KC대납 관리비 | D42: 숙소전기료(07월분) | E42: 평택시 함박산1길 34 301호 | F42: 301호 | G42: 1 | H42: 6 | I42: 38270 | J42: KC 대납
A43: 40 | B43: 46234 | C43: KC대납 관리비 | D43: 숙소수도세(07월분) | E43: 평택시 함박산9길 26 202호 | F43: 202호 | G43: 1 | H43: 6 | I43: 23660 | J43: KC 대납
A44: 41 | B44: - | C44: KC대납 관리비 | D44: 숙소가스료(07월분) | E44: 평택시 함박산9길 26 202호 | F44: 202호 | G44: 1 | H44: 6 | I44: 혹서기로 익월고지 | J44: KC 대납
A45: 42 | B45: 46234 | C45: KC대납 관리비 | D45: 숙소전기료(07월분) | E45: 평택시 함박산9길 26 202호 | F45: 202호 | G45: 1 | H45: 6 | I45: 94790 | J45: KC 대납
A46: 43 | B46: 46234 | C46: KC대납 관리비 | D46: 숙소수도세(07월분) | E46: 평택시 함박산11길 9-1 202호 | F46: 202호 | G46: 1 | H46: 6 | I46: 9840 | J46: KC 대납
A47: 44 | B47: - | C47: KC대납 관리비 | D47: 숙소가스료(07월분) | E47: 평택시 함박산11길 9-1 202호 | F47: 202호 | G47: 1 | H47: 6 | I47: 혹서기로 익월고지 | J47: KC 대납
A48: 45 | B48: 46234 | C48: KC대납 관리비 | D48: 숙소전기료(07월분) | E48: 평택시 함박산11길 9-1 202호 | F48: 202호 | G48: 1 | H48: 6 | I48: 63110 | J48: KC 대납
A49: 46 | B49: 46234 | C49: KC대납 관리비 | D49: 숙소수도세(07월분) | E49: 평택시 함박산3길 11 301호 | F49: 301호 | G49: 1 | H49: 6 | I49: 18480 | J49: KC 대납
A50: 47 | B50: - | C50: KC대납 관리비 | D50: 숙소가스료(07월분) | E50: 평택시 함박산3길 11 301호 | F50: 301호 | G50: 1 | H50: 6 | I50: 혹서기로 익월고지 | J50: KC 대납
A51: 48 | B51: 46234 | C51: KC대납 관리비 | D51: 숙소전기료(07월분) | E51: 평택시 함박산3길 11 301호 | F51: 301호 | G51: 1 | H51: 6 | I51: 121950 | J51: KC 대납
A52: 49 | B52: 46234 | C52: KC대납 관리비 | D52: 숙소수도세(07월분) | E52: 평택시 고덕여염16길 115 202호 | F52: 202호 | G52: 1 | H52: 4 | I52: 13290 | J52: KC 대납
A53: 50 | B53: - | C53: KC대납 관리비 | D53: 숙소가스료(07월분) | E53: 평택시 고덕여염16길 115 202호 | F53: 202호 | G53: 1 | H53: 4 | I53: 혹서기로 익월고지 | J53: KC 대납
A54: 51 | B54: 46234 | C54: KC대납 관리비 | D54: 숙소전기료(07월분) | E54: 평택시 고덕여염16길 115 202호 | F54: 202호 | G54: 1 | H54: 4 | I54: 24360 | J54: KC 대납
A55: 52 | B55: 46234 | C55: KC대납 관리비 | D55: 숙소수도세(07월분) | E55: 평택시 함박산9길 26 201호 | F55: 201호 | G55: 1 | H55: 6 | I55: 20210 | J55: KC 대납
A56: 53 | B56: - | C56: KC대납 관리비 | D56: 숙소가스료(07월분) | E56: 평택시 함박산9길 26 201호 | F56: 201호 | G56: 1 | H56: 6 | I56: 혹서기로 익월고지 | J56: KC 대납
A57: 54 | B57: 46234 | C57: KC대납 관리비 | D57: 숙소전기료(07월분) | E57: 평택시 함박산9길 26 201호 | F57: 201호 | G57: 1 | H57: 6 | I57: 158870 | J57: KC 대납
A58: 55 | B58: 46234 | C58: KC대납 관리비 | D58: 숙소수도세(07월분) | E58: 평택시 고덕국제4길 60-10 202호 | F58: 202호 | G58: 1 | H58: 6 | I58: 20240 | J58: KC 대납
A59: 56 | B59: - | C59: KC대납 관리비 | D59: 숙소가스료(07월분) | E59: 평택시 고덕국제4길 60-10 202호 | F59: 202호 | G59: 1 | H59: 6 | I59: 혹서기로 익월고지 | J59: KC 대납
A60: 57 | B60: 46234 | C60: KC대납 관리비 | D60: 숙소전기료(07월분) | E60: 평택시 고덕국제4길 60-10 202호 | F60: 202호 | G60: 1 | H60: 6 | I60: 257600 | J60: KC 대납
A61: 58 | B61: 46234 | C61: KC대납 관리비 | D61: 숙소수도세(07월분) | E61: 평택시 함박산2길 11 302호 | F61: 302호 | G61: 1 | H61: 6 | I61: 1560 | J61: KC 대납
A62: 59 | B62: - | C62: KC대납 관리비 | D62: 숙소가스료(07월분) | E62: 평택시 함박산2길 11 302호 | F62: 302호 | G62: 1 | H62: 6 | I62: 혹서기로 익월고지 | J62: KC 대납
A63: 60 | B63: 46234 | C63: KC대납 관리비 | D63: 숙소전기료(07월분) | E63: 평택시 함박산2길 11 302호 | F63: 302호 | G63: 1 | H63: 6 | I63: 42100 | J63: KC 대납
A64: 61 | B64: 46234 | C64: KC대납 관리비 | D64: 숙소수도세(07월분) | E64: 평택시 함박산8길 13 201호 | F64: 201호 | G64: 1 | H64: 6 | I64: 20240 | J64: KC 대납
A65: 62 | B65: - | C65: KC대납 관리비 | D65: 숙소가스료(07월분) | E65: 평택시 함박산8길 13 201호 | F65: 201호 | G65: 1 | H65: 6 | I65: 혹서기로 익월고지 | J65: KC 대납
A66: 63 | B66: 46234 | C66: KC대납 관리비 | D66: 숙소전기료(07월분) | E66: 평택시 함박산8길 13 201호 | F66: 201호 | G66: 1 | H66: 6 | I66: 201780 | J66: KC 대납
A67: 64 | B67: 46234 | C67: KC대납 관리비 | D67: 숙소수도세(07월분) | E67: 평택시 고덕여염6길 199 301호 | F67: 301호 | G67: 1 | H67: 6 | I67: 15020 | J67: KC 대납
A68: 65 | B68: - | C68: KC대납 관리비 | D68: 숙소가스료(07월분) | E68: 평택시 고덕여염6길 199 301호 | F68: 301호 | G68: 1 | H68: 6 | I68: 혹서기로 익월고지 | J68: KC 대납
A69: 66 | B69: 46234 | C69: KC대납 관리비 | D69: 숙소전기료(07월분) | E69: 평택시 고덕여염6길 199 301호 | F69: 301호 | G69: 1 | H69: 6 | I69: 65720 | J69: KC 대납
A70: 67 | B70: 46234 | C70: KC대납 관리비 | D70: 숙소수도세(07월분) | E70: 평택시 함박산2길 16 201호 | F70: 201호 | G70: 1 | H70: 6 | I70: 8100 | J70: KC 대납
A71: 68 | B71: - | C71: KC대납 관리비 | D71: 숙소가스료(07월분) | E71: 평택시 함박산2길 16 201호 | F71: 201호 | G71: 1 | H71: 6 | I71: 혹서기로 익월고지 | J71: KC 대납
A72: 69 | B72: 46234 | C72: KC대납 관리비 | D72: 숙소전기료(07월분) | E72: 평택시 함박산2길 16 201호 | F72: 201호 | G72: 1 | H72: 6 | I72: 69320 | J72: KC 대납
A73: 70 | B73: 46234 | C73: KC대납 관리비 | D73: 숙소수도세(07월분) | E73: 평택시 함박산3길 11 202호 | F73: 202호 | G73: 1 | H73: 6 | I73: 익월청구 | J73: KC 대납
A74: 71 | B74: - | C74: KC대납 관리비 | D74: 숙소가스료(07월분) | E74: 평택시 함박산3길 11 202호 | F74: 202호 | G74: 1 | H74: 6 | I74: 혹서기로 익월고지 | J74: KC 대납
A75: 72 | B75: 46234 | C75: KC대납 관리비 | D75: 숙소전기료(07월분) | E75: 평택시 함박산3길 11 202호 | F75: 202호 | G75: 1 | H75: 6 | I75: 197100 | J75: KC 대납
A76: 73 | B76: 46234 | C76: KC대납 관리비 | D76: 숙소수도세(07월분) | E76: 평택시 함박산4길 28 301호 | F76: 301호 | G76: 1 | H76: 6 | I76: 15020 | J76: KC 대납
A77: 74 | B77: - | C77: KC대납 관리비 | D77: 숙소가스료(07월분) | E77: 평택시 함박산4길 28 301호 | F77: 301호 | G77: 1 | H77: 6 | I77: 혹서기로 익월고지 | J77: KC 대납
A78: 75 | B78: 46234 | C78: KC대납 관리비 | D78: 숙소전기료(07월분) | E78: 평택시 함박산4길 28 301호 | F78: 301호 | G78: 1 | H78: 6 | I78: 78300 | J78: KC 대납
A79: 76 | B79: 46234 | C79: KC대납 관리비 | D79: 숙소수도세(07월분) | E79: 평택시 함박산1길 49 202호 | F79: 202호 | G79: 1 | H79: 6 | I79: 익월청구 | J79: KC 대납
A80: 77 | B80: - | C80: KC대납 관리비 | D80: 숙소가스료(07월분) | E80: 평택시 함박산1길 49 202호 | F80: 202호 | G80: 1 | H80: 6 | I80: 혹서기로 익월고지 | J80: KC 대납
A81: 78 | B81: 46234 | C81: KC대납 관리비 | D81: 숙소전기료(07월분) | E81: 평택시 함박산1길 49 202호 | F81: 202호 | G81: 1 | H81: 6 | I81: 22570 | J81: KC 대납
A82: 79 | B82: 46234 | C82: KC대납 관리비 | D82: 숙소수도세(07월분) | E82: 평택시 고덕국제3길 103 202호 | F82: 202호 | G82: 1 | H82: 6 | I82: 6380 | J82: KC 대납
A83: 80 | B83: - | C83: KC대납 관리비 | D83: 숙소가스료(07월분) | E83: 평택시 고덕국제3길 103 202호 | F83: 202호 | G83: 1 | H83: 6 | I83: 혹서기로 익월고지 | J83: KC 대납
A84: 81 | B84: 46234 | C84: KC대납 관리비 | D84: 숙소전기료(07월분) | E84: 평택시 고덕국제3길 103 202호 | F84: 202호 | G84: 1 | H84: 6 | I84: 57190 | J84: KC 대납
A85: 82 | B85: 46234 | C85: KC대납 관리비 | D85: 숙소수도세(07월분) | E85: 평택시 고덕여염12길 10 201호 | F85: 201호 | G85: 1 | H85: 6 | I85: 익월청구 | J85: KC 대납
A86: 83 | B86: - | C86: KC대납 관리비 | D86: 숙소가스료(07월분) | E86: 평택시 고덕여염12길 10 201호 | F86: 201호 | G86: 1 | H86: 6 | I86: 혹서기로 익월고지 | J86: KC 대납
A87: 84 | B87: 46234 | C87: KC대납 관리비 | D87: 숙소전기료(07월분) | E87: 평택시 고덕여염12길 10 201호 | F87: 201호 | G87: 1 | H87: 6 | I87: 익월청구 | J87: KC 대납
A88: 85 | B88: 46234 | C88: KC대납 관리비 | D88: 숙소수도세(07월분) | E88: 평택시 함박산2길 32-2 202호 | F88: 202호 | G88: 1 | H88: 6 | I88: 익월청구 | J88: KC 대납
A89: 86 | B89: - | C89: KC대납 관리비 | D89: 숙소가스료(07월분) | E89: 평택시 함박산2길 32-2 202호 | F89: 202호 | G89: 1 | H89: 6 | I89: 혹서기로 익월고지 | J89: KC 대납
A90: 87 | B90: 46234 | C90: KC대납 관리비 | D90: 숙소전기료(07월분) | E90: 평택시 함박산2길 32-2 202호 | F90: 202호 | G90: 1 | H90: 6 | I90: 25230 | J90: KC 대납
A91: 88 | B91: 46234 | C91: KC대납 관리비 | D91: 숙소수도세(07월분) | E91: 평택시 함박산2길 30 201호 | F91: 201호 | G91: 1 | H91: 6 | I91: 익월청구 | J91: KC 대납
A92: 89 | B92: - | C92: KC대납 관리비 | D92: 숙소가스료(07월분) | E92: 평택시 함박산2길 30 201호 | F92: 201호 | G92: 1 | H92: 6 | I92: 혹서기로 익월고지 | J92: KC 대납
A93: 90 | B93: 46234 | C93: KC대납 관리비 | D93: 숙소전기료(07월분) | E93: 평택시 함박산2길 30 201호 | F93: 201호 | G93: 1 | H93: 6 | I93: 123130 | J93: KC 대납
A94: 91 | B94: 46234 | C94: KC대납 관리비 | D94: 숙소수도세(07월분) | E94: 평택시 함박산2길 16-1 301호 | F94: 301호 | G94: 1 | H94: 6 | I94: 익월청구 | J94: KC 대납
A95: 92 | B95: - | C95: KC대납 관리비 | D95: 숙소가스료(07월분) | E95: 평택시 함박산2길 16-1 301호 | F95: 301호 | G95: 1 | H95: 6 | I95: 혹서기로 익월고지 | J95: KC 대납
A96: 93 | B96: 46234 | C96: KC대납 관리비 | D96: 숙소전기료(07월분) | E96: 평택시 함박산2길 16-1 301호 | F96: 301호 | G96: 1 | H96: 6 | I96: 익월청구 | J96: KC 대납
A97: 94 | B97: 46234 | C97: KC대납 관리비 | D97: 숙소수도세(07월분) | E97: 평택시 함박산1길 23 201호 | F97: 201호 | G97: 1 | H97: 6 | I97: 익월청구 | J97: KC 대납
A98: 95 | B98: - | C98: KC대납 관리비 | D98: 숙소가스료(07월분) | E98: 평택시 함박산1길 23 201호 | F98: 201호 | G98: 1 | H98: 6 | I98: 혹서기로 익월고지 | J98: KC 대납
A99: 96 | B99: 46234 | C99: KC대납 관리비 | D99: 숙소전기료(07월분) | E99: 평택시 함박산1길 23 201호 | F99: 201호 | G99: 1 | H99: 6 | I99: 익월청구 | J99: KC 대납
A100: 97 | B100: 46234 | C100: KC대납 관리비 | D100: 숙소수도세(07월분) | E100: 평택시 함박산8길 25-1 202호 | F100: 202호 | G100: 1 | H100: 6 | I100: 익월청구 | J100: KC 대납
...

Sheet 식대비용
A1: 식대 비용
A2: No. | B2: 납부일 | C2: 구분 | D2: 품명 | E2: 거래처명 | F2: 수량 | G2: 식수인원 | H2: 단가 | I2: 합 계 | J2: 비 고
I3: =SUM(I4:I5) -> 65930682 | L3: 입력해야하는 항목 외 수정 금지
A4: 1 | B4: 46234 | C4: KC대납 식대 | D4: 기술인및관리자 (현장 식당) | E4: 포세카 | F4: 4151 | G4: 132 | H4: 6181.82 | I4: 25568682 | J4: KC 대납 | L4: 입력항목
A5: 2 | B5: 46228 | C5: KC대납 식대 | D5: 기술인및관리자 (현장 식당) | E5: 밥심 | F5: 5766 | G5: 161 | H5: 7000 | I5: =F5*H5 -> 40362000 | J5: KC 대납 | L5: 납부일
L6: 구분
L7: 품명
L8: 거래처명
L9: 수량
L10: 식수인원
L11: 단가
L13: ■ 구분은 [KC대납 식대 및 식대] 이외 항목은 입력금지

Sheet 기타비용
A1: 기타 비용
A2: No. | B2: 구매일 | C2: 구분 | D2: 품명 | E2: 거래처명 | F2: 수량 | G2: 단가 | H2: 합계 | I2: 비고
H3: =SUM(H4:H138) -> 6415800 | K3: 입력해야하는 항목 외 수정 금지
A4: 1 | B4: 46204 | C4: 소모품비 | D4: 가위 [SB-P300,CTX [세신]] | E4: 미래공구 | F4: 10 | G4: 4500 | H4: =F4*G4 -> 45000 | I4: 거래명세서 첨부 | K4: 입력항목
A5: 2 | B5: 46204 | C5: 소모품비 | D5: 가위집 [PVC [AK]] | E5: 미래공구 | F5: 10 | G5: 2100 | H5: =F5*G5 -> 21000 | I5: 거래명세서 첨부 | K5: 납부일
A6: 3 | B6: 46204 | C6: 소모품비 | D6: 안전칼 [SK-4 [올파]] | E6: 미래공구 | F6: 5 | G6: 5700 | H6: =F6*G6 -> 28500 | I6: 거래명세서 첨부 | K6: 구분
A7: 4 | B7: 46204 | C7: 소모품비 | D7: 다이아몬드줄 [10",스텐 [수입]] | E7: 미래공구 | F7: 5 | G7: 6500 | H7: =F7*G7 -> 32500 | I7: 거래명세서 첨부 | K7: 품명
A8: 5 | B8: 46205 | C8: 소모품비 | D8: 타이어커버 [소,323*100,12*4,JCPT0807,JCPT0807AC용] | E8: 미래공구 | F8: 3 | G8: 16000 | H8: =F8*G8 -> 48000 | I8: 거래명세서 첨부 | K8: 거래처명
A9: 6 | B9: 46205 | C9: 소모품비 | D9: 보루 [5KG,면 [백호]] | E9: 미래공구 | F9: 1 | G9: 12000 | H9: =F9*G9 -> 12000 | I9: 거래명세서 첨부 | K9: 수량
A10: 7 | B10: 46205 | C10: 소모품비 | D10: 마대 [수입,90kg,100L [HNS]] | E10: 미래공구 | F10: 100 | G10: 300 | H10: =F10*G10 -> 30000 | I10: 거래명세서 첨부 | K10: 식수인원
A11: 8 | B11: 46205 | C11: 소모품비 | D11: 방우플러그 [YSP1603,녹색 [코엘]] | E11: 미래공구 | F11: 5 | G11: 5400 | H11: =F11*G11 -> 27000 | I11: 거래명세서 첨부 | K11: 단가
A12: 9 | B12: 46205 | C12: 소모품비 | D12: 방우콘센트 [2구,20A [코엘]] | E12: 미래공구 | F12: 4 | G12: 24300 | H12: =F12*G12 -> 97200 | I12: 거래명세서 첨부
A13: 10 | B13: 46205 | C13: 소모품비 | D13: 실리콘오링 [26Q*9R,적색 [수입]] | E13: 미래공구 | F13: 4 | G13: 1800 | H13: =F13*G13 -> 7200 | I13: 거래명세서 첨부 | K13: ■ 구분은 [KC대납 식대 및 식대] 이외 항목은 입력금지
A14: 11 | B14: 46206 | C14: 소모품비 | D14: 스텝드릴 [5-35,Co8%,원형생크 [블랑코]] | E14: 미래공구 | F14: 2 | G14: 23200 | H14: =F14*G14 -> 46400 | I14: 거래명세서 첨부
A15: 12 | B15: 46206 | C15: 소모품비 | D15: 케이블타이 [300mm(1봉=500개),백색 [HNS]] | E15: 미래공구 | F15: 3 | G15: 13000 | H15: =F15*G15 -> 39000 | I15: 거래명세서 첨부
A16: 13 | B16: 46206 | C16: 소모품비 | D16: 어스클램프 [CEC-500A,CTX [크레토스]] | E16: 미래공구 | F16: 2 | G16: 20800 | H16: =F16*G16 -> 41600 | I16: 거래명세서 첨부
A17: 14 | B17: 46206 | C17: 소모품비 | D17: 스패너 [35mm [MIDAS]] | E17: 미래공구 | F17: 2 | G17: 8600 | H17: =F17*G17 -> 17200 | I17: 거래명세서 첨부
A18: 15 | B18: 46206 | C18: 소모품비 | D18: PP로프 [6mm*100m [SW]] | E18: 미래공구 | F18: 1 | G18: 10300 | H18: =F18*G18 -> 10300 | I18: 거래명세서 첨부
A19: 16 | B19: 46206 | C19: 소모품비 | D19: 낙상경보기 [200*90 [3S]] | E19: 미래공구 | F19: 12 | G19: 4000 | H19: =F19*G19 -> 48000 | I19: 거래명세서 첨부
A20: 17 | B20: 46206 | C20: 소모품비 | D20: 낙상경보기부품 [풀피리] | E20: 미래공구 | F20: 10 | G20: 100 | H20: =F20*G20 -> 1000 | I20: 거래명세서 첨부
A21: 18 | B21: 46209 | C21: 소모품비 | D21: 실내화주머니 [배낭형,고급 [수입]] | E21: 미래공구 | F21: 74 | G21: 4000 | H21: =F21*G21 -> 296000 | I21: 거래명세서 첨부
A22: 19 | B22: 46209 | C22: 소모품비 | D22: 수평 [자석,MML-100 [SB]] | E22: 미래공구 | F22: 1 | G22: 11100 | H22: =F22*G22 -> 11100 | I22: 거래명세서 첨부
A23: 20 | B23: 46209 | C23: 소모품비 | D23: 가위 [SB-P300,CTX [세신]] | E23: 미래공구 | F23: 10 | G23: 4500 | H23: =F23*G23 -> 45000 | I23: 거래명세서 첨부
A24: 21 | B24: 46209 | C24: 소모품비 | D24: 가위집 [PVC [AK]] | E24: 미래공구 | F24: 10 | G24: 2100 | H24: =F24*G24 -> 21000 | I24: 거래명세서 첨부
A25: 22 | B25: 46210 | C25: 소모품비 | D25: 롱비트소켓 [11*110mm [황금손]] | E25: 미래공구 | F25: 1 | G25: 5400 | H25: =F25*G25 -> 5400 | I25: 거래명세서 첨부
... A138: 135 | B138: 46234 | C138: 소모품비 | D138: 네임펜 [양면,흑색,12개 [모나미]] | E138: 미래공구 | F138: 1 | G138: 12400 | H138: =F138*G138 -> 12400 | I138: 거래명세서 첨부

Sheet 서명란
B2: 현 장 확 인 | C2: 소 장 | E2: (서명)
C3: 공 사 | E3: (서명)
C4: 공 무 | E4: (서명)
G6: 사 업 부 | H6: Frontier 사업부 GNP 본부장 | I6: BOC 센터장 | J6: Frontier 사업부장
L8: 본 사 | M8: 담 당 | N8: 검 토 | O8: 검 토
Q11: 구 분 | R11: 확 인
Q12: 품 질 | R12: O O O (인)
Q13: 공 무 | R13: O O O (인)

Sheet DIA-INCH
B3: SIZE
B4: A(mm) | C4: Inch
B5: 8A | C5: 0.25
B6: 15A | C6: 0.5
B7: 20A | C7: 0.75
B8: 25A | C8: 1
B9: 32A | C9: 1.25
B10: 40A | C10: 1.5
B11: 50A | C11: 2
B12: 65A | C12: 2.5
B13: 80A | C13: 3
B14: 100A | C14: 4
B15: 110A | C15: 4
B16: 125A | C16: 5
... B27: 550A | C27: 22
