Workbook

Sheet 용역청구서 표지
B4: 용 역 청 구 서
B7: P4 Ph2 GAS&PCW 1공구
C8: S26-001
C14: 2026년 05월
C15: 대성이엔지

Sheet 용역 청구서(갑지)
A1: 용 역 청 구 서
A3: 1 | B3: 공 사 명 | C3: : | D3: ='용역청구서 표지'!$B$7 -> P4 Ph2 GAS&PCW 1공구 | E3: ='용역청구서 표지'!$C$8 -> S26-001
A4: 2 | B4: 공 종 | C4: : | D4: 외주용역(M/M부분)
A5: 3 | B5: 계 약 금 액 | C5: : | D5: =ROUNDUP(E5,0) -> -174338537 | E5: =집계장!J25 -> -174338537 | F5: (VAT 별도)
A6: 4 | B6: 누 계 기 성 금 액 | C6: : | D6: =ROUNDUP(E6,0) -> 0 | E6: =E7+E13 -> 0 | F6: (VAT 별도)
A7: 5 | B7: 전 회 기 성 금 액 | C7: : | D7: =ROUNDUP(E7,0) -> 0 | E7: 0 | F7: (VAT 별도)
A8: 6 | B8: 금 회 기 성 금 액 | C8: : | D8: =ROUNDUP(E8,0) -> -174338537 | E8: =집계장!I25 -> -174338537 | F8: (VAT 별도)
A9: 7 | B9: 선 금 액 | C9: : | D9: =ROUNDUP(E9,0) -> 0 | E9: =집계장!L23 -> 0 | F9: (VAT 별도)
A10: 8 | B10: 선 금 전 회 공 제 | C10: : | D10: =ROUNDUP(E10,0) -> 0 | E10: =집계장!H23 -> 0 | F10: (VAT 별도)
A11: 9 | B11: 선 금 금 회 공 제 | C11: : | D11: =ROUNDUP(E11,0) -> 0 | E11: =집계장!G23 -> 0 | F11: (VAT 별도)
A12: 10 | B12: 선 금 잔 여 금 액 | C12: : | D12: =ROUNDUP(E12,0) -> 0 | E12: =집계장!M23 -> 0 | F12: (VAT 별도)
A13: 11 | B13: 금 회 청 구 금 액 | C13: : | D13: =ROUNDUP(E13,0) -> 0 | E13: 0 | F13: (VAT 별도)
A14: 12 | B14: 잔 여 기 성 금 액 | C14: : | D14: =ROUNDUP(E14,0) -> 0 | F14: (VAT 별도)
A15: 13 | B15: 공 정 율 | C15: : | D15: 1
A16: 14 | B16: 청 구 공 사 기 간 | C16: : | D16: 2026. 05. 01 ~ 2026. 05. 31
B18: 위 공사의 하도급에 있어서 공사설계도서, 시방서,품질관리 기준 및 약정대로 시공 되었음을 확인하오며. 만약 귀사의 현장담당의 검사에
B19: 관하여 하자가 발견된 때에는 즉시 실액배상 또는 재 시공할것을 서약하고 이에 기성 청구서를 제출합니다.
B20: 상기건과 관련하여 본 청구 이전까지의 모든 대금은 수령하였음을 확약합니다.
F21: 작 성 일 : 2026 년 05 월 31 일
F23: 상 호 : | G23: 대성이엔지
B24: ※첨 부 : 기성내역서 1부. | F24: 주 소 : | G24: 경기도 파주시 파주읍 주라위길 380
F25: 대표이사 : | G25: 정 성 기 | I25: (인)
D26: ㈜케이씨이앤씨 귀하

Sheet 용역 내역서(을지)
A1: 용 역 내 역 서
A2: P4 Ph4 GAS 1공구 마감공사 | G2: 단위 : 원
A3: 품 명 | B3: 규 격 | C3: 단위 | D3: 단 가 | E3: 금 회 청 구
E4: 수 량 | F4: 금 액 | G4: 비 고
A5: 고급기술인 | B5: S+ | C5: M/M | D5: 1400000 | E5: 1 | F5: =D5*E5 -> 1400000
A6: 고급기술인 | B6: S | C6: M/M | D6: 1200000 | F6: =D6*E6 -> 0
A7: 중급기술인 | B7: A+ | C7: M/M | D7: 1000000 | F7: =D7*E7 -> 0
A8: 중급기술인 | B8: A | C8: M/M | D8: 900000 | F8: =D8*E8 -> 0
A9: 중급기술인 | B9: B+ | C9: M/M | D9: 800000 | F9: =D9*E9 -> 0
A10: 중급기술인 | B10: B | C10: M/M | D10: 700000 | F10: =D10*E10 -> 0
A11: 초급 기술인 | B11: C | C11: M/M | D11: 600000 | F11: =D11*E11 -> 0
A13: 인센티브 | E13: 0.01 | F13: =SUM(F5:F11)*E13 -> 14000
A15: 총 계 | E15: =SUM(E5:E11) -> 1 | F15: =SUM(F5:F13) -> 1414000

Sheet 내역서(을지)
A1: 용 역 내 역 서
A2: =집계장!B2 -> P4 Ph2 GAS&PCW 1공구 | G2: 단위 : 원
A3: 품 명 | B3: 규 격 | C3: 단위 | D3: 단 가 | E3: 금 회 청 구 | G3: 비 고
E4: 수 량 | F4: 금 액
A5: 고급기술인 | B5: S+ | C5: M/M | D5: 1400000 | E5: 8 | F5: =D5*E5 -> 11200000
A6: 고급기술인 | B6: S | C6: M/M | D6: 1200000 | E6: 2 | F6: =D6*E6 -> 2400000
A7: 중급기술인 | B7: A+ | C7: M/M | D7: 1000000 | E7: 6 | F7: =D7*E7 -> 6000000
A8: 중급기술인 | B8: A | C8: M/M | D8: 900000 | E8: 1 | F8: =D8*E8 -> 900000
A9: 중급기술인 | B9: B+ | C9: M/M | D9: 800000 | E9: 4 | F9: =D9*E9 -> 3200000
A10: 중급기술인 | B10: B | C10: M/M | D10: 700000 | E10: 9 | F10: =D10*E10 -> 6300000
A11: 초급기술인 | B11: C | C11: M/M | D11: 600000 | F11: =D11*E11 -> 0
A27: 총 계 | E27: =SUM(E5:E11) -> 30 | F27: =SUM(F5:F26) -> 30000000

Sheet 집계장
B2: ='용역청구서 표지'!$B$7 -> P4 Ph2 GAS&PCW 1공구
M3: ='용역청구서 표지'!$C$15 -> 대성이엔지
B4: 구분 | C4: 내역 | D4: 단위 | E4: 수량 | F4: 단가 | G4: 합계 | H4: 전회기성 | I4: 금회기성 | J4: 누계기성 | K4: 비 고
B5: 1. 물량 | C5: WELDING POINT | D5: D/I | E5: =SUM('물량 내역서'!$J$6:$J$28) -> 1047.5 | F5: =G5/E5 -> 475000 | G5: =SUM('물량 내역서'!$K$6:$K$28) -> 497562500 | H5: 261250000 | I5: =G5 -> 497562500 | J5: =H5+I5 -> 758812500
C6: VALVE 설치비 | D6: EA | E6: =SUM('물량 내역서'!$J$29:$J$51) -> 0 | F6: =G6/E6 -> #DIV/0! | G6: =SUM('물량 내역서'!$K$29:$K$51) -> 0 | H6: 0 | I6: =G6 -> 0 | J6: =H6+I6 -> 0
C7: 인원 실투입 | D7: M/D | E7: ='근로내역 (05월)'!AN113 -> 0 | F7: 0 | G7: =E7*F7 -> 0 | H7: 0 | I7: =G7 -> 0 | J7: =H7+I7 -> 0
B8: 소 계 | C8: 물량 | G8: =SUM(G5:G7) -> 497562500 | H8: 261250000 | I8: =G8 -> 497562500 | J8: =H8+I8 -> 758812500
B9: 2. 노무비 | C9: 직접노무비 | D9: 式 | E9: ='근로내역 (05월)'!AN101 -> 2013.375 | F9: =G9/E9 -> 191877.44 | G9: ='근로내역 (05월)'!AP101 -> 386321250 | H9: 371528750 | I9: =G9 -> 386321250 | J9: =H9+I9 -> 757850000
B10: 3. 숙소 및 식대 | C10: 임대료+관리비 | D10: 式 | E10: =SUM(숙소임차료!H4:H6)+SUM(숙소관리비!H4:H8) -> 38 | F10: =G10/E10 -> 1166046.6 | G10: =숙소임차료!I3+숙소관리비!I3 -> 44309770 | H10: 43371540 | I10: =G10 -> 44309770 | J10: =H10+I10 -> 87681310 | O10: =+I10+I11 -> 74455543
C11: 식대 | D11: 式 | E11: =SUM(식대비용!G4:G4) -> 90 | F11: =G11/E11 -> 334953.03 | G11: =식대비용!I3 -> 30145773 | H11: 27473954 | I11: =G11 -> 30145773 | J11: =H11+I11 -> 57619727
B12: 4. 기타 공제 내역 | D12: 式 | F12: 0 | G12: =E12*F12 -> 0 | I12: =G12 -> 0 | J12: =H12+I12 -> 0
B13: 소 계 | C13: 공제 | G13: =SUM(G9:G12) -> 460776793 | H13: =SUM(H9:H12) -> 442374244 | I13: =G13 -> 460776793 | J13: =H13+I13 -> 903151037 | K13: 전월 적자 기성액 (139,160,193원)
B14: 합 계 | C14: 기성 (물량-공제) | G14: =G8-G13 -> 36785707 | H14: =H8-H13 -> -181124244 | I14: =G14 -> 36785707 | J14: =H14+I14 -> -144338537
B15: 5. 유보금 | C15: 기성금*XX% | D15: 式 | I15: =G15 -> 0 | J15: =H15+I15 -> 0
B16: 6. 유보금 차액 | C16: 전회 누계유보금 | D16: 式 | J16: =H16+I16 -> 0
B17: 7. NEGO | C17: NEGO | D17: 式 | I17: =G17 -> 0 | J17: =H17+I17 -> 0
B18: 총 계 | C18: 최종기성 | G18: =G14+G15+G16+G17 -> 36785707 | H18: =H14+H15+H16+H17 -> -181124244 | I18: =I14+I15+I16+I17 -> 36785707 | J18: =J14+J15+J16+J17 -> -144338537
B19: 8. 기타지급운영비 | C19: 기타지급 운영비 | D19: 式 | E19: =SUM('물량 내역서'!$J$6:$J$28) -> 1047.5 | F19: =G19/E19 -> 201550.59 | G19: 211124244 | H19: -30000000 | J19: =H19+G19 -> 181124244
C20: 누계 적자기성액 | D20: 式 | G20: -211124244 | I20: =G20 -> -211124244 | J20: =H20+G20 -> -211124244
B21: 소 계 | G21: =SUM(G19:G20) -> 0 | H21: =SUM(H19:H20) -> -30000000 | I21: =SUM(I19:I20) -> -211124244 | J21: =SUM(J19:J20) -> -30000000
B22: 선급금 | C22: 선수공제 | D22: 式 | I22: =G22 -> 0 | J22: =H22+I22 -> 0 | L22: 지급 선급금 | M22: 선급금 차액
C23: 단수정리 | D23: 式 | G23: =ROUNDDOWN(G22,-5) -> 0 | I23: =G23 -> 0 | J23: =H23+I23 -> 0 | K23: 만 단위 이하 절사
B24: 공제 후 실 지급액 | G24: =G18-G23 -> 36785707 | H24: =H18-H23 -> -181124244 | I24: =I18-I23 -> 36785707 | J24: =J18-J23 -> -144338537
B25: 세금계산서 기준 | G25: =G24+G21 -> 36785707 | H25: =H24+H21 -> -211124244 | I25: =I24+I21 -> -174338537 | J25: =J24+J21 -> -174338537 | K25: 만 단위 이하 절사
B26: TERMS AND CONDITIONS | E26: NOTE
B27: 1. 납 기 : KCEnC 지정 납기로 별도 협의 하에 결정하는 것으로 함.
B28: 2. 지불조건 : KCEnC 지불 조건에 따름.
B29: 3. 유효기간 : 기성 제출일로 부터 30일 이내

Sheet 물량 내역서
A1: 2026년 (05)월 물량 내역서
A2: ='용역청구서 표지'!$B$7 -> P4 Ph2 GAS&PCW 1공구 | M2: 단위 : 원
A3: 품 명 | B3: 규 격 | C3: 단위 | D3: W/P 수량 | E3: 단 가 | F3: 계 약 내 역 | H3: 전 회 누 계 물 량 | J3: 금 회 물 량 | L3: 누 계 물 량
F4: D/I 수량 | G4: 금액 | H4: D/I 수량 | I4: 금액 | J4: D/I 수량 | K4: 금액 | L4: D/I 수량 | M4: 금액
A6: WEDING POINT | B6: 8A | C6: POINT | E6: 475000 | F6: =L6 -> 0 | G6: =M6 -> 0 | J6: =$D6*'DIA-INCH'!$C5 -> 0 | K6: =$E6*$J6 -> 0 | L6: =H6+J6 -> 0 | M6: =I6+K6 -> 0
A7: WEDING POINT | B7: 15A | C7: POINT | E7: 475000 | F7: =L7 -> 0 | G7: =M7 -> 0 | J7: =$D7*'DIA-INCH'!$C6 -> 0 | K7: =$E7*$J7 -> 0 | L7: =H7+J7 -> 0 | M7: =I7+K7 -> 0
A8: WEDING POINT | B8: 20A | C8: POINT | E8: 475000 | F8: =L8 -> 0 | G8: =M8 -> 0 | J8: =$D8*'DIA-INCH'!$C7 -> 0 | K8: =$E8*$J8 -> 0 | L8: =H8+J8 -> 0 | M8: =I8+K8 -> 0
A9: WEDING POINT | B9: 25A | C9: POINT | D9: 173 | E9: 475000 | F9: =L9 -> 173 | G9: =M9 -> 82175000 | J9: =$D9*'DIA-INCH'!$C8 -> 173 | K9: =$E9*$J9 -> 82175000 | L9: =H9+J9 -> 173 | M9: =I9+K9 -> 82175000
A10: WEDING POINT | B10: 32A | C10: POINT | E10: 475000 | F10: =L10 -> 0 | G10: =M10 -> 0 | J10: =$D10*'DIA-INCH'!$C9 -> 0 | K10: =$E10*$J10 -> 0 | L10: =H10+J10 -> 0 | M10: =I10+K10 -> 0
A11: WEDING POINT | B11: 40A | C11: POINT | D11: 51 | E11: 475000 | F11: =L11 -> 76.5 | G11: =M11 -> 36337500 | J11: =$D11*'DIA-INCH'!$C10 -> 76.5 | K11: =$E11*$J11 -> 36337500 | L11: =H11+J11 -> 76.5 | M11: =I11+K11 -> 36337500
A12: WEDING POINT | B12: 50A | C12: POINT | D12: 11 | E12: 475000 | F12: =L12 -> 188 | G12: =M12 -> 89300000 | H12: 166 | I12: 78850000 | J12: =$D12*'DIA-INCH'!$C11 -> 22 | K12: =$E12*$J12 -> 10450000 | L12: =H12+J12 -> 188 | M12: =I12+K12 -> 89300000
A13: WEDING POINT | B13: 65A | C13: POINT | D13: 6 | E13: 475000 | F13: =L13 -> 15 | G13: =M13 -> 7125000 | J13: =$D13*'DIA-INCH'!$C12 -> 15 | K13: =$E13*$J13 -> 7125000 | L13: =H13+J13 -> 15 | M13: =I13+K13 -> 7125000
A14: WEDING POINT | B14: 80A | C14: POINT | D14: 38 | E14: 475000 | F14: =L14 -> 114 | G14: =M14 -> 54150000 | J14: =$D14*'DIA-INCH'!$C13 -> 114 | K14: =$E14*$J14 -> 54150000 | L14: =H14+J14 -> 114 | M14: =I14+K14 -> 54150000
A15: WEDING POINT | B15: 100A | C15: POINT | D15: 16 | E15: 475000 | F15: =L15 -> 328 | G15: =M15 -> 155800000 | H15: 264 | I15: 125400000 | J15: =$D15*'DIA-INCH'!$C14 -> 64 | K15: =$E15*$J15 -> 30400000 | L15: =H15+J15 -> 328 | M15: =I15+K15 -> 155800000
A16: WEDING POINT | B16: 110A | C16: POINT | E16: 475000 | F16: =L16 -> 0 | G16: =M16 -> 0 | J16: =$D16*'DIA-INCH'!$C15 -> 0 | K16: =$E16*$J16 -> 0 | L16: =H16+J16 -> 0 | M16: =I16+K16 -> 0
A17: WEDING POINT | B17: 125A | C17: POINT | D17: 67 | E17: 475000 | F17: =L17 -> 335 | G17: =M17 -> 159125000 | J17: =$D17*'DIA-INCH'!$C16 -> 335 | K17: =$E17*$J17 -> 159125000 | L17: =H17+J17 -> 335 | M17: =I17+K17 -> 159125000
A18: WEDING POINT | B18: 150A | C18: POINT | E18: 475000 | F18: =L18 -> 0 | G18: =M18 -> 0 | J18: =$D18*'DIA-INCH'!$C17 -> 0 | K18: =$E18*$J18 -> 0 | L18: =H18+J18 -> 0 | M18: =I18+K18 -> 0
A19: WEDING POINT | B19: 175A | C19: POINT | E19: 475000 | F19: =L19 -> 0 | G19: =M19 -> 0 | J19: =$D19*'DIA-INCH'!$C18 -> 0 | K19: =$E19*$J19 -> 0 | L19: =H19+J19 -> 0 | M19: =I19+K19 -> 0
A20: WEDING POINT | B20: 200A | C20: POINT | D20: 31 | E20: 475000 | F20: =L20 -> 368 | G20: =M20 -> 174800000 | H20: 120 | I20: 57000000 | J20: =$D20*'DIA-INCH'!$C19 -> 248 | K20: =$E20*$J20 -> 117800000 | L20: =H20+J20 -> 368 | M20: =I20+K20 -> 174800000
A21: WEDING POINT | B21: 225A | C21: POINT | E21: 475000 | F21: =L21 -> 0 | G21: =M21 -> 0 | J21: =$D21*'DIA-INCH'!$C20 -> 0 | K21: =$E21*$J21 -> 0 | L21: =H21+J21 -> 0 | M21: =I21+K21 -> 0
A22: WEDING POINT | B22: 250A | C22: POINT | E22: 475000 | F22: =L22 -> 0 | G22: =M22 -> 0 | J22: =$D22*'DIA-INCH'!$C21 -> 0 | K22: =$E22*$J22 -> 0 | L22: =H22+J22 -> 0 | M22: =I22+K22 -> 0
A23: WEDING POINT | B23: 300A | C23: POINT | E23: 475000 | F23: =L23 -> 0 | G23: =M23 -> 0 | J23: =$D23*'DIA-INCH'!$C22 -> 0 | K23: =$E23*$J23 -> 0 | L23: =H23+J23 -> 0 | M23: =I23+K23 -> 0
A24: WEDING POINT | B24: 350A | C24: POINT | E24: 475000 | F24: =L24 -> 0 | G24: =M24 -> 0 | J24: =$D24*'DIA-INCH'!$C23 -> 0 | K24: =$E24*$J24 -> 0 | L24: =H24+J24 -> 0 | M24: =I24+K24 -> 0
A25: WEDING POINT | B25: 400A | C25: POINT | E25: 475000 | F25: =L25 -> 0 | G25: =M25 -> 0 | J25: =$D25*'DIA-INCH'!$C24 -> 0 | K25: =$E25*$J25 -> 0 | L25: =H25+J25 -> 0 | M25: =I25+K25 -> 0
A26: WEDING POINT | B26: 450A | C26: POINT | E26: 475000 | F26: =L26 -> 0 | G26: =M26 -> 0 | J26: =$D26*'DIA-INCH'!$C25 -> 0 | K26: =$E26*$J26 -> 0 | L26: =H26+J26 -> 0 | M26: =I26+K26 -> 0
A27: WEDING POINT | B27: 500A | C27: POINT | E27: 475000 | F27: =L27 -> 0 | G27: =M27 -> 0 | J27: =$D27*'DIA-INCH'!$C26 -> 0 | K27: =$E27*$J27 -> 0 | L27: =H27+J27 -> 0 | M27: =I27+K27 -> 0
A28: WEDING POINT | B28: 550A | C28: POINT | E28: 475000 | F28: =L28 -> 0 | G28: =M28 -> 0 | J28: =$D28*'DIA-INCH'!$C27 -> 0 | K28: =$E28*$J28 -> 0 | L28: =H28+J28 -> 0 | M28: =I28+K28 -> 0
A29: VALVE 설치비 | B29: 8A | C29: EA | E29: =$E$32*'DIA-INCH'!$C5 -> 12500 | F29: =L29 -> 0 | G29: =M29 -> 0 | J29: =D29 -> 0 | K29: =$J29*$E29 -> 0 | L29: =H29+J29 -> 0 | M29: =I29+K29 -> 0
A30: VALVE 설치비 | B30: 15A | C30: EA | E30: =$E$32*'DIA-INCH'!$C6 -> 25000 | F30: =L30 -> 0 | G30: =M30 -> 0 | J30: =D30 -> 0 | K30: =$J30*$E30 -> 0 | L30: =H30+J30 -> 0 | M30: =I30+K30 -> 0
A31: VALVE 설치비 | B31: 20A | C31: EA | E31: =$E$32*'DIA-INCH'!$C7 -> 37500 | F31: =L31 -> 0 | G31: =M31 -> 0 | J31: =D31 -> 0 | K31: =$J31*$E31 -> 0 | L31: =H31+J31 -> 0 | M31: =I31+K31 -> 0
A32: VALVE 설치비 | B32: 25A | C32: EA | E32: 50000 | F32: =L32 -> 0 | G32: =M32 -> 0 | J32: =D32 -> 0 | K32: =$J32*$E32 -> 0 | L32: =H32+J32 -> 0 | M32: =I32+K32 -> 0
A33: VALVE 설치비 | B33: 32A | C33: EA | E33: =$E$32*'DIA-INCH'!$C9 -> 62500 | F33: =L33 -> 0 | G33: =M33 -> 0 | J33: =D33 -> 0 | K33: =$J33*$E33 -> 0 | L33: =H33+J33 -> 0 | M33: =I33+K33 -> 0
A34: VALVE 설치비 | B34: 40A | C34: EA | E34: =$E$32*'DIA-INCH'!$C10 -> 75000 | F34: =L34 -> 0 | G34: =M34 -> 0 | J34: =D34 -> 0 | K34: =$J34*$E34 -> 0 | L34: =H34+J34 -> 0 | M34: =I34+K34 -> 0
A35: VALVE 설치비 | B35: 50A | C35: EA | E35: =$E$32*'DIA-INCH'!$C11 -> 100000 | F35: =L35 -> 0 | G35: =M35 -> 0 | J35: =D35 -> 0 | K35: =$J35*$E35 -> 0 | L35: =H35+J35 -> 0 | M35: =I35+K35 -> 0
A36: VALVE 설치비 | B36: 65A | C36: EA | E36: =$E$32*'DIA-INCH'!$C12 -> 125000 | F36: =L36 -> 0 | G36: =M36 -> 0 | J36: =D36 -> 0 | K36: =$J36*$E36 -> 0 | L36: =H36+J36 -> 0 | M36: =I36+K36 -> 0
A37: VALVE 설치비 | B37: 80A | C37: EA | E37: =$E$32*'DIA-INCH'!$C13 -> 150000 | F37: =L37 -> 0 | G37: =M37 -> 0 | J37: =D37 -> 0 | K37: =$J37*$E37 -> 0 | L37: =H37+J37 -> 0 | M37: =I37+K37 -> 0
A38: VALVE 설치비 | B38: 100A | C38: EA | E38: =$E$32*'DIA-INCH'!$C14 -> 200000 | F38: =L38 -> 0 | G38: =M38 -> 0 | J38: =D38 -> 0 | K38: =$J38*$E38 -> 0 | L38: =H38+J38 -> 0 | M38: =I38+K38 -> 0
A39: VALVE 설치비 | B39: 110A | C39: EA | E39: =$E$32*'DIA-INCH'!$C15 -> 200000 | F39: =L39 -> 0 | G39: =M39 -> 0 | J39: =D39 -> 0 | K39: =$J39*$E39 -> 0 | L39: =H39+J39 -> 0 | M39: =I39+K39 -> 0
A40: VALVE 설치비 | B40: 125A | C40: EA | E40: =$E$32*'DIA-INCH'!$C16 -> 250000 | F40: =L40 -> 0 | G40: =M40 -> 0 | J40: =D40 -> 0 | K40: =$J40*$E40 -> 0 | L40: =H40+J40 -> 0 | M40: =I40+K40 -> 0
A41: VALVE 설치비 | B41: 150A | C41: EA | E41: =$E$32*'DIA-INCH'!$C17 -> 300000 | F41: =L41 -> 0 | G41: =M41 -> 0 | J41: =D41 -> 0 | K41: =$J41*$E41 -> 0 | L41: =H41+J41 -> 0 | M41: =I41+K41 -> 0
A42: VALVE 설치비 | B42: 175A | C42: EA | E42: =$E$32*'DIA-INCH'!$C18 -> 350000 | F42: =L42 -> 0 | G42: =M42 -> 0 | J42: =D42 -> 0 | K42: =$J42*$E42 -> 0 | L42: =H42+J42 -> 0 | M42: =I42+K42 -> 0
A43: VALVE 설치비 | B43: 200A | C43: EA | E43: =$E$32*'DIA-INCH'!$C19 -> 400000 | F43: =L43 -> 0 | G43: =M43 -> 0 | J43: =D43 -> 0 | K43: =$J43*$E43 -> 0 | L43: =H43+J43 -> 0 | M43: =I43+K43 -> 0
A44: VALVE 설치비 | B44: 225A | C44: EA | E44: =$E$32*'DIA-INCH'!$C20 -> 450000 | F44: =L44 -> 0 | G44: =M44 -> 0 | J44: =D44 -> 0 | K44: =$J44*$E44 -> 0 | L44: =H44+J44 -> 0 | M44: =I44+K44 -> 0
... A51: VALVE 설치비 | B51: 550A | C51: EA | E51: =$E$32*'DIA-INCH'!$C27 -> 1100000 | F51: =L51 -> 0 | G51: =M51 -> 0 | J51: =D51 -> 0 | K51: =$J51*$E51 -> 0 | L51: =H51+J51 -> 0 | M51: =I51+K51 -> 0
A52: 합 계 | F52: =SUM(F6:F51) -> 1597.5 | G52: =SUM(G6:G51) -> 758812500 | H52: =SUM(H6:H51) -> 550 | I52: =SUM(I6:I51) -> 261250000 | J52: =SUM(J6:J51) -> 1047.5 | K52: =SUM(K6:K51) -> 497562500 | L52: =SUM(L6:L51) -> 1597.5 | M52: =SUM(M6:M51) -> 758812500

Sheet 근로내역 (05월)
A1: 2026년 ( 05 )월 일용 노무비명세서 | AH1: 현장명 | AM1: ='용역청구서 표지'!$B$7 -> P4 Ph2 GAS&PCW 1공구
AH2: 현장소장 | AM2: 조 수 원
AH3: 잡코드 | AM3: ='용역청구서 표지'!$C$8 -> S26-001
A5: 번호 | B5: 성명 | C5: 주민등록번호 | D5: 직종 | E5: 연락처(H.P) | F5: 은행명 | G5: 예금주 | H5: 계좌번호 | I5: 1 | J5: 2 | K5: 3 | L5: 4 | M5: 5 | N5: 6 | O5: 7 | P5: 8 | Q5: 9 | R5: 10 | S5: 11 | T5: 12 | U5: 13 | V5: 14 | W5: 15 | X5: 16 | Y5: 17 | Z5: 18 | AA5: 19 | AB5: 20 | AC5: 21 | AD5: 22 | AE5: 23 | AF5: 24 | AG5: 25 | AH5: 26 | AI5: 27 | AJ5: 28 | AK5: 29 | AL5: 30 | AM5: 31 | AN5: 공수 | AO5: 단가 | AP5: 총액
A6: 1 | B6: 강채연 | C6: 980703-2192257 | D6: 보통인부 | E6: 010-5725-9067 | F6: 국민 | G6: 강채연 | H6: 399102-04-168176 | J6: 1 | L6: 1 | M6: 1.5 | N6: 1 | O6: 1.25 | P6: 1 | Q6: 1 | S6: 1 | T6: 1.5 | U6: 1 | V6: 1.5 | W6: 1 | X6: 1 | Z6: 1 | AA6: 1.5 | AB6: 1 | AC6: 1.5 | AD6: 1 | AE6: 0.75 | AG6: 1.5 | AH6: 1.5 | AI6: 1 | AJ6: 0.5 | AK6: 1 | AN6: =SUM(I6:AM6) -> 27 | AO6: 150000 | AP6: =AN6*AO6 -> 4050000
A7: 2 | B7: 강희수 | C7: 730210-1029411 | D7: 도비공 | E7: 010-9561-6101 | F7: 신한 | G7: 강희수 | H7: 110-490-486591 | L7: 0.5 | M7: 1.5 | N7: 0.5 | O7: 1.5 | P7: 1 | Q7: 1 | S7: 1 | T7: 1.5 | U7: 1 | V7: 1.5 | W7: 0.5 | X7: 1 | Z7: 1 | AA7: 1.5 | AB7: 1 | AC7: 1.5 | AD7: 1 | AG7: 1.5 | AH7: 1.5 | AI7: 1 | AJ7: 1.5 | AK7: 1 | AN7: =SUM(I7:AM7) -> 25 | AO7: 210000 | AP7: =AN7*AO7 -> 5250000
A8: 3 | B8: 구문정 | C8: 681118-2567718 | D8: 보통인부 | E8: 010-8180-1166 | F8: 농협 | G8: 구문정 | H8: 302-0278-3068-51 | L8: 0.6875 | M8: 1.125 | O8: 0.75 | P8: 1 | S8: 1 | T8: 1.5 | U8: 1 | V8: 1.5 | W8: 1 | X8: 1 | Z8: 1 | AA8: 1.5 | AB8: 1 | AC8: 1.5 | AD8: 1 | AE8: 0.75 | AG8: 1.5 | AH8: 1.5 | AI8: 1 | AJ8: 1.5 | AK8: 1 | AN8: =SUM(I8:AM8) -> 23.8125 | AO8: 150000 | AP8: =AN8*AO8 -> 3571875
A9: 4 | B9: 구윤하 | C9: 680130-2162814 | D9: 보통인부 | E9: 010-3259-2177 | F9: 하나 | G9: 구윤하 | H9: 206-910258-60907 | J9: 1 | L9: 1 | M9: 1.5 | N9: 1 | O9: 1.5 | P9: 1 | S9: 1 | T9: 1.5 | U9: 0.5 | V9: 1.5 | W9: 1 | X9: 1 | Z9: 1 | AA9: 1.5 | AB9: 1 | AC9: 1.5 | AD9: 1 | AE9: 0.75 | AG9: 1.5 | AH9: 1.5 | AI9: 1 | AJ9: 1.5 | AN9: =SUM(I9:AM9) -> 25.75 | AO9: 150000 | AP9: =AN9*AO9 -> 3862500
A10: 5 | B10: 권중섭 | C10: 830806-1697210 | D10: 배관공 | E10: 010-9742-9790 | F10: 신한 | G10: 권중섭 | H10: 110-430-392742 | L10: 1 | M10: 1.5 | N10: 1 | O10: 1.5 | P10: 1 | S10: 1 | T10: 1.5 | U10: 1 | V10: 1.5 | W10: 1 | X10: 1 | Z10: 1 | AA10: 1.5 | AB10: 0.875 | AC10: 1.5 | AD10: 1 | AE10: 0.75 | AG10: 1.5 | AH10: 1.5 | AI10: 1 | AJ10: 1.5 | AK10: 1 | AN10: =SUM(I10:AM10) -> 26.125 | AO10: 230000 | AP10: =AN10*AO10 -> 6008750
A11: 6 | B11: 김금성 | C11: 870118-1162639 | D11: 보통인부 | E11: 010-5125-5154 | F11: 농협 | G11: 김금성 | H11: 351-1130-0614-23 | M11: 1.5 | N11: 1 | O11: 1.5 | P11: 1 | Q11: 0.25 | S11: 1 | T11: 1.5 | U11: 1 | V11: 1.5 | W11: 1 | Z11: 0.5 | AB11: 1 | AC11: 1.5 | AD11: 1 | AG11: 1.5 | AN11: =SUM(I11:AM11) -> 16.75 | AO11: 160000 | AP11: =AN11*AO11 -> 2680000
A12: 7 | B12: 김동욱 | C12: 810302-1830628 | D12: 배관공 | E12: 010-5022-0444 | F12: 농협 | G12: 김동욱 | H12: 302-5022-0444-11 | L12: 1 | M12: 1.5 | N12: 1 | O12: 1.5 | P12: 1 | Q12: 1 | S12: 1 | T12: 1.5 | U12: 1 | V12: 1.5 | W12: 1 | X12: 1 | Z12: 1 | AA12: 1.5 | AB12: 1 | AC12: 1.5 | AD12: 1 | AG12: 1.5 | AH12: 1.5 | AI12: 1 | AJ12: 1.5 | AK12: 1 | AN12: =SUM(I12:AM12) -> 26.5 | AO12: 210000 | AP12: =AN12*AO12 -> 5565000
A13: 8 | B13: 김마태 | C13: 830224-1912010 | D13: 배관공 | E13: 010-2725-6089 | F13: 기업 | G13: 김마태 | H13: 175-073189-01-013 | J13: 1 | L13: 1 | M13: 1.5 | N13: 1 | O13: 1.5 | P13: 1 | Q13: 1 | S13: 1 | T13: 1.5 | V13: 1.5 | W13: 1 | X13: 1 | Z13: 1 | AA13: 1.5 | AB13: 1 | AC13: 1.5 | AD13: 1 | AG13: 1.5 | AH13: 1.5 | AI13: 1 | AJ13: 1.5 | AK13: 1 | AN13: =SUM(I13:AM13) -> 26.5 | AO13: 250000 | AP13: =AN13*AO13 -> 6625000
A14: 9 | B14: 김민지 | C14: 850908-2661019 | D14: 보통인부 | E14: 010-3173-2826 | F14: 국민 | G14: 김민지 | H14: 240801-04-433155 | L14: 0.6875 | M14: 1.125 | O14: 0.75 | P14: 1 | S14: 1 | T14: 1.5 | U14: 1 | V14: 1.5 | W14: 1 | Z14: 1 | AA14: 1.5 | AB14: 1 | AC14: 1.5 | AD14: 1 | AE14: 0.75 | AG14: 1.5 | AH14: 1.5 | AI14: 1 | AJ14: 1.5 | AK14: 1 | AN14: =SUM(I14:AM14) -> 22.8125 | AO14: 150000 | AP14: =AN14*AO14 -> 3421875
A15: 10 | B15: 김의찬 | C15: 810916-1090421 | D15: 보통인부 | E15: 010-7748-9382 | F15: 국민 | G15: 김의찬 | H15: 121802-04-157456 | L15: 1 | M15: 1.5 | N15: 1 | O15: 1.5 | P15: 1 | Q15: 1 | S15: 1 | T15: 1.5 | U15: 1 | V15: 1.5 | W15: 1 | X15: 1 | Z15: 1 | AA15: 1.5 | AB15: 1 | AC15: 1.5 | AD15: 1 | AE15: 0.75 | AG15: 1.5 | AH15: 1.5 | AI15: 1 | AJ15: 1.5 | AK15: 1 | AN15: =SUM(I15:AM15) -> 27.25 | AO15: 170000 | AP15: =AN15*AO15 -> 4632500
A16: 11 | B16: 김재윤 | C16: 861216-1157613 | D16: 용접공 | E16: 010-3955-1110 | F16: 신한 | G16: 김재윤 | H16: 110-305-768530 | L16: 0.6875 | M16: 1.125 | N16: 0.5 | O16: 0.5 | P16: 1 | S16: 1 | T16: 1.5 | U16: 1 | V16: 1.5 | W16: 1 | X16: 1 | Z16: 1 | AA16: 1.5 | AB16: 1 | AC16: 1.5 | AD16: 1 | AE16: 0.75 | AG16: 1.5 | AH16: 1.5 | AI16: 1 | AJ16: 1.5 | AK16: 1 | AN16: =SUM(I16:AM16) -> 24.0625 | AO16: 240000 | AP16: =AN16*AO16 -> 5775000
A17: 12 | B17: 김정규 | C17: 821122-1047416 | D17: 보통인부 | E17: 010-3240-6194 | F17: 국민 | G17: 김정규 | H17: 757101-04-044154 | J17: 1 | L17: 1 | M17: 1.5 | N17: 1 | O17: 1.5 | P17: 1 | S17: 1 | U17: 1 | V17: 1.5 | W17: 1 | X17: 1 | Z17: 1 | AA17: 1.5 | AB17: 1 | AC17: 1.5 | AD17: 1 | AE17: 0.5 | AG17: 1.5 | AH17: 1.5 | AI17: 1 | AJ17: 1.5 | AK17: 1 | AN17: =SUM(I17:AM17) -> 25.5 | AO17: 160000 | AP17: =AN17*AO17 -> 4080000
A18: 13 | B18: 김정인 | C18: 911224-1235320 | D18: 용접공 | E18: 010-3175-7994 | F18: 기업 | G18: 김정인 | H18: 010-3175-7994 | L18: 1 | M18: 1.5 | N18: 1 | O18: 1.5 | P18: 1 | Q18: 1 | S18: 1 | T18: 1.5 | U18: 1 | V18: 1.5 | W18: 1 | Z18: 1 | AA18: 1.5 | AB18: 1 | AC18: 1.5 | AD18: 1 | AE18: 0.75 | AG18: 1.5 | AH18: 1.5 | AI18: 1 | AJ18: 1.5 | AK18: 0.875 | AN18: =SUM(I18:AM18) -> 26.125 | AO18: 250000 | AP18: =AN18*AO18 -> 6531250
A19: 14 | B19: 김지민 | C19: 930707-1150011 | D19: 배관공 | E19: 010-8000-2457 | F19: 카카오뱅크 | G19: 김지민 | H19: 3333-13-9046173 | J19: 1 | L19: 1 | M19: 1.5 | N19: 1 | O19: 1.5 | P19: 1 | Q19: 1 | S19: 1 | T19: 1.5 | U19: 1 | V19: 1.5 | W19: 1 | Z19: 0.875 | AA19: 1.5 | AB19: 1 | AC19: 1.5 | AD19: 1 | AE19: 0.75 | AG19: 1.5 | AH19: 1.5 | AI19: 1 | AJ19: 1.5 | AK19: 1 | AN19: =SUM(I19:AM19) -> 27.125 | AO19: 220000 | AP19: =AN19*AO19 -> 5967500
A20: 15 | B20: 김진 | C20: 840728-1235014 | D20: 공사보조 | E20: 010-6246-4588 | F20: 기업 | G20: 김진 | H20: 458-013758-02-012 | L20: 1 | M20: 1.5 | N20: 1 | O20: 1.5 | P20: 1 | Q20: 1 | S20: 1 | T20: 1.5 | U20: 1 | V20: 1.5 | W20: 1 | X20: 0.5 | Z20: 1 | AA20: 1.5 | AB20: 1 | AC20: 1.5 | AD20: 1 | AE20: 0.75 | AG20: 1.5 | AH20: 1.5 | AI20: 1 | AJ20: 1.5 | AK20: 1 | AL20: 0.375 | AN20: =SUM(I20:AM20) -> 27.125 | AO20: 240000 | AP20: =AN20*AO20 -> 6510000
A21: 16 | B21: 김치헌 | C21: 790914-1567115 | D21: 배관공 | E21: 010-4191-6886 | F21: 국민 | G21: 김치헌 | H21: 257602-04-003063 | J21: 1 | L21: 1 | M21: 1.5 | N21: 1 | O21: 1.5 | P21: 1 | S21: 1 | T21: 1.5 | U21: 1 | V21: 1.5 | W21: 1 | X21: 1 | Z21: 1 | AA21: 1.5 | AB21: 1 | AC21: 1.5 | AD21: 1 | AE21: 0.75 | AG21: 1.5 | AH21: 1.5 | AI21: 1 | AJ21: 1.5 | AK21: 1 | AN21: =SUM(I21:AM21) -> 27.25 | AO21: 250000 | AP21: =AN21*AO21 -> 6812500
A22: 17 | B22: 김택수 | C22: 751221-1663222 | D22: 보통인부 | E22: 010-7942-1751 | F22: 우리 | G22: 김택수 | H22: 1002-339-327014 | L22: 1 | M22: 1.5 | N22: 1 | O22: 1.5 | P22: 1 | Q22: 1 | S22: 1 | T22: 1.5 | U22: 1 | V22: 1.5 | W22: 1 | X22: 1 | Z22: 1 | AA22: 1.5 | AB22: 1 | AC22: 1.5 | AD22: 1 | AE22: 0.75 | AG22: 1.5 | AH22: 1.5 | AI22: 1 | AJ22: 1.5 | AK22: 1 | AN22: =SUM(I22:AM22) -> 27.25 | AO22: 160000 | AP22: =AN22*AO22 -> 4360000
A23: 18 | B23: 김형태 | C23: 700430-1069427 | D23: 도비공 | E23: 010-3186-7175 | F23: 농협 | G23: 김형태 | H23: 352-1156-5484-53 | J23: 1 | L23: 1 | M23: 1.5 | N23: 1 | O23: 1.5 | P23: 1 | Q23: 1 | S23: 1 | T23: 1.5 | U23: 1 | V23: 1.5 | W23: 1 | X23: 1 | Z23: 1 | AA23: 1.5 | AB23: 1 | AC23: 1.5 | AD23: 1 | AE23: 0.75 | AG23: 1.5 | AH23: 1.5 | AI23: 1 | AJ23: 1.5 | AK23: 1 | AN23: =SUM(I23:AM23) -> 28.25 | AO23: 180000 | AP23: =AN23*AO23 -> 5085000
A24: 19 | B24: 김희강 | C24: 010617-3234118 | D24: 보통인부 | E24: 010-7728-5274 | F24: 우리 | G24: 김희강 | H24: 1002-564-210008 | L24: 1 | M24: 1.5 | N24: 1 | O24: 1.5 | P24: 1 | Q24: 1 | S24: 1 | T24: 1.5 | U24: 1 | V24: 1.5 | W24: 1 | X24: 1 | Z24: 1 | AA24: 1.5 | AB24: 1 | AC24: 1.5 | AD24: 1 | AE24: 0.75 | AG24: 1.5 | AH24: 1.5 | AI24: 1 | AJ24: 1.5 | AK24: 1 | AN24: =SUM(I24:AM24) -> 27.25 | AO24: 160000 | AP24: =AN24*AO24 -> 4360000
A25: 20 | B25: 남현빈 | C25: 990907-1842410 | D25: 배관공 | E25: 010-7131-4342 | F25: 카카오뱅크 | G25: 남현빈 | H25: 3333-13-8378173 | J25: 1 | L25: 1 | M25: 1.5 | N25: 1 | O25: 0.5 | P25: 1 | Q25: 1 | S25: 1 | T25: 1.5 | U25: 1 | V25: 1.5 | W25: 1 | Z25: 1 | AA25: 1.5 | AB25: 1 | AC25: 1.5 | AD25: 1 | AE25: 0.75 | AG25: 1.5 | AH25: 1.5 | AI25: 1 | AJ25: 1.5 | AK25: 1 | AN25: =SUM(I25:AM25) -> 26.25 | AO25: 190000 | AP25: =AN25*AO25 -> 4987500
A26: 21 | B26: 박도현 | C26: 810129-1102111 | D26: 보통인부 | E26: 010-8927-0083 | F26: 국민 | G26: 박도현 | H26: 960102-01-425739 | L26: 0.6875 | M26: 1.125 | O26: 0.5 | P26: 1 | S26: 1 | T26: 1.5 | U26: 1 | V26: 1.5 | W26: 1 | X26: 1 | Z26: 1 | AA26: 1.5 | AB26: 1 | AC26: 1.5 | AD26: 1 | AE26: 0.75 | AG26: 1.5 | AH26: 1.5 | AI26: 1 | AJ26: 0.25 | AK26: 1 | AN26: =SUM(I26:AM26) -> 22.3125 | AO26: 160000 | AP26: =AN26*AO26 -> 3570000
A27: 22 | B27: 박지원 | C27: 960502-1784039 | D27: 배관공 | E27: 010-2498-2025 | F27: 국민 | G27: 박지원 | H27: 737302-01-193557 | L27: 1 | M27: 1.5 | N27: 1 | O27: 1.5 | P27: 1 | Q27: 1 | S27: 1 | T27: 1.5 | U27: 1 | V27: 1.5 | W27: 1 | X27: 1 | Z27: 1 | AA27: 1.5 | AB27: 1 | AC27: 1.5 | AD27: 1 | AE27: 0.75 | AG27: 1.5 | AH27: 1.5 | AI27: 1 | AJ27: 1.5 | AK27: 1 | AN27: =SUM(I27:AM27) -> 27.25 | AO27: 230000 | AP27: =AN27*AO27 -> 6267500
A28: 23 | B28: 박혁 | C28: 741010-1241714 | D28: 배관공 | E28: 010 4943-6825 | F28: 국민 | G28: 박혁 | H28: 502901-01-043350 | L28: 1 | M28: 1.5 | N28: 1 | O28: 1.5 | P28: 1 | S28: 1 | T28: 1.5 | U28: 1 | V28: 0.5 | AN28: =SUM(I28:AM28) -> 10 | AO28: 230000 | AP28: =AN28*AO28 -> 2300000
A29: 24 | B29: 배찬영 | C29: 771214 -1906312 | D29: 보통인부 | E29: 010-8896-7746 | F29: 농협 | G29: 배찬영 | H29: 352-1366-3636-53 | L29: 1 | M29: 1.5 | N29: 1 | O29: 1.5 | P29: 1 | Q29: 0.375 | S29: 1 | T29: 1.5 | U29: 1 | V29: 1.5 | Z29: 1 | AA29: 1.5 | AB29: 1 | AC29: 1.5 | AD29: 1 | AE29: 0.5 | AG29: 1.5 | AH29: 1.5 | AI29: 1 | AJ29: 1.5 | AK29: 1 | AN29: =SUM(I29:AM29) -> 24.375 | AO29: 160000 | AP29: =AN29*AO29 -> 3900000
A30: 25 | B30: 석임수 | C30: 911020-1685317 | D30: 안전보조 | E30: 010-4183-1119 | F30: 하나 | G30: 석임수 | H30: 238-910260-47407 | J30: 1 | L30: 1 | M30: 1.5 | N30: 1 | O30: 1.5 | P30: 1 | S30: 1 | T30: 1.5 | U30: 1 | V30: 1.5 | W30: 1 | X30: 1 | Z30: 1 | AA30: 1.5 | AB30: 1 | AC30: 1.5 | AD30: 1 | AE30: 0.8125 | AG30: 1.5 | AH30: 1.5 | AI30: 1 | AJ30: 1.5 | AK30: 1 | AL30: 0.375 | AN30: =SUM(I30:AM30) -> 27.6875 | AO30: 190000 | AP30: =AN30*AO30 -> 5260625
A31: 26 | B31: 성지현 | C31: 861110-1351114 | D31: 보통인부 | E31: 010-9197-9732 | F31: 카카오뱅크 | G31: 성지현 | H31: 3333-01-9967097 | J31: 1 | L31: 1 | M31: 1.5 | N31: 1 | O31: 1.375 | P31: 1 | S31: 1 | T31: 1.5 | U31: 1 | V31: 1.5 | W31: 1 | X31: 1 | Z31: 1 | AA31: 1.5 | AB31: 1 | AC31: 1.5 | AD31: 1 | AE31: 0.75 | AG31: 1.5 | AH31: 1.5 | AI31: 1 | AJ31: 1.5 | AK31: 1 | AN31: =SUM(I31:AM31) -> 27.125 | AO31: 230000 | AP31: =AN31*AO31 -> 6238750
A32: 27 | B32: 신경진 | C32: 880103-1105818 | D32: 용접공 | E32: 010-6540-2229 | F32: 기업 | G32: 신경진 | H32: 010-6540-2229 | J32: 1 | L32: 1 | M32: 1.5 | N32: 1 | O32: 1.5 | P32: 1 | Q32: 1 | S32: 1 | T32: 1.5 | U32: 1 | V32: 1.5 | W32: 1 | X32: 1 | Z32: 1 | AA32: 1.5 | AB32: 1 | AC32: 1.5 | AD32: 1 | AE32: 0.75 | AG32: 1.5 | AH32: 1.5 | AI32: 1 | AJ32: 1.5 | AK32: 1 | AN32: =SUM(I32:AM32) -> 28.25 | AO32: 240000 | AP32: =AN32*AO32 -> 6780000
A33: 28 | B33: 신민철 | C33: 830814-1183120 | D33: 공사보조 | E33: 010-7706-5000 | F33: 기업 | G33: 신민철 | H33: 289-082628-01-018 | J33: 1 | L33: 1 | M33: 1.5 | N33: 0.625 | O33: 0.75 | P33: 1 | Q33: 1 | S33: 1 | T33: 1.5 | U33: 1 | V33: 1.5 | W33: 1 | Z33: 1 | AA33: 1.5 | AB33: 1 | AC33: 1.5 | AD33: 1 | AE33: 0.8125 | AG33: 1.5 | AH33: 1.5 | AI33: 1 | AJ33: 1.5 | AK33: 1 | AL33: 0.375 | AN33: =SUM(I33:AM33) -> 26.5625 | AO33: 220000 | AP33: =AN33*AO33 -> 5843750
A34: 29 | B34: 신주현 | C34: 810227-1063429 | D34: 배관공 | E34: 010-4763-4454 | F34: 신한 | G34: 신주현 | H34: 110-377-748020 | L34: 0.6875 | M34: 1.125 | N34: 0.5 | O34: 0.625 | P34: 1 | S34: 1 | T34: 1.5 | U34: 1 | V34: 1.5 | W34: 1 | X34: 1 | Z34: 1 | AA34: 1.5 | AB34: 1 | AC34: 1.5 | AD34: 1 | AE34: 0.75 | AG34: 1.5 | AH34: 1.5 | AI34: 1 | AJ34: 1.5 | AK34: 1 | AN34: =SUM(I34:AM34) -> 24.1875 | AO34: 190000 | AP34: =AN34*AO34 -> 4595625
A35: 30 | B35: 심완 | C35: 870602-1417011 | D35: 용접공 | E35: 010-5101-6010 | F35: 기업 | G35: 심완 | H35: 507-027831-01-010 | J35: 1 | L35: 0.875 | M35: 1.5 | N35: 1 | O35: 1.5 | P35: 1 | Q35: 1 | S35: 1 | T35: 1.5 | U35: 1 | V35: 1.5 | W35: 1 | X35: 1 | Z35: 1 | AA35: 1.5 | AB35: 1 | AC35: 1.5 | AD35: 1 | AE35: 0.75 | AG35: 1.5 | AH35: 1.5 | AI35: 1 | AJ35: 1.5 | AK35: 1 | AN35: =SUM(I35:AM35) -> 28.125 | AO35: 240000 | AP35: =AN35*AO35 -> 6750000
A36: 31 | B36: 안수현 | C36: 970206-2728016 | D36: 용접공 | E36: 010-5045-9210 | F36: 하나 | G36: 안수현 | H36: 292-910293-88807 | J36: 1 | L36: 1 | M36: 1.5 | N36: 1 | O36: 1.5 | P36: 1 | Q36: 1 | S36: 1 | T36: 1.5 | U36: 1 | V36: 1.5 | W36: 1 | Z36: 1 | AA36: 1.5 | AB36: 1 | AC36: 1.5 | AD36: 1 | AG36: 1.5 | AJ36: 1 | AN36: =SUM(I36:AM36) -> 22.5 | AO36: 240000 | AP36: =AN36*AO36 -> 5400000
A37: 32 | B37: 양정운 | C37: 821019-1449616 | D37: 공사보조 | E37: 010-3641-8181 | F37: 농협 | G37: 양정운 | H37: 302-1350-3060-51 | J37: 1 | L37: 1 | M37: 1.5 | N37: 1 | O37: 1.5 | P37: 1 | Q37: 1 | S37: 1 | T37: 1.5 | U37: 0.5 | V37: 1.5 | W37: 1 | X37: 1 | Z37: 1 | AA37: 1.5 | AB37: 1 | AC37: 1.5 | AD37: 1 | AE37: 0.8125 | AG37: 1.5 | AH37: 1.5 | AI37: 1 | AJ37: 1 | AK37: 1 | AL37: 0.375 | AN37: =SUM(I37:AM37) -> 27.6875 | AO37: 250000 | AP37: =AN37*AO37 -> 6921875
A38: 33 | B38: 양정인 | C38: 810207-1455012 | D38: 보통인부 | E38: 010-8824-6401 | F38: 국민 | G38: 양정인 | H38: 472301-04-019277 | J38: 1 | L38: 1 | M38: 1.5 | N38: 1 | O38: 1.5 | P38: 1 | Q38: 1 | S38: 1 | T38: 1.5 | U38: 1 | V38: 1.5 | W38: 1 | X38: 1 | Z38: 1 | AA38: 1.5 | AB38: 1 | AC38: 1.5 | AD38: 1 | AE38: 0.75 | AG38: 1.5 | AH38: 1.5 | AI38: 1 | AJ38: 1.5 | AK38: 1 | AN38: =SUM(I38:AM38) -> 28.25 | AO38: 170000 | AP38: =AN38*AO38 -> 4802500
A39: 34 | B39: 연승렬 | C39: 700216-1011916 | D39: 보통인부 | E39: 010-8098-3356 | F39: 기업 | G39: 연승렬 | H39: 186-086062-01-011 | J39: 0.5 | L39: 1 | M39: 1.5 | O39: 1.5 | P39: 1 | Q39: 1 | S39: 1 | T39: 1.5 | U39: 1 | V39: 1.5 | W39: 1 | X39: 0.5 | Z39: 1 | AA39: 1.5 | AB39: 1 | AC39: 1.5 | AD39: 1 | AE39: 0.75 | AG39: 1.5 | AH39: 1.5 | AI39: 1 | AJ39: 1.5 | AK39: 1 | AN39: =SUM(I39:AM39) -> 26.25 | AO39: 160000 | AP39: =AN39*AO39 -> 4200000
A40: 35 | B40: 오경미 | C40: 800326-2783516 | D40: 보통인부 | E40: 010-2433-1425 | F40: 카카오뱅크 | G40: 오경미 | H40: 3333-08-9261688 | L40: 0.6875 | M40: 1.125 | O40: 0.75 | P40: 1 | S40: 1 | T40: 1.5 | W40: 1 | Z40: 1 | AA40: 1.5 | AB40: 1 | AD40: 1 | AE40: 0.75 | AG40: 1.5 | AH40: 1.5 | AI40: 1 | AJ40: 1.5 | AK40: 1 | AN40: =SUM(I40:AM40) -> 18.8125 | AO40: 150000 | AP40: =AN40*AO40 -> 2821875
A41: 36 | B41: 옥유정 | C41: 850715-2093511 | D41: 보통인부 | E41: 010-2313-8731 | F41: 카카오뱅크 | G41: 옥유정 | H41: 3333-17-6983150 | L41: 1 | M41: 1.5 | N41: 1 | O41: 1.5 | P41: 1 | Q41: 0.5 | S41: 1 | T41: 1.5 | U41: 1 | V41: 1.5 | W41: 1 | Z41: 1 | AA41: 1.5 | AB41: 1 | AC41: 1.5 | AD41: 1 | AG41: 1.5 | AH41: 1.5 | AI41: 1 | AJ41: 1.5 | AK41: 1 | AN41: =SUM(I41:AM41) -> 25 | AO41: 150000 | AP41: =AN41*AO41 -> 3750000
A42: 37 | B42: 윤대성 | C42: 870228-1800810 | D42: 용접공 | E42: 010-6690-3570 | F42: 신한 | G42: 윤대성 | H42: 110-404-264147 | L42: 0.5 | M42: 1.5 | N42: 1 | O42: 1.5 | P42: 1 | Q42: 1 | S42: 1 | T42: 1.5 | U42: 1 | V42: 1.5 | W42: 1 | Z42: 1 | AA42: 1.5 | AB42: 1 | AC42: 1 | AD42: 1 | AE42: 0.625 | AG42: 1.5 | AH42: 1.5 | AI42: 1 | AJ42: 1.5 | AK42: 1 | AN42: =SUM(I42:AM42) -> 25.125 | AO42: 240000 | AP42: =AN42*AO42 -> 6030000
A43: 38 | B43: 이강남 | C43: 750810-1106711 | D43: 보통인부 | E43: 010-2369-7579 | F43: 우체국 | G43: 이강남 | H43: 102319-02-095386 | J43: 1 | L43: 1 | M43: 1.5 | O43: 1.5 | P43: 1 | Q43: 1 | S43: 1 | T43: 1.5 | U43: 1 | V43: 1.5 | X43: 1 | Z43: 1 | AA43: 1.5 | AB43: 1 | AC43: 1.5 | AD43: 1 | AE43: 0.75 | AG43: 1.5 | AH43: 1.5 | AI43: 1 | AJ43: 1.5 | AK43: 1 | AN43: =SUM(I43:AM43) -> 26.25 | AO43: 160000 | AP43: =AN43*AO43 -> 4200000
A44: 39 | B44: 이동은 | C44: 900720-1156817 | D44: 공사보조 | E44: 010-5581-1814 | F44: 카카오뱅크 | G44: 이동은 | H44: 3333-17-1177994 | J44: 1 | L44: 1 | M44: 1.5 | N44: 1 | O44: 1.5 | P44: 1 | Q44: 1 | T44: 1.5 | U44: 1 | V44: 1.5 | W44: 1 | X44: 1 | Z44: 1 | AA44: 1.5 | AB44: 1 | AC44: 1.5 | AD44: 1 | AE44: 0.8125 | AG44: 1.5 | AH44: 1.5 | AI44: 1 | AJ44: 1.5 | AK44: 1 | AN44: =SUM(I44:AM44) -> 27.3125 | AO44: 240000 | AP44: =AN44*AO44 -> 6555000
A45: 40 | B45: 이백창 | C45: 761016-1110611 | D45: 보통인부 | E45: 010-9815-0818 | F45: NH투자증권 | G45: 이백창 | H45: 207-01-565429 | J45: 1 | L45: 1 | M45: 1.5 | N45: 1 | O45: 1.5 | P45: 1 | S45: 1 | T45: 1.5 | U45: 1 | V45: 1.5 | W45: 1 | X45: 0.5 | Z45: 1 | AA45: 1.5 | AB45: 1 | AC45: 1.5 | AD45: 1 | AE45: 0.75 | AG45: 1.5 | AH45: 1.5 | AI45: 1 | AK45: 1 | AN45: =SUM(I45:AM45) -> 25.25 | AO45: 170000 | AP45: =AN45*AO45 -> 4292500
A46: 41 | B46: 이상덕 | C46: 730801-1545424 | D46: 공사보조 | E46: 010-2495-1870 | F46: 기업 | G46: 이상덕 | H46: 183-015807-01020 | J46: 1 | L46: 1 | M46: 1.5 | N46: 1 | O46: 1.5 | P46: 1 | Q46: 1 | S46: 1 | T46: 1.5 | U46: 1 | V46: 1.5 | W46: 1 | X46: 1 | Z46: 1 | AA46: 1.5 | AB46: 1 | AC46: 1.5 | AD46: 1 | AE46: 0.8125 | AG46: 1.5 | AH46: 1.5 | AI46: 1 | AJ46: 1.5 | AK46: 1 | AL46: 0.375 | AN46: =SUM(I46:AM46) -> 28.6875 | AO46: 270000 | AP46: =AN46*AO46 -> 7745625
A47: 42 | B47: 이수빈 | C47: 940912-1105528 | D47: 안전보조 | E47: 010-7774-4872 | F47: 국민 | G47: 이수빈 | H47: 110802-04-289399 | J47: 1 | L47: 1 | M47: 1.5 | N47: 1 | O47: 1.5 | P47: 1 | Q47: 1 | S47: 1 | T47: 1.5 | U47: 1 | V47: 1.5 | W47: 0.75 | X47: 1 | Z47: 1 | AA47: 1.5 | AB47: 1 | AC47: 1.5 | AD47: 1 | AE47: 1 | AG47: 1.5 | AH47: 1.5 | AI47: 1 | AJ47: 1.5 | AK47: 1 | AL47: 0.375 | AN47: =SUM(I47:AM47) -> 28.625 | AO47: 180000 | AP47: =AN47*AO47 -> 5152500
A48: 43 | B48: 이완석 | C48: 921116-1151522 | D48: 용접공 | E48: 010-2624-6545 | F48: 신한 | G48: 이완석 | H48: 110-269-832310 | L48: 0.6875 | M48: 1.125 | N48: 0.5 | O48: 0.5 | P48: 1 | S48: 1 | T48: 1.5 | U48: 1 | V48: 1.5 | W48: 1 | X48: 1 | Z48: 1 | AA48: 1.5 | AB48: 1 | AC48: 1.5 | AD48: 1 | AE48: 0.75 | AG48: 1.5 | AH48: 1.5 | AI48: 1 | AJ48: 1.5 | AK48: 1 | AN48: =SUM(I48:AM48) -> 24.0625 | AO48: 240000 | AP48: =AN48*AO48 -> 5775000
A49: 44 | B49: 이은희 | C49: 950520-2522712 | D49: 안전보조 | E49: 010-2359-1912 | F49: 카카오뱅크 | G49: 이은희 | H49: 3333-13-0258058 | J49: 1 | L49: 1 | M49: 1.5 | N49: 1 | O49: 1.5 | P49: 1 | Q49: 1 | S49: 1 | T49: 1.5 | U49: 1 | V49: 1.5 | W49: 1 | Z49: 1 | AA49: 1.5 | AB49: 1 | AC49: 1.5 | AD49: 1 | AE49: 0.8125 | AG49: 1.5 | AH49: 1.5 | AI49: 1 | AJ49: 1.5 | AK49: 1 | AL49: 0.375 | AN49: =SUM(I49:AM49) -> 27.6875 | AO49: 180000 | AP49: =AN49*AO49 -> 4983750
A50: 45 | B50: 이진 | C50: 900815-1066311 | D50: 보통인부 | E50: 010-8738-7072 | F50: 국민 | G50: 이진 | H50: 757102-04-212989 | J50: 1 | L50: 1 | M50: 1.5 | N50: 1 | O50: 1.5 | P50: 1 | Q50: 1 | S50: 1 | T50: 1.5 | U50: 1 | V50: 1.5 | W50: 1 | Z50: 1 | AA50: 1.5 | AB50: 1 | AC50: 1.5 | AD50: 1 | AE50: 0.75 | AG50: 1.5 | AH50: 1.5 | AI50: 1 | AJ50: 1.5 | AK50: 1 | AN50: =SUM(I50:AM50) -> 27.25 | AO50: 200000 | AP50: =AN50*AO50 -> 5450000
A51: 46 | B51: 이철호 | C51: 740901-1345439 | D51: 도비공 | E51: 010-9742-4992 | F51: 우체국 | G51: 이철호 | H51: 104893-02-161818 | L51: 1 | M51: 1.5 | N51: 1 | O51: 1.5 | P51: 1 | Q51: 1 | S51: 1 | T51: 1.5 | U51: 1 | V51: 1.5 | W51: 1 | X51: 1 | Z51: 1 | AA51: 1.5 | AB51: 1 | AC51: 1.5 | AD51: 1 | AE51: 0.75 | AG51: 1.5 | AH51: 1.5 | AI51: 1 | AJ51: 1.5 | AK51: 1 | AN51: =SUM(I51:AM51) -> 27.25 | AO51: 190000 | AP51: =AN51*AO51 -> 5177500
A52: 47 | B52: 이현우 | C52: 910319-1078115 | D52: 보통인부 | E52: 010-9685-6744 | F52: 국민 | G52: 이현우 | H52: 923801-00-052642 | L52: 1 | M52: 1.5 | N52: 0.5 | O52: 1.5 | P52: 1 | Q52: 1 | S52: 1 | T52: 1.5 | U52: 1 | V52: 1.5 | W52: 1 | Z52: 1 | AA52: 1.5 | AB52: 1 | AC52: 1.5 | AD52: 1 | AE52: 0.75 | AG52: 1.5 | AH52: 1.5 | AI52: 1 | AJ52: 1.5 | AK52: 1 | AN52: =SUM(I52:AM52) -> 25.75 | AO52: 170000 | AP52: =AN52*AO52 -> 4377500
A53: 48 | B53: 이희준 | C53: 840808-1002416 | D53: 공사보조 | E53: 010-7612-6003 | F53: 토스뱅크 | G53: 이희준 | H53: 1000-3396-8736 | J53: 1 | L53: 1 | M53: 1.3125 | N53: 1 | O53: 1.5 | P53: 0.625 | Q53: 1 | S53: 1 | T53: 1.5 | U53: 1 | V53: 1.5 | W53: 1 | X53: 1 | Z53: 1 | AA53: 1.5 | AB53: 1 | AC53: 1.5 | AD53: 1 | AE53: 0.5 | AG53: 1.5 | AH53: 1.5 | AI53: 1 | AJ53: 1.5 | AK53: 1 | AL53: 0.375 | AN53: =SUM(I53:AM53) -> 27.8125 | AO53: 230000 | AP53: =AN53*AO53 -> 6396875
A54: 49 | B54: 전현수 | C54: 880725-1001710 | D54: 보통인부 | E54: 010-2678-5126 | F54: 카카오 | G54: 전현수 | H54: 3333-20-7007974 | J54: 1 | L54: 1 | M54: 1.5 | N54: 1 | O54: 1.5 | P54: 1 | Q54: 1 | S54: 1 | T54: 1.5 | U54: 1 | V54: 1.5 | W54: 1 | X54: 1 | Z54: 1 | AA54: 1.5 | AB54: 1 | AC54: 1.5 | AD54: 1 | AE54: 0.75 | AG54: 1.5 | AH54: 1.5 | AI54: 1 | AJ54: 1.5 | AK54: 0.875 | AN54: =SUM(I54:AM54) -> 28.125 | AO54: 180000 | AP54: =AN54*AO54 -> 5062500
A55: 50 | B55: 정익수 | C55: 940126-1081741 | D55: 배관공 | E55: 010-2323-7788 | F55: 신한 | G55: 정익수 | H55: 110-398-862753 | J55: 1 | L55: 1 | M55: 1.5 | N55: 1 | O55: 1.5 | P55: 1 | Q55: 1 | S55: 1 | T55: 1.5 | U55: 1 | V55: 1.5 | W55: 1 | Z55: 1 | AA55: 1.5 | AB55: 1 | AC55: 1.5 | AD55: 1 | AE55: 0.75 | AG55: 1.5 | AH55: 1.5 | AI55: 1 | AJ55: 1.5 | AK55: 1 | AN55: =SUM(I55:AM55) -> 27.25 | AO55: 210000 | AP55: =AN55*AO55 -> 5722500
A56: 51 | B56: 정재윤 | C56: 830225-1009714 | D56: 보통인부 | E56: 010-4215-4580 | F56: 토스뱅크 | G56: 정재윤 | H56: 1000-1986-6427 | J56: 1 | N56: 1 | O56: 1.5 | P56: 1 | Q56: 1 | S56: 1 | T56: 1.375 | U56: 1 | V56: 1.5 | W56: 1 | X56: 1 | Z56: 1 | AA56: 1.5 | AB56: 1 | AC56: 1.5 | AD56: 1 | AG56: 1.5 | AH56: 1.5 | AI56: 1 | AJ56: 1.5 | AK56: 1 | AN56: =SUM(I56:AM56) -> 24.875 | AO56: 150000 | AP56: =AN56*AO56 -> 3731250
A57: 52 | B57: 정춘식 | C57: 870321-1050411 | D57: 배관공 | E57: 010-3413-8703 | F57: 농협 | G57: 정춘식 | H57: 352-1195-1823-93 | L57: 1 | M57: 1.5 | N57: 1 | O57: 1.5 | P57: 1 | S57: 1 | U57: 1 | V57: 1.5 | W57: 1 | X57: 1 | Z57: 1 | AA57: 1.5 | AB57: 1 | AC57: 0.5 | AD57: 1 | AG57: 1.5 | AI57: 1 | AJ57: 1.5 | AK57: 1 | AN57: =SUM(I57:AM57) -> 21.5 | AO57: 230000 | AP57: =AN57*AO57 -> 4945000
A58: 53 | B58: 조동만 | C58: 890823-1409016 | D58: 보통인부 | E58: 010-4125-1296 | F58: 기업 | G58: 조동만 | H58: 120-149293-01-011 | L58: 0.6875 | M58: 1.125 | O58: 0.75 | P58: 1 | S58: 1 | T58: 1.5 | U58: 1 | V58: 1.5 | W58: 1 | X58: 1 | Z58: 1 | AA58: 1.5 | AB58: 1 | AC58: 1.5 | AD58: 1 | AE58: 0.75 | AG58: 1.5 | AH58: 1.5 | AI58: 1 | AJ58: 1.5 | AK58: 1 | AN58: =SUM(I58:AM58) -> 23.8125 | AO58: 170000 | AP58: =AN58*AO58 -> 4048125
A59: 54 | B59: 주효수 | C59: 950219-1194529 | D59: 보통인부 | E59: 010-5830-9182 | F59: 신한 | G59: 주효수 | H59: 110-378-562733 | L59: 0.6875 | M59: 1.125 | O59: 0.625 | P59: 1 | S59: 1 | T59: 1.5 | U59: 1 | V59: 1.5 | W59: 1 | X59: 0.5 | Z59: 1 | AA59: 1.5 | AB59: 1 | AC59: 1.5 | AD59: 1 | AG59: 1.5 | AH59: 1.5 | AI59: 1 | AJ59: 1.5 | AK59: 1 | AN59: =SUM(I59:AM59) -> 22.4375 | AO59: 160000 | AP59: =AN59*AO59 -> 3590000
A60: 55 | B60: 최수종 | C60: 990511-1024713 | D60: 보통인부 | E60: 010-9439-3189 | F60: 카카오뱅크 | G60: 최수종 | H60: 3333-08-8329737 | J60: 1 | L60: 1 | M60: 1.5 | N60: 1 | O60: 1.5 | P60: 1 | S60: 1 | T60: 1.5 | U60: 1 | V60: 1.5 | W60: 1 | X60: 1 | Z60: 1 | AA60: 1.5 | AB60: 1 | AC60: 1.5 | AD60: 1 | AE60: 0.75 | AG60: 1.5 | AH60: 1.5 | AI60: 1 | AJ60: 1.5 | AK60: 1 | AN60: =SUM(I60:AM60) -> 27.25 | AO60: 160000 | AP60: =AN60*AO60 -> 4360000
A61: 56 | B61: 최원석 | C61: 791023-1065216 | D61: 배관공 | E61: 010-6307-9819 | F61: 국민 | G61: 최원석 | H61: 604401-01-239264 | J61: 1 | L61: 1 | M61: 1.5 | N61: 1 | O61: 1.5 | P61: 1 | Q61: 1 | S61: 1 | T61: 1.5 | U61: 1 | V61: 1.5 | W61: 1 | X61: 1 | Z61: 1 | AA61: 1.5 | AB61: 1 | AC61: 1.5 | AD61: 1 | AE61: 0.75 | AG61: 1.5 | AH61: 1.5 | AI61: 1 | AJ61: 1.5 | AK61: 1 | AN61: =SUM(I61:AM61) -> 28.25 | AO61: 230000 | AP61: =AN61*AO61 -> 6497500
A62: 57 | B62: 최정민 | C62: 000904-3247314 | D62: 보통인부 | E62: 010-6258-9703 | F62: 농협 | G62: 최정민 | H62: 356-1161-8531-13 | J62: 1 | L62: 1 | M62: 1.5 | N62: 1 | O62: 1.5 | P62: 1 | Q62: 1 | S62: 1 | T62: 1.5 | U62: 1 | V62: 1.5 | W62: 1 | X62: 1 | Z62: 1 | AA62: 1.5 | AB62: 1 | AC62: 1.5 | AD62: 1 | AE62: 0.75 | AG62: 1.5 | AH62: 0.5 | AN62: =SUM(I62:AM62) -> 23.75 | AO62: 150000 | AP62: =AN62*AO62 -> 3562500
A63: 58 | B63: 최형권 | C63: 820625-1411930 | D63: 보통인부 | E63: 010-3121-3146 | F63: 우리 | G63: 최형권 | H63: 1002-337-154871 | L63: 1 | M63: 1.5 | N63: 1 | O63: 1.5 | P63: 1 | Q63: 0.5 | S63: 1 | T63: 1.5 | U63: 1 | V63: 1.5 | W63: 1 | X63: 1 | Z63: 1 | AA63: 1.5 | AB63: 1 | AC63: 1.5 | AD63: 1 | AE63: 0.75 | AG63: 1.5 | AH63: 1.5 | AI63: 1 | AJ63: 1.5 | AK63: 1 | AN63: =SUM(I63:AM63) -> 26.75 | AO63: 170000 | AP63: =AN63*AO63 -> 4547500
A64: 59 | B64: 추호윤 | C64: 020222-3095822 | D64: 보통인부 | E64: 010-2101-6076 | F64: 기업 | G64: 추호윤 | H64: 103-108101-01-015 | L64: 1 | M64: 1.5 | N64: 1 | O64: 1.5 | P64: 1 | Q64: 0.5 | S64: 1 | T64: 1.5 | U64: 1 | V64: 1.5 | W64: 1 | Z64: 0.875 | AA64: 1.5 | AB64: 1 | AC64: 1.5 | AD64: 1 | AE64: 0.75 | AG64: 1.5 | AH64: 1.5 | AI64: 1 | AJ64: 1.5 | AK64: 1 | AN64: =SUM(I64:AM64) -> 25.625 | AO64: 150000 | AP64: =AN64*AO64 -> 3843750
A65: 60 | B65: 하성호 | C65: 770108-1468427 | D65: 배관공 | E65: 010-8962-6247 | F65: 신한 | G65: 하성호 | H65: 110-175-083529 | L65: 1 | M65: 1.5 | N65: 1 | O65: 1.5 | P65: 1 | Q65: 1 | S65: 1 | T65: 1.5 | U65: 1 | V65: 1.5 | W65: 1 | X65: 1 | Z65: 1 | AA65: 1.5 | AB65: 1 | AC65: 1.5 | AD65: 1 | AE65: 0.75 | AG65: 1.5 | AH65: 1.5 | AI65: 1 | AJ65: 1.5 | AK65: 1 | AN65: =SUM(I65:AM65) -> 27.25 | AO65: 190000 | AP65: =AN65*AO65 -> 5177500
A66: 61 | B66: 함지원 | C66: 951003-1042312 | D66: 보통인부 | E66: 010-7281-8411 | F66: 국민 | G66: 함지원 | H66: 933502-00-554904 | M66: 1.5 | N66: 1 | O66: 1.5 | P66: 1 | Q66: 1 | S66: 1 | T66: 1.5 | U66: 1 | V66: 1.5 | W66: 1 | Z66: 1 | AA66: 1.5 | AB66: 1 | AC66: 1.5 | AD66: 1 | AE66: 0.75 | AG66: 1.5 | AH66: 1.5 | AI66: 1 | AJ66: 1.5 | AK66: 1 | AN66: =SUM(I66:AM66) -> 25.25 | AO66: 170000 | AP66: =AN66*AO66 -> 4292500
A67: 62 | B67: 허남일 | C67: 771202-1452815 | D67: 도비공 | E67: 010-8096-7102 | F67: 우체국 | G67: 허남일 | H67: 312363-02-228401 | J67: 1 | L67: 1 | M67: 1.5 | N67: 1 | O67: 1.5 | P67: 1 | Q67: 1 | S67: 1 | T67: 1.5 | U67: 1 | V67: 1.5 | W67: 1 | Z67: 1 | AA67: 1.5 | AB67: 1 | AC67: 1.5 | AD67: 1 | AE67: 0.75 | AG67: 1.5 | AH67: 1.5 | AN67: =SUM(I67:AM67) -> 23.75 | AO67: 180000 | AP67: =AN67*AO67 -> 4275000
A68: 63 | B68: 황동우 | C68: 770113-1558817 | D68: 도비공 | E68: 010-2360-6689 | F68: 국민 | G68: 황동우 | H68: 688801-00-122509 | L68: 1 | M68: 1.5 | N68: 1 | O68: 1.5 | P68: 1 | Q68: 1 | S68: 1 | T68: 1.5 | U68: 1 | V68: 1.5 | W68: 1 | Z68: 1 | AA68: 1.5 | AB68: 1 | AC68: 1.5 | AD68: 1 | AE68: 0.75 | AG68: 1.5 | AH68: 1.5 | AI68: 1 | AJ68: 1.5 | AK68: 1 | AN68: =SUM(I68:AM68) -> 26.25 | AO68: 190000 | AP68: =AN68*AO68 -> 4987500
A69: 64 | B69: 황민일 | C69: 030404-3253526 | D69: 보통인부 | E69: 010-5539-7068 | F69: 신한 | G69: 황민일 | H69: 110-512-016280 | L69: 1 | M69: 1.5 | N69: 1 | O69: 1.5 | P69: 1 | Q69: 1 | S69: 1 | T69: 1.5 | U69: 1 | V69: 1.5 | W69: 1 | Z69: 1 | AA69: 1.5 | AB69: 1 | AC69: 1.5 | AD69: 1 | AE69: 0.75 | AG69: 1.5 | AH69: 1.5 | AI69: 1 | AJ69: 1.5 | AK69: 1 | AN69: =SUM(I69:AM69) -> 26.25 | AO69: 150000 | AP69: =AN69*AO69 -> 3937500
A70: 65 | B70: 황순일 | C70: 960117-1254015 | D70: 보통인부 | E70: 010-3900-7068 | F70: 기업 | G70: 황순일 | H70: 010-3900-7068 | J70: 1 | L70: 1 | M70: 1.5 | N70: 1 | O70: 1.5 | P70: 0.5 | S70: 1 | T70: 1.5 | U70: 1 | V70: 1.5 | W70: 1 | X70: 1 | Z70: 1 | AA70: 1.5 | AB70: 1 | AC70: 1.5 | AD70: 1 | AG70: 1.5 | AH70: 1.5 | AI70: 1 | AJ70: 1.5 | AK70: 1 | AN70: =SUM(I70:AM70) -> 26 | AO70: 150000 | AP70: =AN70*AO70 -> 3900000
A71: 66 | B71: 김민재 | C71: 940217-1474315 | D71: 배관공 | E71: 010-9961-0647 | F71: 국민 | G71: 김민재 | H71: 240801-04-477184 | S71: 0.6875 | T71: 1.125 | U71: 0.5 | V71: 0.5 | W71: 1 | Z71: 1 | AA71: 1.5 | AB71: 1 | AC71: 1.5 | AD71: 1 | AE71: 0.75 | AG71: 1.5 | AH71: 1.5 | AI71: 1 | AJ71: 1.5 | AK71: 1 | AN71: =SUM(I71:AM71) -> 17.0625 | AO71: 230000 | AP71: =AN71*AO71 -> 3924375
A72: 67 | B72: 김대욱 | C72: 890712-1058810 | D72: 용접공 | E72: 010-3646-9962 | F72: 신한 | G72: 김대욱 | H72: 110-248-997659 | S72: 0.6875 | T72: 1.125 | U72: 0.5 | V72: 0.5 | W72: 1 | Z72: 1 | AA72: 1.5 | AB72: 1 | AC72: 1.5 | AD72: 1 | AE72: 0.75 | AG72: 1.5 | AH72: 1.5 | AI72: 1 | AJ72: 1.5 | AK72: 1 | AN72: =SUM(I72:AM72) -> 17.0625 | AO72: 240000 | AP72: =AN72*AO72 -> 4095000
A73: 68 | B73: 김호선 | C73: 750703-1231129 | D73: 보통인부 | E73: 010-3897-9438 | F73: 농협 | G73: 김호선 | H73: 356-0506-3136-13 | S73: 0.6875 | T73: 1.125 | V73: 0.5 | W73: 1 | Z73: 1 | AA73: 1.5 | AB73: 1 | AC73: 1.5 | AD73: 1 | AE73: 0.75 | AG73: 1.5 | AH73: 1.5 | AI73: 1 | AJ73: 1.5 | AK73: 1 | AN73: =SUM(I73:AM73) -> 16.5625 | AO73: 220000 | AP73: =AN73*AO73 -> 3643750
A74: 69 | B74: 조장윤 | C74: 970405-1198129 | D74: 보통인부 | E74: 010-3541-0407 | F74: 토스뱅크 | G74: 조장윤 | H74: 1000-6285-5246 | S74: 0.6875 | T74: 1.125 | V74: 0.5 | Z74: 1 | AB74: 1 | AC74: 1.5 | AD74: 1 | AE74: 0.75 | AG74: 1.5 | AH74: 1.5 | AI74: 1 | AJ74: 1.5 | AK74: 1 | AN74: =SUM(I74:AM74) -> 14.0625 | AO74: 160000 | AP74: =AN74*AO74 -> 2250000
A75: 70 | B75: 이광재 | C75: 940824-1017712 | D75: 보통인부 | E75: 010-8878-4284 | F75: 기업 | G75: 이광재 | H75: 985-008251-01-011 | S75: 0.6875 | T75: 1.125 | V75: 0.5 | W75: 1 | Z75: 1 | AA75: 1.5 | AB75: 1 | AC75: 1.5 | AD75: 1 | AE75: 0.5 | AG75: 1.5 | AH75: 1.5 | AI75: 1 | AJ75: 1.5 | AK75: 1 | AN75: =SUM(I75:AM75) -> 16.3125 | AO75: 180000 | AP75: =AN75*AO75 -> 2936250
A76: 71 | B76: 서용환 | C76: 930224-1155728 | D76: 보통인부 | E76: 010-4100-9831 | F76: 기업 | G76: 서용환 | H76: 930-224-2004 | S76: 0.6875 | T76: 1.125 | V76: 0.5 | W76: 1 | Z76: 1 | AA76: 1.5 | AB76: 1 | AC76: 1.5 | AD76: 1 | AE76: 0.75 | AG76: 1.5 | AH76: 1.5 | AI76: 1 | AJ76: 1.5 | AK76: 1 | AN76: =SUM(I76:AM76) -> 16.5625 | AO76: 170000 | AP76: =AN76*AO76 -> 2815625
A77: 72 | B77: 홍유진 | C77: 721121-1841922 | D77: 보통인부 | E77: 010-9326-3250 | F77: 농협 | G77: 홍유진 | H77: 352-1323-8683-13 | S77: 0.6875 | T77: 1.125 | V77: 0.5 | W77: 1 | Z77: 1 | AA77: 1.5 | AB77: 1 | AC77: 1.5 | AD77: 1 | AE77: 0.75 | AG77: 1.5 | AH77: 1.5 | AI77: 1 | AJ77: 1.5 | AK77: 1 | AN77: =SUM(I77:AM77) -> 16.5625 | AO77: 170000 | AP77: =AN77*AO77 -> 2815625
A78: 73 | B78: 김현중 | C78: 920608-1476210 | D78: 보통인부 | E78: 010-8304-4458 | F78: 국민 | G78: 김현중 | H78: 742102-00-113592 | S78: 0.6875 | T78: 1.125 | V78: 0.5 | W78: 1 | Z78: 1 | AA78: 1.5 | AB78: 1 | AC78: 1.5 | AD78: 1 | AE78: 0.75 | AG78: 1.5 | AH78: 1.5 | AI78: 1 | AJ78: 1.5 | AK78: 0.5 | AN78: =SUM(I78:AM78) -> 16.0625 | AO78: 170000 | AP78: =AN78*AO78 -> 2730625
A79: 74 | B79: 강동우 | C79: 810127-1026118 | D79: 공사보조 | E79: 010-5289-5546 | F79: 기업 | G79: 강동우 | H79: 186-094740-01-017 | Z79: 0.6875 | AB79: 0.5 | AC79: 0.75 | AD79: 1 | AG79: 1.5 | AH79: 1.5 | AI79: 1 | AJ79: 1.5 | AK79: 1 | AL79: 0.375 | AN79: =SUM(I79:AM79) -> 9.8125 | AO79: 240000 | AP79: =AN79*AO79 -> 2355000
A80: 75 | B80: 김진재 | C80: 921012-1122616 | D80: 배관공 | E80: 010-5578-4437 | F80: 신한 | G80: 김진재 | H80: 110-331-408388 | Z80: 0.6875 | AA80: 1.125 | AB80: 0.5 | AC80: 0.75 | AD80: 1 | AG80: 1.5 | AH80: 1.5 | AI80: 1 | AJ80: 1.5 | AK80: 1 | AN80: =SUM(I80:AM80) -> 10.5625 | AO80: 200000 | AP80: =AN80*AO80 -> 2112500
A81: 76 | B81: 이인용 | C81: 700412-1332911 | D81: 배관공 | E81: 010-5247-3585 | F81: 국민 | G81: 이인용 | H81: 017-21-0946-366 | Z81: 0.6875 | AA81: 1.125 | AB81: 0.5 | AC81: 0.75 | AD81: 1 | AG81: 1.5 | AH81: 1.5 | AI81: 1 | AJ81: 1.5 | AK81: 1 | AN81: =SUM(I81:AM81) -> 10.5625 | AO81: 220000 | AP81: =AN81*AO81 -> 2323750
A82: 77 | B82: 조형래 | C82: 790904-1822240 | D82: 배관공 | E82: 010-8062-6203 | F82: 새마을금고 | G82: 조형래 | H82: 9003-2531-2579-3 | Z82: 0.6875 | AA82: 1.125 | AB82: 0.5 | AC82: 0.75 | AD82: 1 | AG82: 1.5 | AH82: 1.5 | AI82: 1 | AJ82: 1.5 | AK82: 1 | AN82: =SUM(I82:AM82) -> 10.5625 | AO82: 170000 | AP82: =AN82*AO82 -> 1795625
A83: 78 | B83: 정경한 | C83: 940505-1002610 | D83: 용접공 | E83: 010-9545-8974 | F83: 기업 | G83: 정경한 | H83: 310-076626-01-010 | Z83: 0.6875 | AA83: 1.125 | AB83: 0.5 | AC83: 0.75 | AD83: 1 | AG83: 1.5 | AH83: 1.5 | AI83: 1 | AJ83: 1.5 | AK83: 0.5 | AN83: =SUM(I83:AM83) -> 10.0625 | AO83: 230000 | AP83: =AN83*AO83 -> 2314375
A84: 79 | B84: 박기태 | C84: 870119-1106216 | D84: 도비공 | E84: 010-2345-8318 | F84: 농협 | G84: 박기태 | H84: 855-02-115867 | Z84: 0.6875 | AA84: 1.125 | AB84: 0.5 | AC84: 0.75 | AD84: 1 | AG84: 1.5 | AH84: 1.5 | AI84: 1 | AJ84: 1.5 | AK84: 1 | AN84: =SUM(I84:AM84) -> 10.5625 | AO84: 180000 | AP84: =AN84*AO84 -> 1901250
A85: 80 | B85: 류덕원 | C85: 710419-1017220 | D85: 도비공 | E85: 010-8873-8998 | F85: 국민 | G85: 류덕원 | H85: 247901-04-527598 | Z85: 0.6875 | AA85: 1.125 | AB85: 0.5 | AC85: 0.75 | AD85: 1 | AG85: 1.5 | AH85: 1.5 | AI85: 1 | AJ85: 1.5 | AK85: 1 | AN85: =SUM(I85:AM85) -> 10.5625 | AO85: 200000 | AP85: =AN85*AO85 -> 2112500
A86: 81 | B86: 이형동 | C86: 600705-1783124 | D86: 도비공 | E86: 010-3827-8534 | F86: 기업 | G86: 이형동 | H86: 010-3827-8534 | Z86: 0.6875 | AA86: 1.125 | AB86: 0.5 | AC86: 0.75 | AD86: 1 | AG86: 1.5 | AH86: 1.5 | AI86: 1 | AJ86: 1.5 | AK86: 1 | AN86: =SUM(I86:AM86) -> 10.5625 | AO86: 210000 | AP86: =AN86*AO86 -> 2218125
A87: 82 | B87: 진선주 | C87: 760210-1340424 | D87: 보통인부 | E87: 010-3061-1296 | F87: 농협 | G87: 진선주 | H87: 356-1324-1937-73 | Z87: 0.6875 | AA87: 1.125 | AC87: 0.75 | AD87: 1 | AG87: 1.5 | AI87: 1 | AJ87: 1.5 | AK87: 1 | AN87: =SUM(I87:AM87) -> 8.5625 | AO87: 160000 | AP87: =AN87*AO87 -> 1370000
A88: 83 | B88: 서국교 | C88: 691016-1790012 | D88: 보통인부 | E88: 010-8945-3630 | F88: 농협 | G88: 서국교 | H88: 352-1964-2454-83 | Z88: 0.6875 | AA88: 1.125 | AC88: 0.75 | AD88: 1 | AG88: 1.5 | AH88: 1.5 | AI88: 1 | AJ88: 1.5 | AK88: 1 | AN88: =SUM(I88:AM88) -> 10.0625 | AO88: 150000 | AP88: =AN88*AO88 -> 1509375
A89: 84 | B89: 천성욱 | C89: 800328-1113122 | D89: 보통인부 | E89: 010-6684-0888 | F89: 새마을금고 | G89: 천성욱 | H89: 9003-2816-2519-9 | Z89: 0.6875 | AA89: 1.125 | AC89: 0.75 | AD89: 1 | AG89: 1.5 | AH89: 1.5 | AI89: 1 | AJ89: 1.5 | AK89: 1 | AN89: =SUM(I89:AM89) -> 10.0625 | AO89: 170000 | AP89: =AN89*AO89 -> 1710625
A90: 85 | B90: 최동철 | C90: 720320-1340329 | D90: 보통인부 | E90: 010-5476-8782 | F90: 기업 | G90: 최동철 | H90: 242-029714-02-011 | Z90: 0.6875 | AA90: 1.125 | AC90: 0.75 | AD90: 1 | AG90: 1.5 | AH90: 1.5 | AI90: 1 | AJ90: 1.5 | AK90: 1 | AN90: =SUM(I90:AM90) -> 10.0625 | AO90: 160000 | AP90: =AN90*AO90 -> 1610000
A91: 86 | B91: 김진성 | C91: 921101-1865311 | D91: 보통인부 | E91: 010-8999-8537 | F91: 카카오뱅크 | G91: 김진성 | H91: 3333-13-6295061 | Z91: 0.6875 | AA91: 1.125 | AC91: 0.75 | AD91: 1 | AG91: 1.5 | AH91: 1.5 | AI91: 1 | AJ91: 1.5 | AK91: 1 | AN91: =SUM(I91:AM91) -> 10.0625 | AO91: 150000 | AP91: =AN91*AO91 -> 1509375
A92: 87 | B92: 이장원 | C92: 780613-1012314 | D92: 보통인부 | E92: 010-7380-3432 | F92: 농협 | G92: 이장원 | H92: 302-1180-9230-91 | Z92: 0.6875 | AA92: 1.125 | AC92: 0.75 | AD92: 1 | AG92: 1.5 | AH92: 1.5 | AI92: 1 | AJ92: 1.5 | AK92: 1 | AN92: =SUM(I92:AM92) -> 10.0625 | AO92: 160000 | AP92: =AN92*AO92 -> 1610000
A93: 88 | B93: 조치홍 | C93: 841107-1830644 | D93: 보통인부 | E93: 010-7257-9440 | F93: 국민 | G93: 조치홍 | H93: 660802-04-150062 | Z93: 0.6875 | AA93: 1.125 | AC93: 0.75 | AD93: 1 | AG93: 1.5 | AH93: 1.5 | AI93: 1 | AJ93: 1.5 | AK93: 1 | AN93: =SUM(I93:AM93) -> 10.0625 | AO93: 160000 | AP93: =AN93*AO93 -> 1610000
A94: 89 | B94: 김성율 | C94: 870729-1535314 | D94: 보통인부 | E94: 010-4040-7602 | F94: 카카오뱅크 | G94: 김성율 | H94: 3333-37-3576022 | Z94: 0.6875 | AA94: 1.125 | AC94: 0.75 | AD94: 1 | AG94: 1.5 | AH94: 1.5 | AI94: 1 | AJ94: 1.5 | AK94: 0.625 | AN94: =SUM(I94:AM94) -> 9.6875 | AO94: 160000 | AP94: =AN94*AO94 -> 1550000
A95: 90 | B95: 정보천 | C95: 771124-1120011 | D95: 보통인부 | E95: 010-4752-6598 | F95: 기업 | G95: 정보천 | H95: 010-4752-6598 | Z95: 0.6875 | AA95: 1.125 | AC95: 0.75 | AD95: 1 | AG95: 1.5 | AH95: 1.5 | AI95: 1 | AJ95: 1.5 | AK95: 1 | AN95: =SUM(I95:AM95) -> 10.0625 | AO95: 170000 | AP95: =AN95*AO95 -> 1710625
A96: 91 | B96: 임형석 | C96: 780315-1696625 | D96: 보통인부 | E96: 010-8232-5588 | F96: 새마을금고 | G96: 임형석 | H96: 9003-2977-6251-1 | Z96: 0.6875 | AA96: 1.125 | AC96: 0.75 | AD96: 1 | AG96: 1.5 | AH96: 1.5 | AI96: 1 | AJ96: 1.5 | AK96: 1 | AN96: =SUM(I96:AM96) -> 10.0625 | AO96: 160000 | AP96: =AN96*AO96 -> 1610000
A97: 92 | B97: 임형균 | C97: 750505-1675611 | D97: 보통인부 | E97: 010-6663-3558 | F97: 새마을금고 | G97: 임형균 | H97: 1943-10-009127-6 | Z97: 0.6875 | AA97: 1.125 | AC97: 0.75 | AD97: 1 | AG97: 1.5 | AH97: 1.5 | AI97: 1 | AJ97: 1.5 | AK97: 1 | AN97: =SUM(I97:AM97) -> 10.0625 | AO97: 160000 | AP97: =AN97*AO97 -> 1610000
A98: 93 | B98: 김기진 | C98: 760118-1696412 | D98: 보통인부 | E98: 010-5454-1658 | F98: 카카오뱅크 | G98: 김기진 | H98: 3333-36-7696583 | Z98: 0.6875 | AA98: 1.125 | AC98: 0.75 | AD98: 1 | AG98: 1.5 | AH98: 1.5 | AI98: 1 | AN98: =SUM(I98:AM98) -> 7.5625 | AO98: 160000 | AP98: =AN98*AO98 -> 1210000
A99: 94 | B99: 설희수 | C99: 710817-2528013 | D99: 보통인부 | E99: 010-5673-5700 | F99: 국민 | G99: 설희수 | H99: 430502-01-565642 | Z99: 0.6875 | AA99: 1.125 | AC99: 0.75 | AD99: 1 | AG99: 1.5 | AH99: 1.5 | AI99: 1 | AJ99: 1.5 | AK99: 0.875 | AN99: =SUM(I99:AM99) -> 9.9375 | AO99: 150000 | AP99: =AN99*AO99 -> 1490625
A100: 95 | B100: 진영효 | C100: 710124-1892314 | D100: 보통인부 | E100: 010-2113-3344 | F100: 새마을금고 | G100: 진영효 | H100: 9003-3089-6898-9 | Z100: 0.6875 | AA100: 1.125 | AC100: 0.75 | AD100: 1 | AG100: 1.5 | AH100: 1.5 | AI100: 1 | AJ100: 1.5 | AK100: 1 | AN100: =SUM(I100:AM100) -> 10.0625 | AO100: 170000 | AP100: =AN100*AO100 -> 1710625
A101: 합 계 | I101: =SUM(I10:I100) -> 0 | J101: =SUM(J10:J100) -> 30.5 | K101: =SUM(K10:K100) -> 0 | L101: =SUM(L10:L100) -> 54.875 | M101: =SUM(M10:M100) -> 86.8125 | N101: =SUM(N10:N100) -> 51.625 | O101: =SUM(O10:O100) -> 82.625 | P101: =SUM(P10:P100) -> 60.125 | ... AM101: =SUM(AM10:AM100) -> 0 | AN101: =SUM(AN6:AN100) -> 2013.375 | AO101: =AVERAGE(AO6:AO100) -> 189263.16 | AP101: =SUM(AP6:AP100) -> 386321250
...

Sheet 숙소임차료
A1: 숙소 임차료
A2: No. | B2: 납부일 | C2: 구분 | D2: 품명 | E2: 주소 | F2: 호수 | G2: 수량 | H2: 사용인원 | I2: 임차료 | J2: 비 고
I3: =SUM(I4:I29) -> 42980000 | L3: 입력해야하는 항목 외 수정 금지
A4: 1 | B4: 46173 | C4: KC대납 임대료 | D4: 숙소임대료(05월분) | E4: 평택시 고덕갈평9길 57 302호 | F4: 302호 | G4: 1 | H4: 4 | I4: 1200000 | J4: KC 대납 | L4: 납부일
A5: 2 | B5: 46173 | C5: KC대납 임대료 | D5: 숙소임대료(05월분) | E5: 평택시 고덕갈평10길 40 301호 | F5: 301호 | G5: 1 | H5: 6 | I5: 1600000 | J5: KC 대납 | L5: 구분
A6: 3 | B6: 46173 | C6: KC대납 임대료 | D6: 숙소임대료(05월분) | E6: 평택시 고덕여염11길 14 202호 | F6: 202호 | G6: 1 | H6: 4 | I6: 1300000 | J6: KC 대납 | L6: 품명
A7: 4 | B7: 46173 | C7: KC대납 임대료 | D7: 숙소임대료(05월분) | E7: 평택시 함박산1길 50 401호 | F7: 401호 | G7: 1 | H7: 6 | I7: 1700000 | J7: KC 대납 | L7: 주소
A8: 5 | B8: 46173 | C8: KC대납 임대료 | D8: 숙소임대료(05월분) | E8: 평택시 함박산4길 3 301호 | F8: 301호 | G8: 1 | H8: 6 | I8: 1530000 | J8: KC 대납 | L8: 호수
A9: 6 | B9: 46173 | C9: KC대납 임대료 | D9: 숙소임대료(05월분) | E9: 평택시 함박산3길 37 301호 | F9: 301호 | G9: 1 | H9: 6 | I9: 1600000 | J9: KC 대납 | L9: 수량
A10: 7 | B10: 46173 | C10: KC대납 임대료 | D10: 숙소임대료(05월분) | E10: 평택시 함박산9길 28 401호(복층) | F10: 복층) | G10: 1 | H10: 6 | I10: 2000000 | J10: KC 대납 | L10: 사용인원
A11: 8 | B11: 46173 | C11: KC대납 임대료 | D11: 숙소임대료(05월분) | E11: 평택시 함박산12길 35 301호 | F11: 301호 | G11: 1 | H11: 6 | I11: 1800000 | J11: KC 대납
A12: 9 | B12: 46173 | C12: KC대납 임대료 | D12: 숙소임대료(05월분) | E12: 평택시 함박산1길 34 201호 | F12: 201호 | G12: 1 | H12: 6 | I12: 1700000 | J12: KC 대납 | L12: ■ 구분은 [KC대납 임대료 및 임대료] 이외 항목은 입력금지
A13: 10 | B13: 46173 | C13: KC대납 임대료 | D13: 숙소임대료(05월분) | E13: 평택시 고덕여염11길 149 202호 | F13: 202호 | G13: 1 | H13: 6 | I13: 1900000 | J13: KC 대납
A14: 11 | B14: 46173 | C14: KC대납 임대료 | D14: 숙소임대료(05월분) | E14: 평택시 고덕국제4길 60-16 202호 | F14: 202호 | G14: 1 | H14: 6 | I14: 1600000 | J14: KC 대납
A15: 12 | B15: 46173 | C15: KC대납 임대료 | D15: 숙소임대료(05월분) | E15: 평택시 고덕여염16길 113 202호 | F15: 202호 | G15: 1 | H15: 6 | I15: 1900000 | J15: KC 대납
A16: 13 | B16: 46173 | C16: KC대납 임대료 | D16: 숙소임대료(05월분) | E16: 평택시 고덕여염6길 199 202호 | F16: 202호 | G16: 1 | H16: 6 | I16: 1800000 | J16: KC 대납
A17: 14 | B17: 46173 | C17: KC대납 임대료 | D17: 숙소임대료(05월분) | E17: 평택시 함박산1길 34 301호 | F17: 301호 | G17: 1 | H17: 6 | I17: 1700000 | J17: KC 대납
A18: 15 | B18: 46173 | C18: KC대납 임대료 | D18: 숙소임대료(05월분) | E18: 평택시 함박산9길 26 202호 | F18: 202호 | G18: 1 | H18: 6 | I18: 1600000 | J18: KC 대납
A19: 16 | B19: 46173 | C19: KC대납 임대료 | D19: 숙소임대료(05월분) | E19: 평택시 함박산11길 9-1 202호 | F19: 202호 | G19: 1 | H19: 6 | I19: 1650000 | J19: KC 대납
A20: 17 | B20: 46173 | C20: KC대납 임대료 | D20: 숙소임대료(05월분) | E20: 평택시 함박산3길 11 301호 | F20: 301호 | G20: 1 | H20: 6 | I20: 1900000 | J20: KC 대납
A21: 18 | B21: 46173 | C21: KC대납 임대료 | D21: 숙소임대료(05월분) | E21: 평택시 고덕여염16길 115 202호 | F21: 202호 | G21: 1 | H21: 4 | I21: 1400000 | J21: KC 대납
A22: 19 | B22: 46173 | C22: KC대납 임대료 | D22: 숙소임대료(05월분) | E22: 평택시 함박산9길 26 201호 | F22: 201호 | G22: 1 | H22: 6 | I22: 1800000 | J22: KC 대납
A23: 20 | B23: 46173 | C23: KC대납 임대료 | D23: 숙소임대료(05월분) | E23: 평택시 고덕국제4길 60-10 202호 | F23: 202호 | G23: 1 | H23: 6 | I23: 1650000 | J23: KC 대납
A24: 21 | B24: 46173 | C24: KC대납 임대료 | D24: 숙소임대료(05월분) | E24: 평택시 함박산 2길 11 302호 | F24: 302호 | G24: 1 | H24: 6 | I24: 1500000 | J24: KC 대납
... A29: 26 | B29: 46173 | C29: KC대납 임대료 | D29: 숙소임대료(05월분) | E29: 평택시 함박산4길 28 301호 | F29: 301호 | G29: 1 | H29: 6 | I29: 1600000 | J29: KC 대납

Sheet 숙소관리비
A1: 숙소 관리비
A2: No. | B2: 납부일 | C2: 구분 | D2: 품명 | E2: 주소 | F2: 호수 | G2: 수량 | H2: 사용인원 | I2: 관리비 | J2: 비 고
I3: =SUM(I4:I81) -> 1329770
A4: 1 | B4: 46173 | C4: KC대납 관리비 | D4: 숙소수도세(05월분) | E4: 평택시 고덕갈평9길 57 302호 | F4: 302호 | G4: 1 | H4: 4 | I4: 익월발생예정 | J4: KC 대납
A5: 2 | B5: 46173 | C5: KC대납 관리비 | D5: 숙소가스료(05월분) | E5: 평택시 고덕갈평9길 57 302호 | F5: 302호 | G5: 1 | H5: 4 | I5: 익월발생예정 | J5: KC 대납
A6: 3 | B6: 46173 | C6: KC대납 관리비 | D6: 숙소전기료(05월분) | E6: 평택시 고덕갈평9길 57 302호 | F6: 302호 | G6: 1 | H6: 4 | I6: 익월발생예정 | J6: KC 대납
A7: 4 | B7: 46173 | C7: KC대납 관리비 | D7: 숙소수도세(05월분) | E7: 평택시 고덕갈평10길 40 301호 | F7: 301호 | G7: 1 | H7: 6 | I7: 4500 | J7: KC 대납
A8: 5 | B8: 46173 | C8: KC대납 관리비 | D8: 숙소가스료(05월분) | E8: 평택시 고덕갈평10길 40 301호 | F8: 301호 | G8: 1 | H8: 6 | I8: 61890 | J8: KC 대납
A9: 6 | B9: 46173 | C9: KC대납 관리비 | D9: 숙소전기료(05월분) | E9: 평택시 고덕갈평10길 40 301호 | F9: 301호 | G9: 1 | H9: 6 | I9: 24360 | J9: KC 대납
A10: 7 | B10: 46173 | C10: KC대납 관리비 | D10: 숙소수도세(05월분) | E10: 평택시 고덕여염11길 14 202호 | F10: 202호 | G10: 1 | H10: 6 | I10: 27010 | J10: KC 대납
A11: 8 | B11: 46173 | C11: KC대납 관리비 | D11: 숙소가스료(05월분) | E11: 평택시 고덕여염11길 14 202호 | F11: 202호 | G11: 1 | H11: 6 | I11: 44200 | J11: KC 대납
A12: 9 | B12: 46173 | C12: KC대납 관리비 | D12: 숙소전기료(05월분) | E12: 평택시 고덕여염11길 14 202호 | F12: 202호 | G12: 1 | H12: 6 | I12: 24960 | J12: KC 대납
A13: 10 | B13: 46173 | C13: KC대납 관리비 | D13: 숙소수도세(05월분) | E13: 평택시 함박산1길 50 401호 | F13: 401호 | G13: 1 | H13: 6 | I13: 62360 | J13: KC 대납
A14: 11 | B14: 46173 | C14: KC대납 관리비 | D14: 숙소가스료(05월분) | E14: 평택시 함박산1길 50 401호 | F14: 401호 | G14: 1 | H14: 6 | I14: 62080 | J14: KC 대납
A15: 12 | B15: 46173 | C15: KC대납 관리비 | D15: 숙소전기료(05월분) | E15: 평택시 함박산1길 50 401호 | F15: 401호 | G15: 1 | H15: 6 | I15: 26470 | J15: KC 대납
A16: 13 | B16: 46173 | C16: KC대납 관리비 | D16: 숙소수도세(05월분) | E16: 평택시 함박산4길 3 301호 | F16: 301호 | G16: 1 | H16: 6 | I16: 46140 | J16: KC 대납
A17: 14 | B17: 46173 | C17: KC대납 관리비 | D17: 숙소가스료(05월분) | E17: 평택시 함박산4길 3 301호 | F17: 301호 | G17: 1 | H17: 6 | I17: 73360 | J17: KC 대납
A18: 15 | B18: 46173 | C18: KC대납 관리비 | D18: 숙소전기료(05월분) | E18: 평택시 함박산4길 3 301호 | F18: 301호 | G18: 1 | H18: 6 | I18: 44970 | J18: KC 대납
... A25: 22 | B25: 46173 | C25: KC대납 관리비 | D25: 숙소수도세(05월분) | E25: 평택시 함박산12길 35 301호 | F25: 301호 | G25: 1 | H25: 6 | I25: 22640 | J25: KC 대납
A26: 23 | B26: 46173 | C26: KC대납 관리비 | D26: 숙소가스료(05월분) | E26: 평택시 함박산12길 35 301호 | F26: 301호 | G26: 1 | H26: 6 | I26: 익월발생예정 | J26: KC 대납
A27: 24 | B27: 46173 | C27: KC대납 관리비 | D27: 숙소전기료(05월분) | E27: 평택시 함박산12길 35 301호 | F27: 301호 | G27: 1 | H27: 6 | I27: 27520 | J27: KC 대납
A28: 25 | B28: 46173 | C28: KC대납 관리비 | D28: 숙소수도세(05월분) | E28: 평택시 함박산1길 34 201호 | F28: 201호 | G28: 1 | H28: 6 | I28: 익월발생예정 | J28: KC 대납
A29: 26 | B29: 46173 | C29: KC대납 관리비 | D29: 숙소가스료(05월분) | E29: 평택시 함박산1길 34 201호 | F29: 201호 | G29: 1 | H29: 6 | I29: 익월발생예정 | J29: KC 대납
A30: 27 | B30: 46173 | C30: KC대납 관리비 | D30: 숙소전기료(05월분) | E30: 평택시 함박산1길 34 201호 | F30: 201호 | G30: 1 | H30: 6 | I30: 익월발생예정 | J30: KC 대납
A31: 28 | B31: 46173 | C31: KC대납 관리비 | D31: 숙소수도세(05월분) | E31: 평택시 고덕여염11길 149 202호 | F31: 202호 | G31: 1 | H31: 6 | I31: 0 | J31: KC 대납
A32: 29 | B32: 46173 | C32: KC대납 관리비 | D32: 숙소가스료(05월분) | E32: 평택시 고덕여염11길 149 202호 | F32: 202호 | G32: 1 | H32: 6 | I32: 58800 | J32: KC 대납
A33: 30 | B33: 46173 | C33: KC대납 관리비 | D33: 숙소전기료(05월분) | E33: 평택시 고덕여염11길 149 202호 | F33: 202호 | G33: 1 | H33: 6 | I33: 0 | J33: KC 대납
A34: 31 | B34: 46173 | C34: KC대납 관리비 | D34: 숙소수도세(05월분) | E34: 평택시 고덕국제4길 60-16 202호 | F34: 202호 | G34: 1 | H34: 6 | I34: 11020 | J34: KC 대납
A35: 32 | B35: 46173 | C35: KC대납 관리비 | D35: 숙소가스료(05월분) | E35: 평택시 고덕국제4길 60-16 202호 | F35: 202호 | G35: 1 | H35: 6 | I35: 49290 | J35: KC 대납
A36: 33 | B36: 46173 | C36: KC대납 관리비 | D36: 숙소전기료(05월분) | E36: 평택시 고덕국제4길 60-16 202호 | F36: 202호 | G36: 1 | H36: 6 | I36: 43350 | J36: KC 대납
A37: 34 | B37: 46173 | C37: KC대납 관리비 | D37: 숙소수도세(05월분) | E37: 평택시 고덕여염16길 113 202호 | F37: 202호 | G37: 1 | H37: 6 | I37: 익월발생예정 | J37: KC 대납
A38: 35 | B38: 46173 | C38: KC대납 관리비 | D38: 숙소가스료(05월분) | E38: 평택시 고덕여염16길 113 202호 | F38: 202호 | G38: 1 | H38: 6 | I38: 익월발생예정 | J38: KC 대납
A39: 36 | B39: 46173 | C39: KC대납 관리비 | D39: 숙소전기료(05월분) | E39: 평택시 고덕여염16길 113 202호 | F39: 202호 | G39: 1 | H39: 6 | I39: 익월발생예정 | J39: KC 대납
A40: 37 | B40: 46173 | C40: KC대납 관리비 | D40: 숙소수도세(05월분) | E40: 평택시 고덕여염6길 199 202호 | F40: 202호 | G40: 1 | H40: 6 | I40: 2400 | J40: KC 대납
A41: 38 | B41: 46173 | C41: KC대납 관리비 | D41: 숙소가스료(05월분) | E41: 평택시 고덕여염6길 199 202호 | F41: 202호 | G41: 1 | H41: 6 | I41: 71170 | J41: KC 대납
A42: 39 | B42: 46173 | C42: KC대납 관리비 | D42: 숙소전기료(05월분) | E42: 평택시 고덕여염6길 199 202호 | F42: 202호 | G42: 1 | H42: 6 | I42: 33390 | J42: KC 대납
A43: 40 | B43: 46173 | C43: KC대납 관리비 | D43: 숙소수도세(05월분) | E43: 평택시 함박산1길 34 301호 | F43: 301호 | G43: 1 | H43: 6 | I43: 18480 | J43: KC 대납
A44: 41 | B44: 46173 | C44: KC대납 관리비 | D44: 숙소가스료(05월분) | E44: 평택시 함박산1길 34 301호 | F44: 301호 | G44: 1 | H44: 6 | I44: 32340 | J44: KC 대납
A45: 42 | B45: 46173 | C45: KC대납 관리비 | D45: 숙소전기료(05월분) | E45: 평택시 함박산1길 34 301호 | F45: 301호 | G45: 1 | H45: 6 | I45: 41760 | J45: KC 대납
A46: 43 | B46: 46173 | C46: KC대납 관리비 | D46: 숙소수도세(05월분) | E46: 평택시 함박산9길 26 202호 | F46: 202호 | G46: 1 | H46: 6 | I46: 1200 | J46: KC 대납
A47: 44 | B47: 46173 | C47: KC대납 관리비 | D47: 숙소가스료(05월분) | E47: 평택시 함박산9길 26 202호 | F47: 202호 | G47: 1 | H47: 6 | I47: 익월발생예정 | J47: KC 대납
A48: 45 | B48: 46173 | C48: KC대납 관리비 | D48: 숙소전기료(05월분) | E48: 평택시 함박산9길 26 202호 | F48: 202호 | G48: 1 | H48: 6 | I48: 0 | J48: KC 대납
A49: 46 | B49: 46173 | C49: KC대납 관리비 | D49: 숙소수도세(05월분) | E49: 평택시 함박산11길 9-1 202호 | F49: 202호 | G49: 1 | H49: 6 | I49: 1200 | J49: KC 대납
A50: 47 | B50: 46173 | C50: KC대납 관리비 | D50: 숙소가스료(05월분) | E50: 평택시 함박산11길 9-1 202호 | F50: 202호 | G50: 1 | H50: 6 | I50: 12980 | J50: KC 대납
A51: 48 | B51: 46173 | C51: KC대납 관리비 | D51: 숙소전기료(05월분) | E51: 평택시 함박산11길 9-1 202호 | F51: 202호 | G51: 1 | H51: 6 | I51: 40030 | J51: KC 대납
A52: 49 | B52: 46173 | C52: KC대납 관리비 | D52: 숙소수도세(05월분) | E52: 평택시 함박산3길 11 301호 | F52: 301호 | G52: 1 | H52: 6 | I52: 1200 | J52: KC 대납
A53: 50 | B53: 46173 | C53: KC대납 관리비 | D53: 숙소가스료(05월분) | E53: 평택시 함박산3길 11 301호 | F53: 301호 | G53: 1 | H53: 6 | I53: 72100 | J53: KC 대납
A54: 51 | B54: 46173 | C54: KC대납 관리비 | D54: 숙소전기료(05월분) | E54: 평택시 함박산3길 11 301호 | F54: 301호 | G54: 1 | H54: 6 | I54: 0 | J54: KC 대납
A55: 52 | B55: 46173 | C55: KC대납 관리비 | D55: 숙소수도세(05월분) | E55: 평택시 고덕여염16길 115 202호 | F55: 202호 | G55: 1 | H55: 4 | I55: 2400 | J55: KC 대납
A56: 53 | B56: 46173 | C56: KC대납 관리비 | D56: 숙소가스료(05월분) | E56: 평택시 고덕여염16길 115 202호 | F56: 202호 | G56: 1 | H56: 4 | I56: 46680 | J56: KC 대납
A57: 54 | B57: 46173 | C57: KC대납 관리비 | D57: 숙소전기료(05월분) | E57: 평택시 고덕여염16길 115 202호 | F57: 202호 | G57: 1 | H57: 4 | I57: 19200 | J57: KC 대납
A58: 55 | B58: 46173 | C58: KC대납 관리비 | D58: 숙소수도세(05월분) | E58: 평택시 함박산9길 26 201호 | F58: 201호 | G58: 1 | H58: 6 | I58: 1200 | J58: KC 대납
A59: 56 | B59: 46173 | C59: KC대납 관리비 | D59: 숙소가스료(05월분) | E59: 평택시 함박산9길 26 201호 | F59: 201호 | G59: 1 | H59: 6 | I59: 17200 | J59: KC 대납
A60: 57 | B60: 46173 | C60: KC대납 관리비 | D60: 숙소전기료(05월분) | E60: 평택시 함박산9길 26 201호 | F60: 201호 | G60: 1 | H60: 6 | I60: 28410 | J60: KC 대납
A61: 58 | B61: 46173 | C61: KC대납 관리비 | D61: 숙소수도세(05월분) | E61: 평택시 고덕국제4길 60-10 202호 | F61: 202호 | G61: 1 | H61: 6 | I61: 익월발생예정 | J61: KC 대납
A62: 59 | B62: 46173 | C62: KC대납 관리비 | D62: 숙소가스료(05월분) | E62: 평택시 고덕국제4길 60-10 202호 | F62: 202호 | G62: 1 | H62: 6 | I62: 익월발생예정 | J62: KC 대납
A63: 60 | B63: 46173 | C63: KC대납 관리비 | D63: 숙소전기료(05월분) | E63: 평택시 고덕국제4길 60-10 202호 | F63: 202호 | G63: 1 | H63: 6 | I63: 익월발생예정 | J63: KC 대납
A64: 61 | B64: 46173 | C64: KC대납 관리비 | D64: 숙소수도세(05월분) | E64: 평택시 함박산 2길 11 302호 | F64: 302호 | G64: 1 | H64: 6 | I64: 익월발생예정 | J64: KC 대납
A65: 62 | B65: 46173 | C65: KC대납 관리비 | D65: 숙소가스료(05월분) | E65: 평택시 함박산 2길 11 302호 | F65: 302호 | G65: 1 | H65: 6 | I65: 익월발생예정 | J65: KC 대납
A66: 63 | B66: 46173 | C66: KC대납 관리비 | D66: 숙소전기료(05월분) | E66: 평택시 함박산 2길 11 302호 | F66: 302호 | G66: 1 | H66: 6 | I66: 익월발생예정 | J66: KC 대납
A67: 64 | B67: 46173 | C67: KC대납 관리비 | D67: 숙소수도세(05월분) | E67: 평택시 함박산 8길 13 201호 | F67: 201호 | G67: 1 | H67: 6 | I67: 익월발생예정 | J67: KC 대납
A68: 65 | B68: 46173 | C68: KC대납 관리비 | D68: 숙소가스료(05월분) | E68: 평택시 함박산 8길 13 201호 | F68: 201호 | G68: 1 | H68: 6 | I68: 익월발생예정 | J68: KC 대납
A69: 66 | B69: 46173 | C69: KC대납 관리비 | D69: 숙소전기료(05월분) | E69: 평택시 함박산 8길 13 201호 | F69: 201호 | G69: 1 | H69: 6 | I69: 익월발생예정 | J69: KC 대납
A70: 67 | B70: 46173 | C70: KC대납 관리비 | D70: 숙소수도세(05월분) | E70: 평택시 고덕여염6길 199 301호 | F70: 301호 | G70: 1 | H70: 6 | I70: 익월발생예정 | J70: KC 대납
A71: 68 | B71: 46173 | C71: KC대납 관리비 | D71: 숙소가스료(05월분) | E71: 평택시 고덕여염6길 199 301호 | F71: 301호 | G71: 1 | H71: 6 | I71: 익월발생예정 | J71: KC 대납
A72: 69 | B72: 46173 | C72: KC대납 관리비 | D72: 숙소전기료(05월분) | E72: 평택시 고덕여염6길 199 301호 | F72: 301호 | G72: 1 | H72: 6 | I72: 익월발생예정 | J72: KC 대납
... A81: 78 | B81: 46173 | C81: KC대납 관리비 | D81: 숙소전기료(05월분) | E81: 평택시 함박산4길 28 301호 | F81: 301호 | G81: 1 | H81: 6 | I81: 익월발생예정 | J81: KC 대납

Sheet 식대비용
A1: 식대 비용
A2: No. | B2: 납부일 | C2: 구분 | D2: 품명 | E2: 거래처명 | F2: 수량 | G2: 식수인원 | H2: 단가 | I2: 합 계 | J2: 비 고
I3: =SUM(I4:I5) -> 30145773 | L3: 입력해야하는 항목 외 수정 금지
A4: 1 | B4: 46173 | C4: KC대납 식대 | D4: 기술인및관리자 (현장 식당) | E4: 포세카 | F4: 2676 | G4: 90 | H4: 6181.82 | I4: 16516773 | J4: KC 대납 | L4: 입력항목
A5: 2 | B5: 46173 | C5: KC대납 식대 | D5: 기술인및관리자 (현장 식당) | E5: 밥심 | F5: 1947 | G5: 79 | H5: 7000 | I5: =F5*H5 -> 13629000 | J5: KC 대납 | L5: 납부일
L6: 구분
L7: 품명
L8: 거래처명
L9: 수량
L10: 식수인원
L11: 단가
L13: ■ 구분은 [KC대납 식대 및 식대] 이외 항목은 입력금지

Sheet 기타비용
A1: 기타 비용
A2: No. | B2: 구매일 | C2: 구분 | D2: 품명 | E2: 거래처명 | F2: 수량 | G2: 단가 | H2: 합계 | I2: 비고
H3: =SUM(H4:H83) -> 5565200 | K3: 입력해야하는 항목 외 수정 금지
A4: 1 | B4: 46148 | C4: 소모품비 | D4: 번호열쇠 [XD-40,4열 [자커]] | E4: 미래공구 | F4: 10 | G4: 3600 | H4: =F4*G4 -> 36000 | I4: 거래명세서 첨부 | K4: 입력항목
A5: 2 | B5: 46148 | C5: 소모품비 | D5: 알곤게이지 [KX-3 [코리아나]] | E5: 미래공구 | F5: 4 | G5: 20000 | H5: =F5*G5 -> 80000 | I5: 거래명세서 첨부 | K5: 납부일
A6: 3 | B6: 46148 | C6: 소모품비 | D6: 장갑클립 [일반형] | E6: 미래공구 | F6: 20 | G6: 1400 | H6: =F6*G6 -> 28000 | I6: 거래명세서 첨부 | K6: 구분
A7: 4 | B7: 46148 | C7: 소모품비 | D7: 티브러쉬 [75*6.스텐 [동양]] | E7: 미래공구 | F7: 10 | G7: 4500 | H7: =F7*G7 -> 45000 | I7: 거래명세서 첨부 | K7: 품명
A8: 5 | B8: 46148 | C8: 소모품비 | D8: 밴드쏘날 [1140*13*0.65-14T [WESPA]] | E8: 미래공구 | F8: 10 | G8: 8500 | H8: =F8*G8 -> 85000 | I8: 거래명세서 첨부 | K8: 거래처명
A9: 6 | B9: 46148 | C9: 소모품비 | D9: 다이아몬드줄 [180mm,평 [삼익]] | E9: 미래공구 | F9: 5 | G9: 7800 | H9: =F9*G9 -> 39000 | I9: 거래명세서 첨부 | K9: 수량
A10: 7 | B10: 46148 | C10: 소모품비 | D10: 다이아몬드줄 [180mm,반원 [삼익]] | E10: 미래공구 | F10: 5 | G10: 7800 | H10: =F10*G10 -> 39000 | I10: 거래명세서 첨부 | K10: 식수인원
A11: 8 | B11: 46148 | C11: 소모품비 | D11: 줄 [10",반원 [삼익]] | E11: 미래공구 | F11: 5 | G11: 18100 | H11: =F11*G11 -> 90500 | I11: 거래명세서 첨부 | K11: 단가
A12: 9 | B12: 46149 | C12: 소모품비 | D12: 추페이퍼 [100mm(2"),KELCO [3M]] | E12: 미래공구 | F12: 20 | G12: 3600 | H12: =F12*G12 -> 72000 | I12: 거래명세서 첨부
A13: 10 | B13: 46149 | C13: 소모품비 | D13: 쇼바 [BY4-365-10kg [부영]] | E13: 미래공구 | F13: 4 | G13: 10000 | H13: =F13*G13 -> 40000 | I13: 거래명세서 첨부 | K13: ■ 구분은 [KC대납 식대 및 식대] 이외 항목은 입력금지
A14: 11 | B14: 46149 | C14: 소모품비 | D14: 쇼바브라켓 [BY4-BK-1,평자 [부영]] | E14: 미래공구 | F14: 4 | G14: 1700 | H14: =F14*G14 -> 6800 | I14: 거래명세서 첨부
A15: 12 | B15: 46149 | C15: 소모품비 | D15: 쇼바브라켓 [BY4-BK-2,ㄱ자 [부영]] | E15: 미래공구 | F15: 4 | G15: 2000 | H15: =F15*G15 -> 8000 | I15: 거래명세서 첨부
A16: 13 | B16: 46149 | C16: 소모품비 | D16: 하이스드릴 [5.0mm [와이지원]] | E16: 미래공구 | F16: 5 | G16: 1900 | H16: =F16*G16 -> 9500 | I16: 거래명세서 첨부
A17: 14 | B17: 46149 | C17: 소모품비 | D17: 물파스 [90ML [현대약품]] | E17: 미래공구 | F17: 5 | G17: 3500 | H17: =F17*G17 -> 17500 | I17: 거래명세서 첨부
A18: 15 | B18: 46149 | C18: 소모품비 | D18: 귀마개 [1100,끈없음,200개 [3M]] | E18: 미래공구 | F18: 1 | G18: 40000 | H18: =F18*G18 -> 40000 | I18: 거래명세서 첨부
A19: 16 | B19: 46149 | C19: 소모품비 | D19: 케이블타이 [300mm(1봉=500개),백색 [HNS]] | E19: 미래공구 | F19: 2 | G19: 11700 | H19: =F19*G19 -> 23400 | I19: 거래명세서 첨부
A20: 17 | B20: 46149 | C20: 소모품비 | D20: 건전지 [AA,2개 [벡셀]] | E20: 미래공구 | F20: 36 | G20: 900 | H20: =F20*G20 -> 32400 | I20: 거래명세서 첨부
A21: 18 | B21: 46149 | C21: 소모품비 | D21: PP로프 [6mm*100m [HNS]] | E21: 미래공구 | F21: 1 | G21: 9600 | H21: =F21*G21 -> 9600 | I21: 거래명세서 첨부
A22: 19 | B22: 46149 | C22: 소모품비 | D22: 번호열쇠 [XD-40,4열 [자커]] | E22: 미래공구 | F22: 10 | G22: 3600 | H22: =F22*G22 -> 36000 | I22: 거래명세서 첨부
A23: 20 | B23: 46153 | C23: 소모품비 | D23: 검교정비,레이저레벨 [코라스성적서 [코텐]] | E23: 미래공구 | F23: 6 | G23: 280000 | H23: =F23*G23 -> 1680000 | I23: 거래명세서 첨부
A24: 21 | B24: 46153 | C24: 소모품비 | D24: 수리비,레이저레벨기 [코텐,RX20,유리교체] | E24: 미래공구 | F24: 1 | G24: 36000 | H24: =F24*G24 -> 36000 | I24: 거래명세서 첨부
A25: 22 | B25: 46153 | C25: 소모품비 | D25: 네임펜 [양면,흑색,12개 [모나미]] | E25: 미래공구 | F25: 2 | G25: 12400 | H25: =F25*G25 -> 24800 | I25: 거래명세서 첨부
... A83: 80 | B83: 46171 | C83: 소모품비 | D83: 알곤스위치 [스위치(뒷선300mm),CTX [크레토스]] | E83: 미래공구 | F83: 6 | G83: 2900 | H83: =F83*G83 -> 17400 | I83: 거래명세서 첨부

Sheet 서명란
B2: 현 장 확 인 | C2: 소 장 | E2: (서명)
C3: 공 사 | E3: (서명)
C4: 공 무 | E4: (서명)
G6: 사 업 부 | H6: Frontier 사업부 GNP 본부장 | I6: BOC 센터장 | J6: Frontier 사업부장
L8: 본 사 | M8: 담 당 | N8: 검 토 | O8: 검 토
Q11: 구 분 | R11: 확 인
Q12: 품 질 | R12: O O O (인)
Q13: 공 무 | R13: O O O (인)

Sheet DIA-INCH
B3: SIZE
B4: A(mm) | C4: Inch
B5: 8A | C5: 0.25
B6: 15A | C6: 0.5
B7: 20A | C7: 0.75
B8: 25A | C8: 1
B9: 32A | C9: 1.25
B10: 40A | C10: 1.5
B11: 50A | C11: 2
B12: 65A | C12: 2.5
B13: 80A | C13: 3
B14: 100A | C14: 4
B15: 110A | C15: 4
B16: 125A | C16: 5
... B27: 550A | C27: 22
