Workbook
Name _: #REF!
Name _: #REF!
Name _??_??_?C?g??: #REF!
Name _??_??_?C?g??: #REF!
Name ___DAT5: #REF!
Name ___QQ123: #REF!
Name __DAT11: #REF!
Name __DAT21: #REF!
Name __DAT22: #REF!
Name __DAT23: #REF!
Name __DAT24: #REF!
Name __DAT25: #REF!
Name __DAT26: #REF!
Name __DAT27: #REF!
Name __DAT28: #REF!
Name __P3: #REF!
Name __P4: #REF!
Name __P5: #REF!
Name __P6: #REF!
Name __PP1: #REF!
Name _0101__장비_설치공사: #REF!
Name _0201__소화_장비설치공사: #REF!
Name _1: #REF!
Name _1: #REF!
Name _1._PANEL_BD.__LP___1: #REF!
Name _1._옥외배관및장비설치공사: #REF!
Name _1_3_0Crite: #REF!
Name _10A_61: #N/A
Name _10A_62: #N/A
Name _10A_63: #N/A
Name _10A_64: #N/A
Name _10A_65: #N/A
Name _10A_66: #N/A
Name _10A_67: #N/A
Name _10A_68: #N/A
Name _10A_69: #N/A
Name _10A_70: #N/A
Name _10A_71: #N/A
Name _10A_72: #N/A
Name _10A_73: #N/A
Name _10A_74: #N/A
Name _10A_75: #N/A
Name _10A_76: #N/A
Name _10A_77: #N/A
Name _10A_78: #N/A
Name _10A_79: #N/A
Name _10A_80: #N/A
Name _10A_81: #N/A
Name _10A_82: #N/A
Name _10A_83: #N/A
Name _10A_84: #N/A
Name _10A_85: #N/A
Name _10A_86: #N/A
Name _10A_87: #N/A
Name _10A_88: #N/A
Name _10A_89: #N/A
Name _10A_90: #N/A
Name _10B_61: #N/A
Name _10B_62: #N/A
Name _10B_63: #N/A

Sheet 용역청구서 표지
B4: 용 역 청 구 서
B7: P4 Ph4 GAS 1공구 마감공사
C8: S25-004
C14: 2026년 09월
C15: ㈜태성하이텍

Sheet 용역 청구서(갑지)
A1: 용 역 청 구 서
A3: 1 | B3: 공 사 명 | C3: : | D3: ='용역청구서 표지'!$B$7 -> P4 Ph4 GAS 1공구 마감공사 | E3: ='용역청구서 표지'!$C$8 -> S25-004
A4: 2 | B4: 공 종 | C4: : | D4: 외주용역(M/M부분)
A5: 3 | B5: 계 약 금 액 | C5: : | D5: =ROUNDUP(E5,0) -> 1951000000 | E5: =집계장!I22 -> 1951000000 | F5: (VAT 별도)
A6: 4 | B6: 누 계 기 성 금 액 | C6: : | D6: =ROUNDUP(E6,0) -> 1951000000 | E6: =E7+E13 -> 1951000000 | F6: (VAT 별도)
A7: 5 | B7: 전 회 기 성 금 액 | C7: : | D7: =ROUNDUP(E7,0) -> 1750000000 | E7: =집계장!G22 -> 1750000000 | F7: (VAT 별도)
A8: 6 | B8: 금 회 기 성 금 액 | C8: : | D8: =ROUNDUP(E8,0) -> 201000000 | E8: =집계장!F22 -> 201000000 | F8: (VAT 별도)
A9: 7 | B9: 선 금 액 | C9: : | D9: =ROUNDUP(E9,0) -> 0 | E9: =[1]집계장!K20 -> 0 | F9: (VAT 별도)
A10: 8 | B10: 선 금 전 회 공 제 | C10: : | D10: =ROUNDUP(E10,0) -> 0 | E10: =[1]집계장!G20 -> 0 | F10: (VAT 별도)
A11: 9 | B11: 선 금 금 회 공 제 | C11: : | D11: =ROUNDUP(E11,0) -> 0 | E11: =[1]집계장!F20 -> 0 | F11: (VAT 별도)
A12: 10 | B12: 선 금 잔 여 금 액 | C12: : | D12: =ROUNDUP(E12,0) -> 0 | E12: =[1]집계장!L20 -> 0 | F12: (VAT 별도)
A13: 11 | B13: 금 회 청 구 금 액 | C13: : | D13: =ROUNDUP(E13,0) -> 201000000 | E13: =E8 -> 201000000 | F13: (VAT 별도)
A14: 12 | B14: 잔 여 기 성 금 액 | C14: : | D14: =ROUNDUP(E14,0) -> 0 | E14: =[1]집계장!I16 -> 0 | F14: (VAT 별도)
A15: 13 | B15: 공 정 율 | C15: : | D15: 1
A16: 14 | B16: 청 구 공 사 기 간 | C16: : | D16: 2026. 09. 01 ~ 2026. 09. 30
B18: 위 공사의 하도급에 있어서 공사설계도서, 시방서,품질관리 기준 및 약정대로 시공 되었음을 확인하오며. 만약 귀사의 현장담당의 검사에
B19: 관하여 하자가 발견된 때에는 즉시 실액배상 또는 재 시공할것을 서약하고 이에 기성 청구서를 제출합니다.
B20: 상기건과 관련하여 본 청구 이전까지의 모든 대금은 수령하였음을 확약합니다.
F21: 작 성 일 : 2026 년 09 월 30 일
F23: 상 호 : | G23: ㈜ 태성하이텍
B24: ※첨 부 : 기성내역서 1부. | F24: 주 소 : | G24: 경기도 용인시 처인구 남사면 봉명리 73-1
F25: 대표이사 : | G25: 유 태 진 | I25: (인)
D26: ㈜케이씨이앤씨 귀하

Sheet 용역 내역서(을지)
A1: 용 역 내 역 서
A2: P4 Ph4 GAS 1공구 마감공사 | G2: 단위 : 원
A3: 품 명 | B3: 규 격 | C3: 단위 | D3: 단 가 | E3: 금 회 청 구
E4: 수 량 | F4: 금 액 | G4: 비 고
A5: 고급기술인 | B5: S+ | C5: M/M | D5: 1400000 | E5: 1 | F5: =D5*E5 -> 1400000
A6: 고급기술인 | B6: S | C6: M/M | D6: 1200000 | F6: =D6*E6 -> 0
A7: 중급기술인 | B7: A+ | C7: M/M | D7: 1000000 | F7: =D7*E7 -> 0
A8: 중급기술인 | B8: A | C8: M/M | D8: 900000 | F8: =D8*E8 -> 0
A9: 중급기술인 | B9: B+ | C9: M/M | D9: 800000 | F9: =D9*E9 -> 0
A10: 중급기술인 | B10: B | C10: M/M | D10: 700000 | F10: =D10*E10 -> 0
A11: 초급 기술인 | B11: C | C11: M/M | D11: 600000 | F11: =D11*E11 -> 0
A13: 인센티브 | E13: 0.01 | F13: =SUM(F5:F11)*E13 -> 14000
A15: 총 계 | E15: =SUM(E5:E11) -> 1 | F15: =SUM(F5:F13) -> 1414000

Sheet 내역서(을지)
A1: 용 역 내 역 서
A2: P4 Ph4 GAS 1공구 마감공사 | G2: 단위 : 원
A3: 품 명 | B3: 규 격 | C3: 단위 | D3: 단 가 | E3: 금 회 청 구 | G3: 비 고
E4: 수 량 | F4: 금 액
A5: 고급기술인 | B5: S+ | C5: M/M | D5: 1400000 | E5: 37 | F5: =D5*E5 -> 51800000
A6: 고급기술인 | B6: S | C6: M/M | D6: 1200000 | E6: 36 | F6: =D6*E6 -> 43200000
A7: 중급기술인 | B7: A+ | C7: M/M | D7: 1000000 | E7: 34 | F7: =D7*E7 -> 34000000
A8: 중급기술인 | B8: A | C8: M/M | D8: 900000 | E8: 30 | F8: =D8*E8 -> 27000000
A9: 중급기술인 | B9: B+ | C9: M/M | D9: 800000 | E9: 30 | F9: =D9*E9 -> 24000000
A10: 중급기술인 | B10: B | C10: M/M | D10: 700000 | E10: 30 | F10: =D10*E10 -> 21000000
A11: 초급기술인 | B11: C | C11: M/M | D11: 600000 | F11: =D11*E11 -> 0
A13: 인센티브 | E13: 0 | F13: =SUM(F5:F11)*E13 -> 0
A15: 총 계 | E15: =SUM(E5:E14) -> 197 | F15: =SUM(F5:F14) -> 201000000

Sheet 집계장
A1: ='용역청구서 표지'!$B$7 -> P4 Ph4 GAS 1공구 마감공사
L2: ='용역청구서 표지'!$C$15 -> ㈜태성하이텍
A3: 구분 | B3: 내역 | C3: 단위 | D3: 수량 | E3: 단가 | F3: 합계 | G3: 전회기성 | H3: 금회기성 | I3: 누계기성 | J3: 비 고
A4: 1. 물량 | B4: WELDING POINT | C4: D/I | F4: =SUM('물량 내역서'!$K$5:$K$27) -> 0 | G4: 5458567000 | H4: =F4 -> 0 | I4: =G4+H4 -> 5458567000
B5: VALVE 설치비 | C5: EA | F5: =SUM('물량 내역서'!$K$28:$K$50) -> 0 | G5: 69912500 | H5: =F5 -> 0 | I5: =G5+H5 -> 69912500
B6: 인원 실투입 | C6: M/D | F6: ='근로내역 (09월)'!AP21 -> 0 | G6: 0 | H6: =F6 -> 0 | I6: =G6+H6 -> 0
A7: 2. 기타비용 | C7: 式 | F7: =D7*E7 -> 0 | G7: 7.8751935e+08 | H7: =F7 -> 0 | I7: =G7+H7 -> 7.8751935e+08
A8: 소 계 | B8: 물량 | F8: =SUM(F4:F7) -> 0 | G8: 6351023523 | H8: =F8 -> 0 | I8: =G8+H8 -> 6351023523
A9: 3. 노무비 | B9: 직접노무비 | C9: 式 | F9: ='근로내역 (09월)'!AP22 -> 0 | G9: 3677746250 | H9: =F9 -> 0 | I9: =G9+H9 -> 3677746250
A10: 4. 숙소 및 식대 | B10: 임대료+관리비 | C10: 式 | F10: =숙소임차료!I3+숙소관리비!I3 -> 0 | G10: 157140762 | H10: =F10 -> 0 | I10: =G10+H10 -> 157140762
B11: 식대 | C11: 式 | F11: =식대비용!I3 -> 0 | G11: 264903818 | H11: =F11 -> 0 | I11: =G11+H11 -> 264903818
A12: 5. 기타 공제 내역 | C12: 式 | E12: 0 | F12: =D12*E12 -> 0 | G12: 0 | H12: =F12 -> 0 | I12: =G12+H12 -> 0
A13: 소 계 | B13: 공제 | F13: =SUM(F9:F12) -> 0 | G13: =SUM(G9:G12) -> 4099790830 | H13: =F13 -> 0 | I13: =G13+H13 -> 4099790830
A14: 합 계 | B14: 기성 (물량-공제) | F14: =F8-F13 -> 0 | G14: =G8-G13 -> 2251232693 | H14: =F14 -> 0 | I14: =G14+H14 -> 2251232693
A15: 6. 유보금 | B15: 기성금*XX% | C15: 式 | F15: -201000000 | G15: 501000000 | H15: =F15 -> -201000000 | I15: =G15+H15 -> 300000000
A16: 7. 유보금 차액 | B16: 전회 누계유보금+적자 기성액 | C16: 式 | H16: =F16 -> 0 | I16: =G16+H16 -> 0
A17: 8. NEGO | B17: NEGO | C17: 式 | H17: =F17 -> 0 | I17: =G17+H17 -> 0
A18: 총 계 | B18: 최종기성 | F18: =F14-F15-F16-F17 -> 201000000 | G18: =G14-G15-G16-G17 -> 1750232693 | H18: =F18 -> 201000000 | I18: =G18+H18 -> 1951232693
A19: 선급금 | B19: 선수공제 | C19: 式 | G19: 0 | H19: =F19 -> 0 | I19: =G19+H19 -> 0 | K19: 지급 선급금 | L19: 선급금 차액
B20: 단수정리 | C20: 式 | F20: =ROUNDDOWN(F19,-5) -> 0 | H20: =F20 -> 0 | I20: =G20+H20 -> 0 | J20: 만 단위 이하 절사 | K20: 0 | L20: =K20-I20 -> 0
A21: 공제 후 실 지급액 | F21: =F18-F20 -> 201000000 | G21: =G18-G19 -> 1750232693 | H21: =F21 -> 201000000 | I21: =G21+H21 -> 1951232693
A22: 세금계산서 기준 | F22: =ROUNDDOWN(F21,-5) -> 201000000 | G22: 1750000000 | H22: =F22 -> 201000000 | I22: =G22+H22 -> 1951000000 | J22: 만 단위 이하 절사
A23: TERMS AND CONDITIONS | D23: NOTE
A24: 1. 납 기 : KCEnC 지정 납기로 별도 협의 하에 결정하는 것으로 함.
A25: 2. 지불조건 : KCEnC 지불 조건에 따름.
A26: 3. 유효기간 : 기성 제출일로 부터 30일 이내

Sheet 근로내역 (09월)
A1: 2026년 ( 09 )월 일용 노무비명세서 | AH1: 현장명 | AM1: ='용역청구서 표지'!$B$7 -> P4 Ph4 GAS 1공구 마감공사
AH2: 현장소장 | AM2: 장규철
AH3: 잡코드 | AM3: ='용역청구서 표지'!$C$8 -> S25-004
A5: 번호 | B5: 성명 | C5: 주민등록번호 | D5: 직종 | E5: 연락처(H.P) | F5: 은행명 | G5: 예금주 | H5: 계좌번호 | I5: 1 | J5: 2 | K5: 3 | L5: 4 | M5: 5 | N5: 6 | O5: 7 | P5: 8 | Q5: 9 | R5: 10 | S5: 11 | T5: 12 | U5: 13 | V5: 14 | W5: 15 | X5: 16 | Y5: 17 | Z5: 18 | AA5: 19 | AB5: 20 | AC5: 21 | AD5: 22 | AE5: 23 | AF5: 24 | AG5: 25 | AH5: 26 | AI5: 27 | AJ5: 28 | AK5: 29 | AL5: 30 | AM5: 31 | AN5: 공수 | AO5: 단가 | AP5: 총액
A6: 1 | AN6: =SUM(I6:AM6) -> 0 | AP6: =AN6*AO6 -> 0
A7: 2 | AN7: =SUM(I7:AM7) -> 0 | AP7: =AN7*AO7 -> 0
A8: 3 | AN8: =SUM(I8:AM8) -> 0 | AP8: =AN8*AO8 -> 0
A9: 4 | AN9: =SUM(I9:AM9) -> 0 | AP9: =AN9*AO9 -> 0
A10: 5 | AN10: =SUM(I10:AM10) -> 0 | AP10: =AN10*AO10 -> 0
A11: 6 | AN11: =SUM(I11:AM11) -> 0 | AP11: =AN11*AO11 -> 0
A12: 7 | AN12: =SUM(I12:AM12) -> 0 | AP12: =AN12*AO12 -> 0
A13: 8 | AN13: =SUM(I13:AM13) -> 0 | AP13: =AN13*AO13 -> 0
A14: 9 | AN14: =SUM(I14:AM14) -> 0 | AP14: =AN14*AO14 -> 0
A15: 합 계 | I15: =SUM(I6:I14) -> 0 | J15: =SUM(J6:J14) -> 0 | K15: =SUM(K6:K14) -> 0 | L15: =SUM(L6:L14) -> 0 | M15: =SUM(M6:M14) -> 0 | N15: =SUM(N6:N14) -> 0 | O15: =SUM(O6:O14) -> 0 | P15: =SUM(P6:P14) -> 0 | ... AN15: =SUM(AN6:AN14) -> 0 | AO15: =AP15/AN15 -> #DIV/0! | AP15: =SUM(AP6:AP14) -> 0
A16: 1 | AN16: =SUM(I16:AM16) -> 0 | AP16: =AN16*AO16 -> 0
A17: 2 | AN17: =SUM(I17:AM17) -> 0 | AP17: =AN17*AO17 -> 0
A18: 3 | AN18: =SUM(I18:AM18) -> 0 | AP18: =AN18*AO18 -> 0
A19: 4 | AN19: =SUM(I19:AM19) -> 0 | AP19: =AN19*AO19 -> 0
A20: 5 | AN20: =SUM(I20:AM20) -> 0 | AP20: =AN20*AO20 -> 0
A21: 추가 공사건 투입인원 합 계 | I21: =SUM(I16:I20) -> 0 | J21: =SUM(J16:J20) -> 0 | K21: =SUM(K16:K20) -> 0 | L21: =SUM(L16:L20) -> 0 | M21: =SUM(M16:M20) -> 0 | N21: =SUM(N16:N20) -> 0 | O21: =SUM(O16:O20) -> 0 | P21: =SUM(P16:P20) -> 0 | ... AN21: =SUM(AN16:AN20) -> 0 | AP21: =SUM(AP16:AP20) -> 0
A22: 총 합 계 | I22: =I15+I21 -> 0 | J22: =J15+J21 -> 0 | K22: =K15+K21 -> 0 | L22: =L15+L21 -> 0 | M22: =M15+M21 -> 0 | N22: =N15+N21 -> 0 | O22: =O15+O21 -> 0 | P22: =P15+P21 -> 0 | ... AN22: =AN15+AN21 -> 0 | AO22: =AP22/AN22 -> #DIV/0! | AP22: =AP15+AP21 -> 0

Sheet 물량 내역서
A1: 2026년 (09)월 물량 내역서
A2: ='용역청구서 표지'!$B$7 -> P4 Ph4 GAS 1공구 마감공사 | M2: 단위 : 원
A3: 품 명 | B3: 규 격 | C3: 단위 | D3: W/P 수량 | E3: 단 가 | F3: 계 약 내 역 | H3: 전 회 누 계 물 량 | J3: 금 회 물 량 | L3: 누 계 물 량
F4: D/I 수량 | G4: 금액 | H4: D/I 수량 | I4: 금액 | J4: D/I 수량 | K4: 금액 | L4: D/I 수량 | M4: 금액
A5: WEDING POINT | B5: 8A | C5: POINT | D5: 0 | E5: 437000 | F5: =L5 -> 0 | G5: =M5 -> 0 | H5: 0 | I5: 0 | J5: =$D5*'DIA-INCH'!$C5 -> 0 | K5: =$E5*$J5 -> 0 | L5: =H5+J5 -> 0 | M5: =I5+K5 -> 0
A6: WEDING POINT | B6: 15A | C6: POINT | D6: 0 | E6: 437000 | F6: =L6 -> 0 | G6: =M6 -> 0 | H6: 0 | I6: 0 | J6: =$D6*'DIA-INCH'!$C6 -> 0 | K6: =$E6*$J6 -> 0 | L6: =H6+J6 -> 0 | M6: =I6+K6 -> 0
A7: WEDING POINT | B7: 20A | C7: POINT | D7: 0 | E7: 437000 | F7: =L7 -> 0 | G7: =M7 -> 0 | H7: 0 | I7: 0 | J7: =$D7*'DIA-INCH'!$C7 -> 0 | K7: =$E7*$J7 -> 0 | L7: =H7+J7 -> 0 | M7: =I7+K7 -> 0
A8: WEDING POINT | B8: 25A | C8: POINT | D8: 0 | E8: 437000 | F8: =L8 -> 1117 | G8: =M8 -> 488129000 | H8: 1117 | I8: 488129000 | J8: =$D8*'DIA-INCH'!$C8 -> 0 | K8: =$E8*$J8 -> 0 | L8: =H8+J8 -> 1117 | M8: =I8+K8 -> 488129000
A9: WEDING POINT | B9: 32A | C9: POINT | D9: 0 | E9: 437000 | F9: =L9 -> 0 | G9: =M9 -> 0 | H9: 0 | I9: 0 | J9: =$D9*'DIA-INCH'!$C9 -> 0 | K9: =$E9*$J9 -> 0 | L9: =H9+J9 -> 0 | M9: =I9+K9 -> 0
A10: WEDING POINT | B10: 40A | C10: POINT | D10: 0 | E10: 437000 | F10: =L10 -> 469.5 | G10: =M10 -> 205171500 | H10: 469.5 | I10: 205171500 | J10: =$D10*'DIA-INCH'!$C10 -> 0 | K10: =$E10*$J10 -> 0 | L10: =H10+J10 -> 469.5 | M10: =I10+K10 -> 205171500
A11: WEDING POINT | B11: 50A | C11: POINT | D11: 0 | E11: 437000 | F11: =L11 -> 1058 | G11: =M11 -> 462346000 | H11: 1058 | I11: 462346000 | J11: =$D11*'DIA-INCH'!$C11 -> 0 | K11: =$E11*$J11 -> 0 | L11: =H11+J11 -> 1058 | M11: =I11+K11 -> 462346000
A12: WEDING POINT | B12: 65A | C12: POINT | D12: 0 | E12: 437000 | F12: =L12 -> 757.5 | G12: =M12 -> 331027500 | H12: 757.5 | I12: 331027500 | J12: =$D12*'DIA-INCH'!$C12 -> 0 | K12: =$E12*$J12 -> 0 | L12: =H12+J12 -> 757.5 | M12: =I12+K12 -> 331027500
A13: WEDING POINT | B13: 80A | C13: POINT | D13: 0 | E13: 437000 | F13: =L13 -> 639 | G13: =M13 -> 279243000 | H13: 639 | I13: 279243000 | J13: =$D13*'DIA-INCH'!$C13 -> 0 | K13: =$E13*$J13 -> 0 | L13: =H13+J13 -> 639 | M13: =I13+K13 -> 279243000
A14: WEDING POINT | B14: 100A | C14: POINT | D14: 0 | E14: 437000 | F14: =L14 -> 1292 | G14: =M14 -> 564604000 | H14: 1292 | I14: 564604000 | J14: =$D14*'DIA-INCH'!$C14 -> 0 | K14: =$E14*$J14 -> 0 | L14: =H14+J14 -> 1292 | M14: =I14+K14 -> 564604000
A15: WEDING POINT | B15: 110A | C15: POINT | D15: 0 | E15: 437000 | F15: =L15 -> 0 | G15: =M15 -> 0 | H15: 0 | I15: 0 | J15: =$D15*'DIA-INCH'!$C15 -> 0 | K15: =$E15*$J15 -> 0 | L15: =H15+J15 -> 0 | M15: =I15+K15 -> 0
A16: WEDING POINT | B16: 125A | C16: POINT | D16: 0 | E16: 437000 | F16: =L16 -> 2930 | G16: =M16 -> 1280410000 | H16: 2930 | I16: 1280410000 | J16: =$D16*'DIA-INCH'!$C16 -> 0 | K16: =$E16*$J16 -> 0 | L16: =H16+J16 -> 2930 | M16: =I16+K16 -> 1280410000
... A27: WEDING POINT | B27: 550A | C27: POINT | D27: 0 | E27: 437000 | F27: =L27 -> 0 | G27: =M27 -> 0 | H27: 0 | I27: 0 | J27: =$D27*'DIA-INCH'!$C27 -> 0 | K27: =$E27*$J27 -> 0 | L27: =H27+J27 -> 0 | M27: =I27+K27 -> 0
A28: VALVE 설치비 | B28: 8A | C28: EA | D28: 0 | E28: =$E$31*'DIA-INCH'!$C5 -> 21875 | F28: =L28 -> 0 | G28: =M28 -> 0 | H28: 0 | I28: 0 | J28: =D28 -> 0 | K28: =$J28*$E28 -> 0 | L28: =H28+J28 -> 0 | M28: =I28+K28 -> 0
A29: VALVE 설치비 | B29: 15A | C29: EA | D29: 0 | E29: =$E$31*'DIA-INCH'!$C6 -> 43750 | F29: =L29 -> 0 | G29: =M29 -> 0 | H29: 0 | I29: 0 | J29: =D29 -> 0 | K29: =$J29*$E29 -> 0 | L29: =H29+J29 -> 0 | M29: =I29+K29 -> 0
A30: VALVE 설치비 | B30: 20A | C30: EA | D30: 0 | E30: =$E$31*'DIA-INCH'!$C7 -> 65625 | F30: =L30 -> 0 | G30: =M30 -> 0 | H30: 0 | I30: 0 | J30: =D30 -> 0 | K30: =$J30*$E30 -> 0 | L30: =H30+J30 -> 0 | M30: =I30+K30 -> 0
A31: VALVE 설치비 | B31: 25A | C31: EA | D31: 0 | E31: 87500 | F31: =L31 -> 186 | G31: =M31 -> 16275000 | H31: 186 | I31: 16275000 | J31: =D31 -> 0 | K31: =$J31*$E31 -> 0 | L31: =H31+J31 -> 186 | M31: =I31+K31 -> 16275000
A32: VALVE 설치비 | B32: 32A | C32: EA | D32: 0 | E32: =$E$31*'DIA-INCH'!$C9 -> 109375 | F32: =L32 -> 90 | G32: =M32 -> 9843750 | H32: 90 | I32: 9843750 | J32: =D32 -> 0 | K32: =$J32*$E32 -> 0 | L32: =H32+J32 -> 90 | M32: =I32+K32 -> 9843750
A33: VALVE 설치비 | B33: 40A | C33: EA | D33: 0 | E33: =$E$31*'DIA-INCH'!$C10 -> 131250 | F33: =L33 -> 39 | G33: =M33 -> 5118750 | H33: 39 | I33: 5118750 | J33: =D33 -> 0 | K33: =$J33*$E33 -> 0 | L33: =H33+J33 -> 39 | M33: =I33+K33 -> 5118750
A34: VALVE 설치비 | B34: 50A | C34: EA | D34: 0 | E34: =$E$31*'DIA-INCH'!$C11 -> 175000 | F34: =L34 -> 29 | G34: =M34 -> 5075000 | H34: 29 | I34: 5075000 | J34: =D34 -> 0 | K34: =$J34*$E34 -> 0 | L34: =H34+J34 -> 29 | M34: =I34+K34 -> 5075000
A35: VALVE 설치비 | B35: 65A | C35: EA | D35: 0 | E35: =$E$31*'DIA-INCH'!$C12 -> 218750 | F35: =L35 -> 10 | G35: =M35 -> 2187500 | H35: 10 | I35: 2187500 | J35: =D35 -> 0 | K35: =$J35*$E35 -> 0 | L35: =H35+J35 -> 10 | M35: =I35+K35 -> 2187500
A36: VALVE 설치비 | B36: 80A | C36: EA | D36: 0 | E36: =$E$31*'DIA-INCH'!$C13 -> 262500 | F36: =L36 -> 34 | G36: =M36 -> 8925000 | H36: 34 | I36: 8925000 | J36: =D36 -> 0 | K36: =$J36*$E36 -> 0 | L36: =H36+J36 -> 34 | M36: =I36+K36 -> 8925000
A37: VALVE 설치비 | B37: 100A | C37: EA | D37: 0 | E37: =$E$31*'DIA-INCH'!$C14 -> 350000 | F37: =L37 -> 2 | G37: =M37 -> 700000 | H37: 2 | I37: 700000 | J37: =D37 -> 0 | K37: =$J37*$E37 -> 0 | L37: =H37+J37 -> 2 | M37: =I37+K37 -> 700000
A38: VALVE 설치비 | B38: 110A | C38: EA | D38: 0 | E38: =$E$31*'DIA-INCH'!$C15 -> 350000 | F38: =L38 -> 0 | G38: =M38 -> 0 | H38: 0 | I38: 0 | J38: =D38 -> 0 | K38: =$J38*$E38 -> 0 | L38: =H38+J38 -> 0 | M38: =I38+K38 -> 0
A39: VALVE 설치비 | B39: 125A | C39: EA | D39: 0 | E39: =$E$31*'DIA-INCH'!$C16 -> 437500 | F39: =L39 -> 43 | G39: =M39 -> 18812500 | H39: 43 | I39: 18812500 | J39: =D39 -> 0 | K39: =$J39*$E39 -> 0 | L39: =H39+J39 -> 43 | M39: =I39+K39 -> 18812500
A40: VALVE 설치비 | B40: 150A | C40: EA | D40: 0 | E40: =$E$31*'DIA-INCH'!$C17 -> 525000 | F40: =L40 -> 1 | G40: =M40 -> 525000 | H40: 1 | I40: 525000 | J40: =D40 -> 0 | K40: =$J40*$E40 -> 0 | L40: =H40+J40 -> 1 | M40: =I40+K40 -> 525000
A41: VALVE 설치비 | B41: 175A | C41: EA | D41: 0 | E41: =$E$31*'DIA-INCH'!$C18 -> 612500 | F41: =L41 -> 0 | G41: =M41 -> 0 | H41: 0 | I41: 0 | J41: =D41 -> 0 | K41: =$J41*$E41 -> 0 | L41: =H41+J41 -> 0 | M41: =I41+K41 -> 0
A42: VALVE 설치비 | B42: 200A | C42: EA | D42: 0 | E42: =$E$31*'DIA-INCH'!$C19 -> 700000 | F42: =L42 -> 1 | G42: =M42 -> 700000 | H42: 1 | I42: 700000 | J42: =D42 -> 0 | K42: =$J42*$E42 -> 0 | L42: =H42+J42 -> 1 | M42: =I42+K42 -> 700000
A43: VALVE 설치비 | B43: 225A | C43: EA | D43: 0 | E43: =$E$31*'DIA-INCH'!$C20 -> 787500 | F43: =L43 -> 0 | G43: =M43 -> 0 | H43: 0 | I43: 0 | J43: =D43 -> 0 | K43: =$J43*$E43 -> 0 | L43: =H43+J43 -> 0 | M43: =I43+K43 -> 0
... A50: VALVE 설치비 | B50: 550A | C50: EA | D50: 0 | E50: =$E$31*'DIA-INCH'!$C27 -> 1925000 | F50: =L50 -> 0 | G50: =M50 -> 0 | H50: 0 | I50: 0 | J50: =D50 -> 0 | K50: =$J50*$E50 -> 0 | L50: =H50+J50 -> 0 | M50: =I50+K50 -> 0
A51: 합 계 | F51: =SUM(F5:F50) -> 12928 | G51: =SUM(G5:G50) -> 5528479500 | H51: =SUM(H5:H50) -> 12928 | I51: =SUM(I5:I50) -> 5528479500 | J51: =SUM(J5:J50) -> 0 | K51: =SUM(K5:K50) -> 0 | L51: =SUM(L5:L50) -> 12928 | M51: =SUM(M5:M50) -> 5528479500

Sheet 용접기자재
A1: 용접 기자재
A2: No | B2: 구매일 | C2: 구분 | D2: 품명 | E2: 규격 | F2: 거래처명 | G2: 발주수량 | H2: 단가 | I2: 합계 | J2: 비고
I3: =ROUND(SUM(I4:I82),) -> 0
A4: =ROW()-3 -> 1 | L4: 입력해야하는 항목 외 수정 금지
A5: =ROW()-3 -> 2 | L5: 입력항목
A6: =ROW()-3 -> 3 | L6: 구매일
A7: =ROW()-3 -> 4 | L7: 구분
A8: =ROW()-3 -> 5 | L8: 품명
A9: =ROW()-3 -> 6 | L9: 규격
L10: 거래처명
L11: 발주수량
L12: 단가
L14: ■ 구분은 [소모성자재, 공구, 임대(공구), 안전용품, 비품] 이외 항목은 입력금지

Sheet 배관기자재
A1: 배관 기자재
A2: No | B2: 구매일 | C2: 구분 | D2: 품명 | E2: 규격 | F2: 거래처명 | G2: 발주수량 | H2: 단가 | I2: 합계 | J2: 비고
I3: =ROUND(SUM(I4:I34),) -> 0 | L3: 입력해야하는 항목 외 수정 금지
A4: =ROW()-3 -> 1 | L4: 입력항목
A5: =ROW()-3 -> 2 | L5: 구매일
A6: =ROW()-3 -> 3 | L6: 구분
A7: =ROW()-3 -> 4 | L7: 품명
A8: =ROW()-3 -> 5 | L8: 규격
A9: =ROW()-3 -> 6 | L9: 거래처명
A10: =ROW()-3 -> 7 | L10: 발주수량
A11: =ROW()-3 -> 8 | L11: 단가
A12: =ROW()-3 -> 9
N13: ■ 구분은 [소모성자재, 공구, 임대(공구), 안전용품, 비품] 이외 항목은 입력금지

Sheet 숙소임차료
A1: 숙소 임차료
A2: No. | B2: 납부일 | C2: 구분 | D2: 품명 | E2: 주소 | F2: 호수 | G2: 수량 | H2: 사용인원 | I2: 임차료 | J2: 비 고
I3: =SUM(I4:I13) -> 0 | L3: 입력해야하는 항목 외 수정 금지
A4: =ROW()-3 -> 1 | B4: 46295 | C4: KC대납 임대료 | D4: 숙소임대료(9월분) | E4: 함박산2길 32-2 | F4: 201호 | G4: 1 | I4: 0 | J4: KC 대납_9/10만기퇴실 일할계산 | L4: 납부일
L5: 구분
L6: 품명
L7: 주소
L8: 호수
L9: 수량
L10: 사용인원
L12: ■ 구분은 [KC대납 임대료 및 임대료] 이외 항목은 입력금지

Sheet 숙소관리비
A1: 숙소 관리비
A2: No. | B2: 납부일 | C2: 구분 | D2: 품명 | E2: 주소 | F2: 호수 | G2: 수량 | H2: 사용인원 | I2: 임차료 | J2: 비 고
I3: =SUM(I4:I12) -> 0
A4: =ROW()-3 -> 1 | B4: 46295 | C4: 퇴실정산 | D4: 숙소전기요금(7월) | E4: 함박산2길 32-2 | F4: 201호 | G4: 1
A5: =ROW()-3 -> 2 | B5: 46295 | C5: 퇴실정산 | D5: 숙소도시가스(7월) | E5: 함박산2길 32-2 | F5: 201호 | G5: 1
A6: =ROW()-3 -> 3 | B6: 46295 | C6: 퇴실정산 | D6: 숙소수도요금(7월) | E6: 함박산2길 32-2 | F6: 201호 | G6: 1
A7: =ROW()-3 -> 4 | B7: 46295 | C7: 퇴실정산 | D7: 청소비 | E7: 함박산2길 32-2 | F7: 201호 | G7: 1
A8: =ROW()-3 -> 5 | B8: 46295 | C8: 퇴실정산 | D8: 도배 5면 | E8: 함박산2길 32-2 | F8: 201호 | G8: 1
A9: =ROW()-3 -> 6 | B9: 46295 | C9: 퇴실정산 | D9: 벽파손 | E9: 함박산2길 32-2 | F9: 201호 | G9: 1

Sheet 식대비용
A1: 식대 비용
A2: No. | B2: 납부일 | C2: 구분 | D2: 품명 | E2: 거래처명 | F2: 수량 | G2: 식수인원 | H2: 단가 | I2: 합 계 | J2: 비 고
I3: =SUM(I4:I10) -> 0 | L3: 입력해야하는 항목 외 수정 금지
L4: 입력항목
L5: 납부일
L6: 구분
L7: 품명
L8: 거래처명
L9: 수량
L10: 식수인원
L11: 단가
L13: ■ 구분은 [KC대납 식대 및 식대] 이외 항목은 입력금지

Sheet 기타비용
A1: 기타 비용
A2: No. | B2: 구매일 | C2: 구분 | D2: 품명 | E2: 거래처명 | F2: 수량 | G2: 단가 | H2: 합계 | I2: 비고
H3: =SUM(H4:H19) -> 0 | K3: 입력해야하는 항목 외 수정 금지
K4: 입력항목
K5: 구매일
K6: 구분
K7: 품명
K8: 거래처명
K9: 수량
K10: 단가
K12: ■ 구분은 [사무용품, 소모품비, 법인카드] 이외 항목은 입력금지

Sheet 서명란
B2: 현 장 확 인 | C2: 소 장 | E2: (서명)
C3: 공 사 | E3: (서명)
C4: 공 무 | E4: (서명)
G6: 사 업 부 | H6: Frontier 사업부 GNP 본부장 | I6: BOC 센터장 | J6: Frontier 사업부장
L8: 본 사 | M8: 담 당 | N8: 검 토 | O8: 검 토
Q11: 구 분 | R11: 확 인
Q12: 품 질 | R12: O O O (인)
Q13: 공 무 | R13: O O O (인)

Sheet DIA-INCH
B3: SIZE
B4: A(mm) | C4: Inch
B5: 8A | C5: 0.25
B6: 15A | C6: 0.5
B7: 20A | C7: 0.75
B8: 25A | C8: 1
B9: 32A | C9: 1.25
B10: 40A | C10: 1.5
B11: 50A | C11: 2
B12: 65A | C12: 2.5
B13: 80A | C13: 3
B14: 100A | C14: 4
B15: 110A | C15: 4
B16: 125A | C16: 5
... B27: 550A | C27: 22
