Workbook
Name _: #REF!
Name _: #REF!
Name _??_??_?C?g??: #REF!
Name _??_??_?C?g??: #REF!
Name ___DAT1: [1]원본!#REF!
Name ___DAT10: [1]원본!#REF!
Name ___DAT12: [1]원본!#REF!
Name ___DAT13: [1]원본!#REF!
Name ___DAT14: [1]원본!#REF!
Name ___DAT15: [1]원본!#REF!
Name ___DAT16: [1]원본!#REF!
Name ___DAT17: [1]원본!#REF!
Name ___DAT18: [1]원본!#REF!
Name ___DAT19: [1]원본!#REF!
Name ___DAT2: [1]원본!#REF!
Name ___DAT20: [1]원본!#REF!
Name ___DAT3: [1]원본!#REF!
Name ___DAT4: [1]원본!#REF!
Name ___DAT5: #REF!
Name ___DAT6: [1]원본!#REF!
Name ___DAT7: [1]원본!#REF!
Name ___DAT8: [1]원본!#REF!
Name ___DAT9: [1]원본!#REF!
Name ___QQ123: #REF!
Name __DAT11: #REF!
Name __DAT21: #REF!
Name __DAT22: #REF!
Name __DAT23: #REF!
Name __DAT24: #REF!
Name __DAT25: #REF!
Name __DAT26: #REF!
Name __DAT27: #REF!
Name __DAT28: #REF!
Name __P3: #REF!
Name __P4: #REF!
Name __P5: #REF!
Name __P6: #REF!
Name __PP1: #REF!
Name _0101__장비_설치공사: #REF!
Name _0201__소화_장비설치공사: #REF!
Name _1: #REF!
Name _1: #REF!
Name _1._PANEL_BD.__LP___1: #REF!
Name _1._옥외배관및장비설치공사: #REF!
Name _1_3_0Crite: #REF!
Name _10: [7]고정1!$A$416:$L$458
Name _10A_61: #N/A
Name _10A_62: #N/A
Name _10A_63: #N/A
Name _10A_64: #N/A
Name _10A_65: #N/A
Name _10A_66: #N/A
Name _10A_67: #N/A
Name _10A_68: #N/A
Name _10A_69: #N/A
Name _10A_70: #N/A
Name _10A_71: #N/A
Name _10A_72: #N/A
Name _10A_73: #N/A
Name _10A_74: #N/A

Sheet 용역청구서 표지
B4: 용 역 청 구 서
B7: P4 Ph4 GAS 1공구 마감공사
C8: S25-004
C14: 2026년 09월
C15: 대성이엔지

Sheet 용역 청구서(갑지)
A1: 용 역 청 구 서
A3: 1 | B3: 공 사 명 | C3: : | D3: ='용역청구서 표지'!$B$7 -> P4 Ph4 GAS 1공구 마감공사 | E3: ='용역청구서 표지'!$C$8 -> S25-004
A4: 2 | B4: 공 종 | C4: : | D4: 외주용역(M/M부분)
A5: 3 | B5: 계 약 금 액 | C5: : | D5: =ROUNDUP(E5,0) -> 1140000000 | E5: =집계장!I22 -> 1140000000 | F5: (VAT 별도)
A6: 4 | B6: 누 계 기 성 금 액 | C6: : | D6: =ROUNDUP(E6,0) -> 1140000000 | E6: =E7+E13 -> 1140000000 | F6: (VAT 별도)
A7: 5 | B7: 전 회 기 성 금 액 | C7: : | D7: =ROUNDUP(E7,0) -> 1090000000 | E7: =집계장!G22 -> 1090000000 | F7: (VAT 별도)
A8: 6 | B8: 금 회 기 성 금 액 | C8: : | D8: =ROUNDUP(E8,0) -> 50000000 | E8: =집계장!F22 -> 50000000 | F8: (VAT 별도)
A9: 7 | B9: 선 금 액 | C9: : | D9: =ROUNDUP(E9,0) -> 0 | E9: =집계장!K20 -> 0 | F9: (VAT 별도)
A10: 8 | B10: 선 금 전 회 공 제 | C10: : | D10: =ROUNDUP(E10,0) -> 0 | E10: =집계장!G20 -> 0 | F10: (VAT 별도)
A11: 9 | B11: 선 금 금 회 공 제 | C11: : | D11: =ROUNDUP(E11,0) -> 0 | E11: =집계장!F20 -> 0 | F11: (VAT 별도)
A12: 10 | B12: 선 금 잔 여 금 액 | C12: : | D12: =ROUNDUP(E12,0) -> 0 | E12: =집계장!L20 -> 0 | F12: (VAT 별도)
A13: 11 | B13: 금 회 청 구 금 액 | C13: : | D13: =ROUNDUP(E13,0) -> 50000000 | E13: =집계장!F22 -> 50000000 | F13: (VAT 별도)
A14: 12 | B14: 잔 여 기 성 금 액 | C14: : | D14: =ROUNDUP(E14,0) -> 0 | E14: 0 | F14: (VAT 별도)
A15: 13 | B15: 공 정 율 | C15: : | D15: 1
A16: 14 | B16: 청 구 공 사 기 간 | C16: : | D16: 2026. 09. 01 ~ 2026. 09. 30
B18: 위 공사의 하도급에 있어서 공사설계도서, 시방서,품질관리 기준 및 약정대로 시공 되었음을 확인하오며. 만약 귀사의 현장담당의 검사에
B19: 관하여 하자가 발견된 때에는 즉시 실액배상 또는 재 시공할것을 서약하고 이에 기성 청구서를 제출합니다.
B20: 상기건과 관련하여 본 청구 이전까지의 모든 대금은 수령하였음을 확약합니다.
F21: 작 성 일 : 2026 년 09 월 30 일
F23: 상 호 : | G23: 대성이엔지
B24: ※첨 부 : 기성내역서 1부. | F24: 주 소 : | G24: 경기도 파주시 파주읍 주라위길 380
F25: 대표이사 : | G25: 정 성 기 | I25: (인)
D26: ㈜케이씨이앤씨 귀하

Sheet 용역 내역서(을지)
A1: 용 역 내 역 서
A2: P4 Ph4 GAS 1공구 마감공사 | G2: 단위 : 원
A3: 품 명 | B3: 규 격 | C3: 단위 | D3: 단 가 | E3: 금 회 청 구
E4: 수 량 | F4: 금 액 | G4: 비 고
A5: 고급기술인 | B5: S+ | C5: M/M | D5: 1400000 | E5: 1 | F5: =D5*E5 -> 1400000
A6: 고급기술인 | B6: S | C6: M/M | D6: 1200000 | F6: =D6*E6 -> 0
A7: 중급기술인 | B7: A+ | C7: M/M | D7: 1000000 | F7: =D7*E7 -> 0
A8: 중급기술인 | B8: A | C8: M/M | D8: 900000 | F8: =D8*E8 -> 0
A9: 중급기술인 | B9: B+ | C9: M/M | D9: 800000 | F9: =D9*E9 -> 0
A10: 중급기술인 | B10: B | C10: M/M | D10: 700000 | F10: =D10*E10 -> 0
A11: 초급 기술인 | B11: C | C11: M/M | D11: 600000 | F11: =D11*E11 -> 0
A13: 인센티브 | E13: 0.01 | F13: =SUM(F5:F11)*E13 -> 14000
A15: 총 계 | E15: =SUM(E5:E11) -> 1 | F15: =SUM(F5:F13) -> 1414000

Sheet 내역서(을지)
A1: 용 역 내 역 서
A2: =집계장!A1 -> P4 Ph4 GAS 1공구 마감공사 | G2: 단위 : 원
A3: 품 명 | B3: 규 격 | C3: 단위 | D3: 단 가 | E3: 금 회 청 구 | G3: 비 고
E4: 수 량 | F4: 금 액
A5: 고급기술인 | B5: S+ | C5: M/M | D5: 1400000 | E5: 10 | F5: =D5*E5 -> 14000000
A6: 고급기술인 | B6: S | C6: M/M | D6: 1200000 | E6: 10 | F6: =D6*E6 -> 12000000
A7: 중급기술인 | B7: A+ | C7: M/M | D7: 1000000 | E7: 15 | F7: =D7*E7 -> 15000000
A8: 중급기술인 | B8: A | C8: M/M | D8: 900000 | E8: 10 | F8: =D8*E8 -> 9000000
A9: 중급기술인 | B9: B+ | C9: M/M | D9: 800000 | F9: =D9*E9 -> 0
A10: 중급기술인 | B10: B | C10: M/M | D10: 700000 | F10: =D10*E10 -> 0
A11: 초급기술인 | B11: C | C11: M/M | D11: 600000 | F11: =D11*E11 -> 0
A14: 총 계 | E14: =SUM(E5:E11) -> 45 | F14: =SUM(F5:F13) -> 50000000

Sheet 집계장
A1: ='용역청구서 표지'!$B$7 -> P4 Ph4 GAS 1공구 마감공사
L2: ='용역청구서 표지'!$C$15 -> 대성이엔지
A3: 구분 | B3: 내역 | C3: 단위 | D3: 수량 | E3: 단가 | F3: 합계 | G3: 전회기성 | H3: 금회기성 | I3: 누계기성 | J3: 비 고
A4: 1. 물량 | B4: WELDING POINT | C4: D/I | D4: =SUM('물량 내역서'!$J$5:$J$27) -> 0 | E4: =F4/D4 -> #DIV/0! | F4: =SUM('물량 내역서'!$K$5:$K$27) -> 0 | G4: 3376181250 | H4: =F4 -> 0 | I4: =G4+H4 -> 3376181250
B5: VALVE 설치비 | C5: EA | D5: =SUM('물량 내역서'!$J$28:$J$50) -> 0 | E5: =F5/D5 -> #DIV/0! | F5: =SUM('물량 내역서'!$K$28:$K$50) -> 0 | G5: 750000 | H5: =F5 -> 0 | I5: =G5+H5 -> 750000
B6: 인원 실투입 | C6: M/D | D6: 269.125 | E6: 250000 | F6: =D6*E6 -> 67281250 | G6: 0 | H6: =F6 -> 67281250 | I6: =G6+H6 -> 67281250 | J6: 공사용배관철거작업
A7: 2. 기타비용 | B7: 사내화 할증 | C7: 式 | F7: =ROUND(F6*10%,0) -> 6728125 | G7: 336991097 | H7: =F7 -> 6728125 | I7: =G7+H7 -> 343719222
A8: 소 계 | B8: 물량 | F8: =SUM(F4:F7) -> 74009375 | G8: =SUM(G4:G7) -> 3713922347 | H8: =F8 -> 74009375 | I8: =G8+H8 -> 3787931722
A9: 3. 노무비 | B9: 직접노무비 | C9: 式 | D9: ='근로내역 (09월)'!AM21 -> 269.125 | E9: =F9/D9 -> 220636.32 | F9: ='근로내역 (09월)'!AO21 -> 59378750 | G9: 2257007200 | H9: =F9 -> 59378750 | I9: =G9+H9 -> 2316385950
A10: 4. 숙소 및 식대 | B10: 임대료+관리비 | C10: 式 | D10: =SUM(숙소임차료!H5:H6)+SUM(숙소관리비!H7:H17) -> 40 | E10: =F10/D10 -> 231821.5 | F10: =숙소임차료!I3+숙소관리비!I3 -> 9272860 | G10: 121976030 | H10: =F10 -> 9272860 | I10: =G10+H10 -> 131248890
B11: 식대 | C11: 式 | D11: =SUM(식대비용!G4:G4) -> 10 | E11: =F11/D11 -> 418545.5 | F11: =식대비용!I3 -> 4185455 | G11: 146400456 | H11: =F11 -> 4185455 | I11: =G11+H11 -> 150585911
A12: 5. 기타 공제 내역 | C12: 式 | E12: 0 | F12: =D12*E12 -> 0 | H12: =F12 -> 0 | I12: =G12+H12 -> 0
A13: 소 계 | B13: 공제 | F13: =SUM(F9:F12) -> 72837065 | G13: =SUM(G9:G12) -> 2525383686 | H13: =F13 -> 72837065 | I13: =G13+H13 -> 2598220751
A14: 합 계 | B14: 기성 (물량-공제) | F14: =F8-F13 -> 1172310 | G14: =G8-G13 -> 1188538661 | H14: =F14 -> 1172310 | I14: =G14+H14 -> 1189710971
A15: 6. 유보금 | B15: 기성금*XX% | C15: 式 | F15: -48900000 | G15: 98300000 | H15: =F15 -> -48900000 | I15: =G15+H15 -> 49400000 | N15: 649238540
A16: 7. 유보금 차액 | B16: 전회 누계유보금+적자 기성액 | C16: 式 | H16: =F16 -> 0 | I16: =G16+H16 -> 0
A17: 8. NEGO | B17: NEGO | C17: 式 | H17: =F17 -> 0 | I17: =G17+H17 -> 0
A18: 총 계 | B18: 최종기성 | F18: =F14-F15-F16-F17 -> 50072310 | G18: =G14-G15 -> 1090238661 | H18: =F18 -> 50072310 | I18: =G18+H18 -> 1140310971
A19: 선급금 | B19: 선수공제 | C19: 式 | F19: 0 | H19: =F19 -> 0 | I19: =G19+H19 -> 0 | K19: 지급 선급금 | L19: 선급금 차액
B20: 단수정리 | C20: 式 | F20: =ROUNDDOWN(F19,-5) -> 0 | H20: =F20 -> 0 | I20: =G20+H20 -> 0 | J20: 만 단위 이하 절사 | K20: 0 | L20: =K20-I20 -> 0
A21: 공제 후 실 지급액 | F21: =F18-F20 -> 50072310 | G21: =G18 -> 1090238661 | H21: =F21 -> 50072310 | I21: =G21+H21 -> 1140310971
A22: 세금계산서 기준 | F22: =ROUNDDOWN(F21,-5) -> 50000000 | G22: 1090000000 | H22: =F22 -> 50000000 | I22: =G22+H22 -> 1140000000 | J22: 만 단위 이하 절사
A23: TERMS AND CONDITIONS | D23: NOTE
A24: 1. 납 기 : KCEnC 지정 납기로 별도 협의 하에 결정하는 것으로 함.
A25: 2. 지불조건 : KCEnC 지불 조건에 따름.
A26: 3. 유효기간 : 기성 제출일로 부터 30일 이내

Sheet 물량 내역서
A1: 2026년 (07)월 물량 내역서
A2: ='용역청구서 표지'!$B$7 -> P4 Ph4 GAS 1공구 마감공사 | M2: 단위 : 원
A3: 품 명 | B3: 규 격 | C3: 단위 | D3: W/P 수량 | E3: 단 가 | F3: 계 약 내 역 | H3: 전 회 누 계 물 량 | J3: 금 회 물 량 | L3: 누 계 물 량
F4: D/I 수량 | G4: 금액 | H4: D/I 수량 | I4: 금액 | J4: D/I 수량 | K4: 금액 | L4: D/I 수량 | M4: 금액
A5: WEDING POINT | B5: 8A | C5: POINT | E5: 475000 | F5: =L5 -> 0 | G5: =M5 -> 0 | J5: =$D5*'DIA-INCH'!$C5 -> 0 | K5: =$E5*$J5 -> 0 | L5: =H5+J5 -> 0 | M5: =I5+K5 -> 0
A6: WEDING POINT | B6: 15A | C6: POINT | E6: 475000 | F6: =L6 -> 0 | G6: =M6 -> 0 | J6: =$D6*'DIA-INCH'!$C6 -> 0 | K6: =$E6*$J6 -> 0 | L6: =H6+J6 -> 0 | M6: =I6+K6 -> 0
A7: WEDING POINT | B7: 20A | C7: POINT | E7: 475000 | F7: =L7 -> 158.25 | G7: =M7 -> 75168750 | H7: 158.25 | I7: 75168750 | J7: =$D7*'DIA-INCH'!$C7 -> 0 | K7: =$E7*$J7 -> 0 | L7: =H7+J7 -> 158.25 | M7: =I7+K7 -> 75168750
A8: WEDING POINT | B8: 25A | C8: POINT | E8: 475000 | F8: =L8 -> 1466 | G8: =M8 -> 696350000 | H8: 1466 | I8: 696350000 | J8: =$D8*'DIA-INCH'!$C8 -> 0 | K8: =$E8*$J8 -> 0 | L8: =H8+J8 -> 1466 | M8: =I8+K8 -> 696350000
A9: WEDING POINT | B9: 32A | C9: POINT | E9: 475000 | F9: =L9 -> 0 | G9: =M9 -> 0 | H9: 0 | I9: 0 | J9: =$D9*'DIA-INCH'!$C9 -> 0 | K9: =$E9*$J9 -> 0 | L9: =H9+J9 -> 0 | M9: =I9+K9 -> 0
A10: WEDING POINT | B10: 40A | C10: POINT | E10: 475000 | F10: =L10 -> 205.5 | G10: =M10 -> 97612500 | H10: 205.5 | I10: 97612500 | J10: =$D10*'DIA-INCH'!$C10 -> 0 | K10: =$E10*$J10 -> 0 | L10: =H10+J10 -> 205.5 | M10: =I10+K10 -> 97612500
A11: WEDING POINT | B11: 50A | C11: POINT | E11: 475000 | F11: =L11 -> 574 | G11: =M11 -> 272650000 | H11: 574 | I11: 272650000 | J11: =$D11*'DIA-INCH'!$C11 -> 0 | K11: =$E11*$J11 -> 0 | L11: =H11+J11 -> 574 | M11: =I11+K11 -> 272650000
A12: WEDING POINT | B12: 65A | C12: POINT | E12: 475000 | F12: =L12 -> 770 | G12: =M12 -> 365750000 | H12: 770 | I12: 365750000 | J12: =$D12*'DIA-INCH'!$C12 -> 0 | K12: =$E12*$J12 -> 0 | L12: =H12+J12 -> 770 | M12: =I12+K12 -> 365750000
A13: WEDING POINT | B13: 80A | C13: POINT | E13: 475000 | F13: =L13 -> 1284 | G13: =M13 -> 609900000 | H13: 1284 | I13: 609900000 | J13: =$D13*'DIA-INCH'!$C13 -> 0 | K13: =$E13*$J13 -> 0 | L13: =H13+J13 -> 1284 | M13: =I13+K13 -> 609900000
A14: WEDING POINT | B14: 100A | C14: POINT | E14: 475000 | F14: =L14 -> 656 | G14: =M14 -> 311600000 | H14: 656 | I14: 311600000 | J14: =$D14*'DIA-INCH'!$C14 -> 0 | K14: =$E14*$J14 -> 0 | L14: =H14+J14 -> 656 | M14: =I14+K14 -> 311600000
A15: WEDING POINT | B15: 110A | C15: POINT | E15: 475000 | F15: =L15 -> 0 | G15: =M15 -> 0 | H15: 0 | I15: 0 | J15: =$D15*'DIA-INCH'!$C15 -> 0 | K15: =$E15*$J15 -> 0 | L15: =H15+J15 -> 0 | M15: =I15+K15 -> 0
A16: WEDING POINT | B16: 125A | C16: POINT | E16: 475000 | F16: =L16 -> 320 | G16: =M16 -> 152000000 | H16: 320 | I16: 152000000 | J16: =$D16*'DIA-INCH'!$C16 -> 0 | K16: =$E16*$J16 -> 0 | L16: =H16+J16 -> 320 | M16: =I16+K16 -> 152000000
A17: WEDING POINT | B17: 150A | C17: POINT | E17: 475000 | F17: =L17 -> 450 | G17: =M17 -> 213750000 | H17: 450 | I17: 213750000 | J17: =$D17*'DIA-INCH'!$C17 -> 0 | K17: =$E17*$J17 -> 0 | L17: =H17+J17 -> 450 | M17: =I17+K17 -> 213750000
A18: WEDING POINT | B18: 175A | C18: POINT | E18: 475000 | F18: =L18 -> 0 | G18: =M18 -> 0 | H18: 0 | I18: 0 | J18: =$D18*'DIA-INCH'!$C18 -> 0 | K18: =$E18*$J18 -> 0 | L18: =H18+J18 -> 0 | M18: =I18+K18 -> 0
... A27: WEDING POINT | B27: 550A | C27: POINT | E27: 475000 | F27: =L27 -> 0 | G27: =M27 -> 0 | H27: 0 | I27: 0 | J27: =$D27*'DIA-INCH'!$C27 -> 0 | K27: =$E27*$J27 -> 0 | L27: =H27+J27 -> 0 | M27: =I27+K27 -> 0
A28: VALVE 설치비 | B28: 8A | C28: EA | E28: =$E$31*'DIA-INCH'!$C5 -> 12500 | F28: =L28 -> 0 | G28: =M28 -> 0 | H28: 0 | I28: 0 | J28: =D28 -> 0 | K28: =$J28*$E28 -> 0 | L28: =H28+J28 -> 0 | M28: =I28+K28 -> 0
A29: VALVE 설치비 | B29: 15A | C29: EA | D29: 0 | E29: =$E$31*'DIA-INCH'!$C6 -> 25000 | F29: =L29 -> 0 | G29: =M29 -> 0 | H29: 0 | I29: 0 | J29: =D29 -> 0 | K29: =$J29*$E29 -> 0 | L29: =H29+J29 -> 0 | M29: =I29+K29 -> 0
A30: VALVE 설치비 | B30: 20A | C30: EA | D30: 0 | E30: =$E$31*'DIA-INCH'!$C7 -> 37500 | F30: =L30 -> 0 | G30: =M30 -> 0 | H30: 0 | I30: 0 | J30: =D30 -> 0 | K30: =$J30*$E30 -> 0 | L30: =H30+J30 -> 0 | M30: =I30+K30 -> 0
A31: VALVE 설치비 | B31: 25A | C31: EA | D31: 0 | E31: 50000 | F31: =L31 -> 3 | G31: =M31 -> 150000 | H31: 3 | I31: 150000 | J31: =D31 -> 0 | K31: =$J31*$E31 -> 0 | L31: =H31+J31 -> 3 | M31: =I31+K31 -> 150000
A32: VALVE 설치비 | B32: 32A | C32: EA | D32: 0 | E32: =$E$31*'DIA-INCH'!$C9 -> 62500 | F32: =L32 -> 0 | G32: =M32 -> 0 | H32: 0 | I32: 0 | J32: =D32 -> 0 | K32: =$J32*$E32 -> 0 | L32: =H32+J32 -> 0 | M32: =I32+K32 -> 0
A33: VALVE 설치비 | B33: 40A | C33: EA | D33: 0 | E33: =$E$31*'DIA-INCH'!$C10 -> 75000 | F33: =L33 -> 0 | G33: =M33 -> 0 | H33: 0 | I33: 0 | J33: =D33 -> 0 | K33: =$J33*$E33 -> 0 | L33: =H33+J33 -> 0 | M33: =I33+K33 -> 0
A34: VALVE 설치비 | B34: 50A | C34: EA | D34: 0 | E34: =$E$31*'DIA-INCH'!$C11 -> 100000 | F34: =L34 -> 6 | G34: =M34 -> 600000 | H34: 6 | I34: 600000 | J34: =D34 -> 0 | K34: =$J34*$E34 -> 0 | L34: =H34+J34 -> 6 | M34: =I34+K34 -> 600000
A35: VALVE 설치비 | B35: 65A | C35: EA | D35: 0 | E35: =$E$31*'DIA-INCH'!$C12 -> 125000 | F35: =L35 -> 0 | G35: =M35 -> 0 | J35: =D35 -> 0 | K35: =$J35*$E35 -> 0 | L35: =H35+J35 -> 0 | M35: =I35+K35 -> 0
A36: VALVE 설치비 | B36: 80A | C36: EA | D36: 0 | E36: =$E$31*'DIA-INCH'!$C13 -> 150000 | F36: =L36 -> 0 | G36: =M36 -> 0 | J36: =D36 -> 0 | K36: =$J36*$E36 -> 0 | L36: =H36+J36 -> 0 | M36: =I36+K36 -> 0
A37: VALVE 설치비 | B37: 100A | C37: EA | D37: 0 | E37: =$E$31*'DIA-INCH'!$C14 -> 200000 | F37: =L37 -> 0 | G37: =M37 -> 0 | J37: =D37 -> 0 | K37: =$J37*$E37 -> 0 | L37: =H37+J37 -> 0 | M37: =I37+K37 -> 0
A38: VALVE 설치비 | B38: 110A | C38: EA | D38: 0 | E38: =$E$31*'DIA-INCH'!$C15 -> 200000 | F38: =L38 -> 0 | G38: =M38 -> 0 | J38: =D38 -> 0 | K38: =$J38*$E38 -> 0 | L38: =H38+J38 -> 0 | M38: =I38+K38 -> 0
A39: VALVE 설치비 | B39: 125A | C39: EA | D39: 0 | E39: =$E$31*'DIA-INCH'!$C16 -> 250000 | F39: =L39 -> 0 | G39: =M39 -> 0 | J39: =D39 -> 0 | K39: =$J39*$E39 -> 0 | L39: =H39+J39 -> 0 | M39: =I39+K39 -> 0
A40: VALVE 설치비 | B40: 150A | C40: EA | D40: 0 | E40: =$E$31*'DIA-INCH'!$C17 -> 300000 | F40: =L40 -> 0 | G40: =M40 -> 0 | J40: =D40 -> 0 | K40: =$J40*$E40 -> 0 | L40: =H40+J40 -> 0 | M40: =I40+K40 -> 0
A41: VALVE 설치비 | B41: 175A | C41: EA | D41: 0 | E41: =$E$31*'DIA-INCH'!$C18 -> 350000 | F41: =L41 -> 0 | G41: =M41 -> 0 | J41: =D41 -> 0 | K41: =$J41*$E41 -> 0 | L41: =H41+J41 -> 0 | M41: =I41+K41 -> 0
A42: VALVE 설치비 | B42: 200A | C42: EA | D42: 0 | E42: =$E$31*'DIA-INCH'!$C19 -> 400000 | F42: =L42 -> 0 | G42: =M42 -> 0 | J42: =D42 -> 0 | K42: =$J42*$E42 -> 0 | L42: =H42+J42 -> 0 | M42: =I42+K42 -> 0
A43: VALVE 설치비 | B43: 225A | C43: EA | D43: 0 | E43: =$E$31*'DIA-INCH'!$C20 -> 450000 | F43: =L43 -> 0 | G43: =M43 -> 0 | J43: =D43 -> 0 | K43: =$J43*$E43 -> 0 | L43: =H43+J43 -> 0 | M43: =I43+K43 -> 0
A44: VALVE 설치비 | B44: 250A | C44: EA | D44: 0 | E44: =$E$31*'DIA-INCH'!$C21 -> 500000 | F44: =L44 -> 0 | G44: =M44 -> 0 | J44: =D44 -> 0 | K44: =$J44*$E44 -> 0 | L44: =H44+J44 -> 0 | M44: =I44+K44 -> 0
A45: VALVE 설치비 | B45: 300A | C45: EA | D45: 0 | E45: =$E$31*'DIA-INCH'!$C22 -> 600000 | F45: =L45 -> 0 | G45: =M45 -> 0 | J45: =D45 -> 0 | K45: =$J45*$E45 -> 0 | L45: =H45+J45 -> 0 | M45: =I45+K45 -> 0
A46: VALVE 설치비 | B46: 350A | C46: EA | D46: 0 | E46: =$E$31*'DIA-INCH'!$C23 -> 700000 | F46: =L46 -> 0 | G46: =M46 -> 0 | J46: =D46 -> 0 | K46: =$J46*$E46 -> 0 | L46: =H46+J46 -> 0 | M46: =I46+K46 -> 0
... A50: VALVE 설치비 | B50: 550A | C50: EA | D50: 0 | E50: =$E$31*'DIA-INCH'!$C27 -> 1100000 | F50: =L50 -> 0 | G50: =M50 -> 0 | J50: =D50 -> 0 | K50: =$J50*$E50 -> 0 | L50: =H50+J50 -> 0 | M50: =I50+K50 -> 0
A51: 합 계 | F51: =SUM(F5:F50) -> 7116.75 | G51: =SUM(G5:G50) -> 3376931250 | H51: =SUM(H5:H50) -> 7116.75 | I51: =SUM(I5:I50) -> 3376931250 | J51: =SUM(J5:J50) -> 0 | K51: =SUM(K5:K50) -> 0 | L51: =SUM(L5:L50) -> 7116.75 | M51: =SUM(M5:M50) -> 3376931250

Sheet 근로내역 (09월)
A1: 2026년 ( 09 )월 일용 노무비명세서 | AH1: 현장명 | AL1: P4 PH4 GAS 1공구
AH2: 현장소장 | AL2: 김경봉 소장
AH3: 잡코드 | AL3: S25-004
AM4: =+SUBTOTAL(9,AM6:AM20) -> 269.125 | AN4: =AVERAGE(AN6:AN20) -> 220666.67 | AO4: =+SUBTOTAL(9,AO6:AO20) -> 59378750
A5: 번호 | B5: 성명 | C5: 주민등록번호 | D5: 직종 | E5: 연락처(H.P) | F5: 은행명 | G5: 예금주 | H5: 계좌번호 | I5: 1 | J5: 2 | K5: 3 | L5: 4 | M5: 5 | N5: 6 | O5: 7 | P5: 8 | Q5: 9 | R5: 10 | S5: 11 | T5: 12 | U5: 13 | V5: 14 | W5: 15 | X5: 16 | Y5: 17 | Z5: 18 | AA5: 19 | AB5: 20 | AC5: 21 | AD5: 22 | AE5: 23 | AF5: 24 | AG5: 25 | AH5: 26 | AI5: 27 | AJ5: 28 | AK5: 29 | AL5: 30 | AM5: 공수 | AN5: 단가 | AO5: 총액 | AP5: 업체 | AQ5: 비고
A6: 1 | B6: 강대민 | C6: 830328-1536322 | D6: 배관공 | E6: 010-7129-4947 | F6: 농협 | G6: 강대민 | H6: 352-1139-6305-23 | I6: 1 | J6: 1 | K6: 1 | L6: 1 | O6: 1 | P6: 1 | Q6: 1 | R6: 1 | V6: 1 | W6: 1 | X6: 0.5 | Y6: 1 | Z6: 1 | AC6: 1 | AD6: 1 | AJ6: 1 | AK6: 1 | AL6: 1 | AM6: =SUM(I6:AL6) -> 17.5 | AN6: 260000 | AO6: =AM6*AN6 -> 4550000 | AP6: 대성 | AQ6: 일용
A7: 2 | B7: 고용철 | C7: 820421-1231211 | D7: 도비공 | E7: 010-8727-8563 | F7: 농협 | G7: 고용철 | H7: 352-0319-3536-53 | I7: 1 | J7: 1 | K7: 1 | L7: 1 | O7: 1 | P7: 1 | Q7: 1 | R7: 0.25 | S7: 1 | V7: 1 | W7: 1 | Y7: 1 | Z7: 1 | AC7: 1 | AD7: 1 | AM7: =SUM(I7:AL7) -> 14.25 | AN7: 230000 | AO7: =AM7*AN7 -> 3277500 | AP7: 대성 | AQ7: 일용
A8: 3 | B8: 김도훈 | C8: 811123-1847011 | D8: 배관공 | E8: 010-2780-2424 | F8: 카카오 | G8: 김도훈 | H8: 3333-03-0267267 | I8: 1 | J8: 1 | K8: 1 | L8: 1 | O8: 1 | P8: 1 | Q8: 1 | R8: 1 | S8: 1 | V8: 1 | W8: 1 | X8: 1 | Y8: 1 | Z8: 1 | AC8: 1 | AD8: 1 | AJ8: 1 | AK8: 1 | AL8: 1 | AM8: =SUM(I8:AL8) -> 19 | AN8: 220000 | AO8: =AM8*AN8 -> 4180000 | AP8: 대성 | AQ8: 일용
A9: 4 | B9: 김정자 | C9: 691109-2581611 | D9: 보통인부 | E9: 010-8347-1457 | F9: 농협 | G9: 김정자 | H9: 352-0865-6722-63 | I9: 1 | J9: 1 | K9: 1 | L9: 1 | O9: 1 | P9: 1 | Q9: 1 | R9: 1 | S9: 1 | V9: 1 | W9: 1 | X9: 1 | Y9: 1 | Z9: 1 | AC9: 1 | AD9: 1 | AJ9: 1 | AK9: 1 | AL9: 1 | AM9: =SUM(I9:AL9) -> 19 | AN9: 200000 | AO9: =AM9*AN9 -> 3800000 | AP9: 대성 | AQ9: 일용
A10: 5 | B10: 김창우 | C10: 751012-1143412 | D10: 보통인부 | E10: 010-4761-8752 | F10: 국민 | G10: 김창우 | H10: 201301-04-324384 | I10: 1 | J10: 1 | K10: 1 | L10: 1 | O10: 1 | P10: 1 | Q10: 1 | R10: 1 | S10: 1 | V10: 1 | W10: 1 | X10: 1 | Y10: 1 | Z10: 1 | AC10: 1 | AD10: 1 | AJ10: 1 | AK10: 1 | AL10: 1 | AM10: =SUM(I10:AL10) -> 19 | AN10: 200000 | AO10: =AM10*AN10 -> 3800000 | AP10: 대성 | AQ10: 일반
A11: 6 | B11: 김철 | C11: 761102-1565911 | D11: 공사보조 | E11: 010-5534-8412 | F11: 신한 | G11: 김철 | H11: 110-470-878920 | J11: 1 | K11: 1 | L11: 1 | O11: 1 | P11: 1 | Q11: 1 | R11: 1 | S11: 1 | V11: 1 | W11: 1 | X11: 1 | Y11: 1 | Z11: 1 | AC11: 1 | AD11: 1 | AJ11: 1 | AK11: 1 | AL11: 1 | AM11: =SUM(I11:AL11) -> 18 | AN11: 270000 | AO11: =AM11*AN11 -> 4860000 | AP11: 대성 | AQ11: 일용
A12: 7 | B12: 김현 | C12: 700121-1017419 | D12: 배관공 | E12: 010-8977-3427 | F12: 우리 | G12: 김현 | H12: 114-158637-02-101 | I12: 1 | J12: 1 | K12: 1 | L12: 1 | P12: 1 | Q12: 1 | R12: 1 | S12: 1 | V12: 1 | W12: 1 | X12: 1 | Y12: 1 | Z12: 1 | AC12: 1 | AD12: 1 | AJ12: 1 | AK12: 1 | AL12: 1 | AM12: =SUM(I12:AL12) -> 18 | AN12: 240000 | AO12: =AM12*AN12 -> 4320000 | AP12: 대성 | AQ12: 일용
A13: 8 | B13: 송낙준 | C13: 710505-1031117 | D13: 보통인부 | E13: 010-5442-3194 | F13: 국민 | G13: 송낙준 | H13: 097-21-0547-113 | I13: 1 | J13: 0.5 | K13: 1 | L13: 1 | O13: 1 | P13: 1 | Q13: 1 | R13: 1 | S13: 1 | V13: 1 | W13: 1 | X13: 1 | Y13: 1 | Z13: 1 | AC13: 1 | AD13: 1 | AJ13: 1 | AK13: 1 | AL13: 1 | AM13: =SUM(I13:AL13) -> 18.5 | AN13: 190000 | AO13: =AM13*AN13 -> 3515000 | AP13: 대성 | AQ13: 일용
A14: 9 | B14: 안은준 | C14: 780115-1650724 | D14: 보통인부 | E14: 010-7661-1451 | F14: 농협 | G14: 안은준 | H14: 352-2051-6961-13 | I14: 1 | J14: 1 | K14: 1 | L14: 1 | O14: 1 | P14: 1 | Q14: 1 | R14: 1 | S14: 1 | V14: 1 | W14: 1 | X14: 1 | Y14: 1 | Z14: 1 | AC14: 1 | AD14: 1 | AJ14: 1 | AK14: 1 | AL14: 1 | AM14: =SUM(I14:AL14) -> 19 | AN14: 190000 | AO14: =AM14*AN14 -> 3610000 | AP14: 대성 | AQ14: 일용
A15: 10 | B15: 윤지환 | C15: 770812-1100111 | D15: 공사보조 | E15: 010-6455-8718 | F15: 새마을 | G15: 윤지환 | H15: 9002-1579-4799-1 | I15: 1 | J15: 1 | K15: 1 | L15: 1 | O15: 1 | P15: 1 | Q15: 1 | R15: 1 | S15: 1 | V15: 1 | W15: 1 | X15: 1 | Y15: 1 | Z15: 1 | AC15: 1 | AD15: 1 | AJ15: 1 | AK15: 1 | AL15: 1 | AM15: =SUM(I15:AL15) -> 19 | AN15: 260000 | AO15: =AM15*AN15 -> 4940000 | AP15: 대성 | AQ15: 일용
A16: 11 | B16: 이진호 | C16: 930305-1933311 | D16: 관리보조 | E16: 010-4794-8530 | F16: 우리 | G16: 이진호 | H16: 1002-658-107464 | I16: 0.75 | J16: 1 | K16: 0.875 | L16: 0.875 | O16: 1 | P16: 1 | Q16: 1 | S16: 0.875 | V16: 1 | W16: 1 | X16: 0.5 | AC16: 1 | AD16: 0.875 | AJ16: 1 | AK16: 1 | AL16: 0.875 | AM16: =SUM(I16:AL16) -> 14.625 | AN16: 210000 | AO16: =AM16*AN16 -> 3071250 | AP16: 대성 | AQ16: 일용
A17: 12 | B17: 장인수 | C17: 830223-1155411 | D17: 보통인부 | E17: 010-6606-3253 | F17: 기업 | G17: 장인수 | H17: 115-140874-01-012 | I17: 1 | J17: 1 | K17: 1 | L17: 1 | P17: 1 | Q17: 1 | R17: 0.25 | S17: 1 | V17: 1 | W17: 1 | X17: 1 | Y17: 1 | Z17: 1 | AC17: 1 | AD17: 1 | AJ17: 1 | AK17: 1 | AL17: 1 | AM17: =SUM(I17:AL17) -> 17.25 | AN17: 180000 | AO17: =AM17*AN17 -> 3105000 | AP17: 대성 | AQ17: 일용
A18: 13 | B18: 장지윤 | C18: 810902-1798514 | D18: 안전보조 | E18: 010-6655-9570 | F18: 카카오 | G18: 장지윤 | H18: 3333-04-4587331 | I18: 1 | J18: 1 | K18: 1 | O18: 1 | P18: 1 | Q18: 1 | R18: 1 | S18: 1 | V18: 1 | W18: 1 | X18: 1 | Y18: 1 | Z18: 1 | AC18: 1 | AD18: 1 | AJ18: 1 | AK18: 1 | AL18: 1 | AM18: =SUM(I18:AL18) -> 18 | AN18: 190000 | AO18: =AM18*AN18 -> 3420000 | AP18: 대성 | AQ18: 일용
A19: 14 | B19: 조운도 | C19: 711117-1792112 | D19: 배관공 | E19: 010-9533-5211 | F19: 카카오 | G19: 조운도 | H19: 3333-20-5901574 | I19: 1 | J19: 1 | K19: 1 | L19: 1 | O19: 1 | P19: 1 | Q19: 1 | R19: 1 | S19: 1 | V19: 1 | W19: 1 | X19: 1 | Y19: 1 | Z19: 1 | AC19: 1 | AD19: 1 | AJ19: 1 | AK19: 1 | AL19: 1 | AM19: =SUM(I19:AL19) -> 19 | AN19: 240000 | AO19: =AM19*AN19 -> 4560000 | AP19: 대성 | AQ19: 일용
A20: 15 | B20: 진성훈 | C20: 730314-1023930 | D20: 공사보조 | E20: 010-5472-6177 | F20: 우리 | G20: 진성훈 | H20: 063-083414-02-501 | I20: 1 | J20: 1 | K20: 1 | L20: 1 | O20: 1 | P20: 1 | Q20: 1 | R20: 1 | S20: 1 | V20: 1 | W20: 1 | X20: 1 | Y20: 1 | Z20: 1 | AC20: 1 | AD20: 1 | AJ20: 1 | AK20: 1 | AL20: 1 | AM20: =SUM(I20:AL20) -> 19 | AN20: 230000 | AO20: =AM20*AN20 -> 4370000 | AP20: 대성 | AQ20: 일용
A21: 합 계 | I21: =SUM(I6:I20) -> 13.75 | J21: =SUM(J6:J20) -> 14.5 | K21: =SUM(K6:K20) -> 14.875 | L21: =SUM(L6:L20) -> 13.875 | M21: =SUM(M6:M20) -> 0 | N21: =SUM(N6:N20) -> 0 | O21: =SUM(O6:O20) -> 13 | P21: =SUM(P6:P20) -> 15 | ... AO21: =SUM(AO6:AO20) -> 59378750

Sheet 숙소임차료
A1: 숙소 임차료
A2: No. | B2: 납부일 | C2: 구분 | D2: 품명 | E2: 주소 | F2: 호수 | G2: 수량 | H2: 사용인원 | I2: 임차료 | J2: 비 고
I3: =SUM(I4:I9) -> 8380000
A4: 1 | B4: 46295 | C4: KC대납 임대료 | D4: 숙소임대료(09월분) | E4: 고덕 함박산3길 9, 201호 | F4: 201호 | G4: 1 | H4: 5 | I4: 1030000 | J4: KC 대납
A5: 2 | B5: 46295 | C5: KC대납 임대료 | D5: 숙소임대료(09월분) | E5: 고덕 함박산1길 16, 202호 | F5: 202호 | G5: 1 | H5: 2 | I5: 1300000 | J5: KC 대납
A6: 3 | B6: 46295 | C6: KC대납 임대료 | D6: 숙소임대료(09월분) | E6: 고덕 함박산4길 12, 301호 | F6: 301호 | G6: 1 | H6: 5 | I6: 1600000 | J6: KC 대납
A7: 4 | B7: 46295 | C7: KC대납 임대료 | D7: 숙소임대료(09월분) | E7: 고덕 함박산9길 46, 301호 | F7: 301호 | G7: 1 | H7: 2 | I7: 1500000 | J7: KC 대납
A8: 5 | B8: 46295 | C8: KC대납 임대료 | D8: 숙소임대료(09월분) | E8: 고덕여염12길12 301호 | F8: 301호 | G8: 1 | H8: 3 | I8: 1500000 | J8: KC 대납
A9: 6 | B9: 46295 | C9: KC대납 임대료 | D9: 숙소임대료(09월분) | E9: 고덕갈평7길19 302호 | F9: 302호 | G9: 1 | H9: 3 | I9: 1450000 | J9: KC 대납

Sheet 숙소관리비
A1: 숙소 관리비
A2: No. | B2: 납부일 | C2: 구분 | D2: 품명 | E2: 주소 | F2: 호수 | G2: 수량 | H2: 사용인원 | I2: 관리비 | J2: 비 고
I3: =SUM(I4:I22) -> 892860
A4: 1 | B4: 46295 | C4: KC대납 관리비 | D4: 숙소수도세(09월분) | E4: 고덕 함박산3길 9, 201호 | F4: 201호 | G4: 1 | H4: 5 | I4: 6380 | J4: KC 대납
A5: 2 | B5: 46295 | C5: KC대납 관리비 | D5: 숙소가스료(09월분) | E5: 고덕 함박산3길 9, 201호 | F5: 201호 | G5: 1 | H5: 5 | I5: 혹서기익월청구 | J5: KC 대납
A6: 3 | B6: 46295 | C6: KC대납 관리비 | D6: 숙소전기료(09월분) | E6: 고덕 함박산3길 9, 201호 | F6: 201호 | G6: 1 | H6: 5 | I6: 59010 | J6: KC 대납
A7: 4 | B7: 46295 | C7: KC대납 관리비 | D7: 숙소수도세(09월분) | E7: 고덕 함박산1길 16, 202호 | F7: 202호 | G7: 1 | H7: 2 | I7: 34040 | J7: KC 대납
A8: 5 | B8: 46295 | C8: KC대납 관리비 | D8: 숙소가스료(09월분) | E8: 고덕 함박산1길 16, 202호 | F8: 202호 | G8: 1 | H8: 2 | I8: 혹서기익월청구 | J8: KC 대납
A9: 6 | B9: 46295 | C9: KC대납 관리비 | D9: 숙소전기료(09월분) | E9: 고덕 함박산1길 16, 202호 | F9: 202호 | G9: 1 | H9: 2 | I9: 91400 | J9: KC 대납
A10: 7 | B10: 46295 | C10: KC대납 관리비 | D10: 숙소수도세(09월분) | E10: 고덕 함박산4길 12, 301호 | F10: 301호 | G10: 1 | H10: 5 | I10: 27130 | J10: KC 대납
A11: 8 | B11: 46295 | C11: KC대납 관리비 | D11: 숙소가스료(09월분) | E11: 고덕 함박산4길 12, 301호 | F11: 301호 | G11: 1 | H11: 5 | I11: 혹서기익월청구 | J11: KC 대납
A12: 9 | B12: 46295 | C12: KC대납 관리비 | D12: 숙소전기료(09월분) | E12: 고덕 함박산4길 12, 301호 | F12: 301호 | G12: 1 | H12: 5 | I12: 30550 | J12: KC 대납
A13: 10 | B13: 46295 | C13: KC대납 관리비 | D13: 숙소수도세(09월분) | E13: 고덕 함박산9길 46, 301호 | F13: 301호 | G13: 1 | H13: 2 | I13: 18480 | J13: KC 대납
A14: 11 | B14: 46295 | C14: KC대납 관리비 | D14: 숙소가스료(09월분) | E14: 고덕 함박산9길 46, 301호 | F14: 301호 | G14: 1 | H14: 2 | I14: 혹서기익월청구 | J14: KC 대납
A15: 12 | B15: 46295 | C15: KC대납 관리비 | D15: 숙소전기료(09월분) | E15: 고덕 함박산9길 46, 301호 | F15: 301호 | G15: 1 | H15: 2 | I15: 42400 | J15: KC 대납
A16: 13 | B16: 46295 | C16: KC대납 관리비 | D16: 숙소수도세(09월분) | E16: 고덕여염 12길 12, 301호 | F16: 301호 | G16: 1 | H16: 3 | I16: 1200 | J16: KC 대납
A17: 14 | B17: 46295 | C17: KC대납 관리비 | D17: 숙소가스료(09월분) | E17: 고덕여염 12길 12, 301호 | F17: 301호 | G17: 1 | H17: 3 | I17: 혹서기익월청구 | J17: KC 대납
A18: 15 | B18: 46295 | C18: KC대납 관리비 | D18: 숙소전기료(09월분) | E18: 고덕여염 12길 12, 301호 | F18: 301호 | G18: 1 | H18: 3 | I18: 익월청구 | J18: KC 대납
A19: 16 | B19: 46295 | C19: KC대납 관리비 | D19: 숙소수도세(09월분) | E19: 고덕갈평7길 19, 302호 | F19: 302호 | G19: 1 | H19: 3 | I19: 1200 | J19: KC 대납
A20: 17 | B20: 46295 | C20: KC대납 관리비 | D20: 숙소가스료(09월분) | E20: 고덕갈평7길 19, 302호 | F20: 302호 | G20: 1 | H20: 3 | I20: 혹서기익월청구 | J20: KC 대납
A21: 18 | B21: 46295 | C21: KC대납 관리비 | D21: 숙소전기료(09월분) | E21: 고덕갈평7길 19, 302호 | F21: 302호 | G21: 1 | H21: 3 | I21: 익월청구 | J21: KC 대납
A22: 18 | B22: 46295 | C22: KC대납 관리비 | D22: 이사정산 | E22: 고덕여염12길103 302호 | F22: 302호 | G22: 1 | I22: 581070 | J22: KC 대납

Sheet 식대비용
A1: 식대 비용
A2: No. | B2: 납부일 | C2: 구분 | D2: 품명 | E2: 거래처명 | F2: 수량 | G2: 식수인원 | H2: 단가 | I2: 합 계 | J2: 비 고
I3: =SUM(I4:I5) -> 4185455 | L3: 입력해야하는 항목 외 수정 금지
A4: 1 | B4: 46295 | C4: KC대납 식대 | D4: 기술인및관리자 (현장 식당) | E4: 포세카 | F4: 304 | G4: 10 | H4: 6800 | I4: 2225455 | J4: KC 대납 | L4: 입력항목
A5: 2 | B5: 46295 | C5: KC대납 식대 | D5: 기술인및관리자 (현장 식당) | E5: 밥심 | F5: 280 | G5: 10 | H5: 7000 | I5: =F5*H5 -> 1960000 | J5: KC 대납 | L5: 납부일
L6: 구분
L7: 품명
L8: 거래처명
L9: 수량
L10: 식수인원
L11: 단가
L13: ■ 구분은 [KC대납 식대 및 식대] 이외 항목은 입력금지

Sheet 기타비용
A1: 기타 비용
A2: No. | B2: 구매일 | C2: 구분 | D2: 품명 | E2: 거래처명 | F2: 수량 | G2: 단가 | H2: 합계 | I2: 비고
H3: =SUM(H4:H25) -> 1929200 | K3: 입력해야하는 항목 외 수정 금지
A4: 1 | B4: 46267 | C4: 소모품비 | D4: 컷쏘날 [21098-614G,5개입 [레녹스]] | E4: 미래공구 | F4: 10 | G4: 20000 | H4: =F4*G4 -> 200000 | I4: 거래명세서 첨부 | K4: 입력항목
A5: 2 | B5: 46267 | C5: 소모품비 | D5: 컷쏘날 [21098-9114G,5개입 [레녹스]] | E5: 미래공구 | F5: 5 | G5: 30000 | H5: =F5*G5 -> 150000 | I5: 거래명세서 첨부 | K5: 납부일
A6: 3 | B6: 46267 | C6: 소모품비 | D6: 방청유 [WD-40,360ML [BEX]] | E6: 미래공구 | F6: 5 | G6: 5500 | H6: =F6*G6 -> 27500 | I6: 거래명세서 첨부 | K6: 구분
A7: 4 | B7: 46267 | C7: 소모품비 | D7: 스티커제거제 [PIC10,420ML [3M]] | E7: 미래공구 | F7: 5 | G7: 7100 | H7: =F7*G7 -> 35500 | I7: 거래명세서 첨부 | K7: 품명
A8: 5 | B8: 46267 | C8: 소모품비 | D8: 밴드쏘날 [1140*13*0.65-14T [WESPA]] | E8: 미래공구 | F8: 10 | G8: 8500 | H8: =F8*G8 -> 85000 | I8: 거래명세서 첨부 | K8: 거래처명
A9: 6 | B9: 46267 | C9: 소모품비 | D9: 튜브컷터날 [TCBC105 [슈퍼]] | E9: 미래공구 | F9: 3 | G9: 10000 | H9: =F9*G9 -> 30000 | I9: 거래명세서 첨부 | K9: 수량
A10: 7 | B10: 46267 | C10: 소모품비 | D10: 튜브컷터 [TCB-107,6-50mm [슈퍼]] | E10: 미래공구 | F10: 1 | G10: 53500 | H10: =F10*G10 -> 53500 | I10: 거래명세서 첨부 | K10: 식수인원
A11: 8 | B11: 46267 | C11: 소모품비 | D11: 튜브컷터날 [RBN67P용,스텐 [렉스]] | E11: 미래공구 | F11: 1 | G11: 45000 | H11: =F11*G11 -> 45000 | I11: 거래명세서 첨부 | K11: 단가
A12: 9 | B12: 46268 | C12: 소모품비 | D12: 튜브컷터 [TCB502,16-60mm [슈퍼]] | E12: 미래공구 | F12: 2 | G12: 173400 | H12: =F12*G12 -> 346800 | I12: 거래명세서 첨부
A13: 10 | B13: 46268 | C13: 소모품비 | D13: 튜브컷터날 [TCBC502 [슈퍼]] | E13: 미래공구 | F13: 6 | G13: 20900 | H13: =F13*G13 -> 125400 | I13: 거래명세서 첨부 | K13: ■ 구분은 [KC대납 식대 및 식대] 이외 항목은 입력금지
A14: 11 | B14: 46268 | C14: 소모품비 | D14: 튜브컷터날 [RBN67P용,스텐 [렉스]] | E14: 미래공구 | F14: 1 | G14: 45000 | H14: =F14*G14 -> 45000 | I14: 거래명세서 첨부
A15: 12 | B15: 46272 | C15: 소모품비 | D15: 튜브컷터날 [RBN67P용,스텐 [렉스]] | E15: 미래공구 | F15: 5 | G15: 45000 | H15: =F15*G15 -> 225000 | I15: 거래명세서 첨부
A16: 13 | B16: 46272 | C16: 소모품비 | D16: 에폭시접착제 [매직스틱,다목적용,114G,CTX [엑시아]] | E16: 미래공구 | F16: 8 | G16: 8500 | H16: =F16*G16 -> 68000 | I16: 거래명세서 첨부
A17: 14 | B17: 46272 | C17: 소모품비 | D17: 보안경클립 [3개1조 [수입]] | E17: 미래공구 | F17: 20 | G17: 800 | H17: =F17*G17 -> 16000 | I17: 거래명세서 첨부
A18: 15 | B18: 46273 | C18: 소모품비 | D18: 낙상경보기부품 [풀피리,대] | E18: 미래공구 | F18: 50 | G18: 100 | H18: =F18*G18 -> 5000 | I18: 거래명세서 첨부
A19: 16 | B19: 46273 | C19: 소모품비 | D19: 수리비,레벨기삼각대 [측정외,BLT-50 [블루텍]] | E19: 미래공구 | F19: 1 | G19: 6700 | H19: =F19*G19 -> 6700 | I19: 거래명세서 첨부
A20: 17 | B20: 46279 | C20: 소모품비 | D20: 고리자석 [M2015] | E20: 미래공구 | F20: 10 | G20: 1500 | H20: =F20*G20 -> 15000 | I20: 거래명세서 첨부
A21: 18 | B21: 46280 | C21: 소모품비 | D21: 튜브컷터날 [TCBC502 [슈퍼]] | E21: 미래공구 | F21: 5 | G21: 20900 | H21: =F21*G21 -> 104500 | I21: 거래명세서 첨부
A22: 19 | B22: 46280 | C22: 소모품비 | D22: 스티커제거제 [PIC10,420ML [3M]] | E22: 미래공구 | F22: 3 | G22: 7100 | H22: =F22*G22 -> 21300 | I22: 거래명세서 첨부
A23: 20 | B23: 46280 | C23: 소모품비 | D23: 마대 [수입,90kg,100L [HNS]] | E23: 미래공구 | F23: 100 | G23: 300 | H23: =F23*G23 -> 30000 | I23: 거래명세서 첨부
A24: 21 | B24: 46294 | C24: 소모품비 | D24: 에폭시접착제 [매직스틱,다목적용,114G,CTX [엑시아]] | E24: 미래공구 | F24: 10 | G24: 8500 | H24: =F24*G24 -> 85000 | I24: 거래명세서 첨부
A25: 22 | B25: 46295 | C25: 소모품비 | D25: 튜브컷터날 [TCBC502 [슈퍼]] | E25: 미래공구 | F25: 10 | G25: 20900 | H25: =F25*G25 -> 209000 | I25: 거래명세서 첨부

Sheet 서명란
B2: 현 장 확 인 | C2: 소 장 | E2: (서명)
C3: 공 사 | E3: (서명)
C4: 공 무 | E4: (서명)
G6: 사 업 부 | H6: Frontier 사업부 GNP 본부장 | I6: BOC 센터장 | J6: Frontier 사업부장
L8: 본 사 | M8: 담 당 | N8: 검 토 | O8: 검 토
Q11: 구 분 | R11: 확 인
Q12: 품 질 | R12: O O O (인)
Q13: 공 무 | R13: O O O (인)

Sheet DIA-INCH
B3: SIZE
B4: A(mm) | C4: Inch
B5: 8A | C5: 0.25
B6: 15A | C6: 0.5
B7: 20A | C7: 0.75
B8: 25A | C8: 1
B9: 32A | C9: 1.25
B10: 40A | C10: 1.5
B11: 50A | C11: 2
B12: 65A | C12: 2.5
B13: 80A | C13: 3
B14: 100A | C14: 4
B15: 110A | C15: 4
B16: 125A | C16: 5
... B27: 550A | C27: 22
