Workbook
Name _: #REF!
Name _: #REF!
Name _??_??_?C?g??: #REF!
Name _??_??_?C?g??: #REF!
Name ___DAT5: #REF!
Name ___QQ123: #REF!
Name __DAT11: #REF!
Name __DAT21: #REF!
Name __DAT22: #REF!
Name __DAT23: #REF!
Name __DAT24: #REF!
Name __DAT25: #REF!
Name __DAT26: #REF!
Name __DAT27: #REF!
Name __DAT28: #REF!
Name __P3: #REF!
Name __P4: #REF!
Name __P5: #REF!
Name __P6: #REF!
Name __PP1: #REF!
Name _0101__장비_설치공사: #REF!
Name _0201__소화_장비설치공사: #REF!
Name _1: #REF!
Name _1: #REF!
Name _1._PANEL_BD.__LP___1: #REF!
Name _1._옥외배관및장비설치공사: #REF!
Name _1_3_0Crite: #REF!
Name _10A_61: #N/A
Name _10A_62: #N/A
Name _10A_63: #N/A
Name _10A_64: #N/A
Name _10A_65: #N/A
Name _10A_66: #N/A
Name _10A_67: #N/A
Name _10A_68: #N/A
Name _10A_69: #N/A
Name _10A_70: #N/A
Name _10A_71: #N/A
Name _10A_72: #N/A
Name _10A_73: #N/A
Name _10A_74: #N/A
Name _10A_75: #N/A
Name _10A_76: #N/A
Name _10A_77: #N/A
Name _10A_78: #N/A
Name _10A_79: #N/A
Name _10A_80: #N/A
Name _10A_81: #N/A
Name _10A_82: #N/A
Name _10A_83: #N/A
Name _10A_84: #N/A
Name _10A_85: #N/A
Name _10A_86: #N/A
Name _10A_87: #N/A
Name _10A_88: #N/A
Name _10A_89: #N/A
Name _10A_90: #N/A
Name _10B_61: #N/A
Name _10B_62: #N/A
Name _10B_63: #N/A

Sheet 용역청구서 표지
B4: 용 역 청 구 서
B7: P4 Ph4 GAS 1공구 마감공사
C8: S25-004
C14: 2026년 04월
C15: ㈜태성하이텍

Sheet 용역 청구서(갑지)
A1: 용 역 청 구 서
A3: 1 | B3: 공 사 명 | C3: : | D3: ='용역청구서 표지'!$B$7 -> P4 Ph4 GAS 1공구 마감공사 | E3: ='용역청구서 표지'!$C$8 -> S25-004
A4: 2 | B4: 공 종 | C4: : | D4: 외주용역(M/M부분)
A5: 3 | B5: 계 약 금 액 | C5: : | D5: =ROUNDUP(E5,0) -> 520000000 | E5: =집계장!I22 -> 520000000 | F5: (VAT 별도)
A6: 4 | B6: 누 계 기 성 금 액 | C6: : | D6: =ROUNDUP(E6,0) -> 520000000 | E6: =E7+E13 -> 520000000 | F6: (VAT 별도)
A7: 5 | B7: 전 회 기 성 금 액 | C7: : | D7: =ROUNDUP(E7,0) -> 120000000 | E7: =집계장!G22 -> 120000000 | F7: (VAT 별도)
A8: 6 | B8: 금 회 기 성 금 액 | C8: : | D8: =ROUNDUP(E8,0) -> 400000000 | E8: =집계장!F22 -> 400000000 | F8: (VAT 별도)
A9: 7 | B9: 선 금 액 | C9: : | D9: =ROUNDUP(E9,0) -> 0 | E9: =집계장!K20 -> 0 | F9: (VAT 별도)
A10: 8 | B10: 선 금 전 회 공 제 | C10: : | D10: =ROUNDUP(E10,0) -> 0 | E10: =집계장!G20 -> 0 | F10: (VAT 별도)
A11: 9 | B11: 선 금 금 회 공 제 | C11: : | D11: =ROUNDUP(E11,0) -> 0 | E11: =집계장!F20 -> 0 | F11: (VAT 별도)
A12: 10 | B12: 선 금 잔 여 금 액 | C12: : | D12: =ROUNDUP(E12,0) -> 0 | E12: =집계장!L20 -> 0 | F12: (VAT 별도)
A13: 11 | B13: 금 회 청 구 금 액 | C13: : | D13: =ROUNDUP(E13,0) -> 400000000 | E13: =집계장!F22 -> 400000000 | F13: (VAT 별도)
A14: 12 | B14: 잔 여 기 성 금 액 | C14: : | D14: =ROUNDUP(E14,0) -> 0 | E14: =집계장!I16 -> 0 | F14: (VAT 별도)
A15: 13 | B15: 공 정 율 | C15: : | D15: 1
A16: 14 | B16: 청 구 공 사 기 간 | C16: : | D16: 2026. 04. 01 ~ 2026. 04. 30
B18: 위 공사의 하도급에 있어서 공사설계도서, 시방서,품질관리 기준 및 약정대로 시공 되었음을 확인하오며. 만약 귀사의 현장담당의 검사에
B19: 관하여 하자가 발견된 때에는 즉시 실액배상 또는 재 시공할것을 서약하고 이에 기성 청구서를 제출합니다.
B20: 상기건과 관련하여 본 청구 이전까지의 모든 대금은 수령하였음을 확약합니다.
F21: 작 성 일 : 2026 년 04 월 30 일
F23: 상 호 : | G23: ㈜ 태성하이텍
B24: ※첨 부 : 기성내역서 1부. | F24: 주 소 : | G24: 경기도 용인시 처인구 남사면 봉명리 73-1
F25: 대표이사 : | G25: 유 태 진 | I25: (인)
D26: ㈜케이씨이앤씨 귀하

Sheet 용역 내역서(을지)
A1: 용 역 내 역 서
A2: P4 Ph4 GAS 1공구 마감공사 | G2: 단위 : 원
A3: 품 명 | B3: 규 격 | C3: 단위 | D3: 단 가 | E3: 금 회 청 구
E4: 수 량 | F4: 금 액 | G4: 비 고
A5: 고급기술인 | B5: S+ | C5: M/M | D5: 1400000 | E5: 1 | F5: =D5*E5 -> 1400000
A6: 고급기술인 | B6: S | C6: M/M | D6: 1200000 | F6: =D6*E6 -> 0
A7: 중급기술인 | B7: A+ | C7: M/M | D7: 1000000 | F7: =D7*E7 -> 0
A8: 중급기술인 | B8: A | C8: M/M | D8: 900000 | F8: =D8*E8 -> 0
A9: 중급기술인 | B9: B+ | C9: M/M | D9: 800000 | F9: =D9*E9 -> 0
A10: 중급기술인 | B10: B | C10: M/M | D10: 700000 | F10: =D10*E10 -> 0
A11: 초급 기술인 | B11: C | C11: M/M | D11: 600000 | F11: =D11*E11 -> 0
A13: 인센티브 | E13: 0.01 | F13: =SUM(F5:F11)*E13 -> 14000
A15: 총 계 | E15: =SUM(E5:E11) -> 1 | F15: =SUM(F5:F13) -> 1414000

Sheet 내역서(을지)
A1: 용 역 내 역 서
A2: P4 Ph4 GAS 1공구 마감공사 | G2: 단위 : 원
A3: 품 명 | B3: 규 격 | C3: 단위 | D3: 단 가 | E3: 금 회 청 구 | G3: 비 고
E4: 수 량 | F4: 금 액
A5: 고급기술인 | B5: S+ | C5: M/M | D5: 1400000 | E5: 70 | F5: =D5*E5 -> 98000000
A6: 고급기술인 | B6: S | C6: M/M | D6: 1200000 | E6: 40 | F6: =D6*E6 -> 48000000
A7: 중급기술인 | B7: A+ | C7: M/M | D7: 1000000 | E7: 100 | F7: =D7*E7 -> 100000000
A8: 중급기술인 | B8: A | C8: M/M | D8: 900000 | E8: 100 | F8: =D8*E8 -> 90000000
A9: 중급기술인 | B9: B+ | C9: M/M | D9: 800000 | E9: 80 | F9: =D9*E9 -> 64000000
A10: 중급기술인 | B10: B | C10: M/M | D10: 700000 | F10: =D10*E10 -> 0
A11: 초급기술인 | B11: C | C11: M/M | D11: 600000 | F11: =D11*E11 -> 0
A13: 인센티브 | E13: 0 | F13: =SUM(F5:F11)*E13 -> 0
A17: 총 계 | E17: =SUM(E5:E16) -> 390 | F17: =SUM(F5:F16) -> 400000000

Sheet 집계장
A1: ='용역청구서 표지'!$B$7 -> P4 Ph4 GAS 1공구 마감공사
L2: ='용역청구서 표지'!$C$15 -> ㈜태성하이텍
A3: 구분 | B3: 내역 | C3: 단위 | D3: 수량 | E3: 단가 | F3: 합계 | G3: 전회기성 | H3: 금회기성 | I3: 누계기성 | J3: 비 고
A4: 1. 물량 | B4: WELDING POINT | C4: D/I | D4: =SUM('물량 내역서'!$J$5:$J$27) -> 2571.5 | E4: =F4/D4 -> 437000 | F4: =SUM('물량 내역서'!$K$5:$K$27) -> 1123745500 | G4: 2999786500 | H4: =F4 -> 1123745500 | I4: =G4+H4 -> 4123532000
B5: VALVE 설치비 | C5: EA | D5: =SUM('물량 내역서'!$J$28:$J$50) -> 83 | E5: =F5/D5 -> 149698.8 | F5: =SUM('물량 내역서'!$K$28:$K$50) -> 12425000 | G5: 26818750 | H5: =F5 -> 12425000 | I5: =G5+H5 -> 39243750
B6: 인원 실투입 | C6: M/D | D6: ='근로내역 (04월)'!AN129 -> 0 | E6: =F6/D6 -> #DIV/0! | F6: ='근로내역 (04월)'!AP129 -> 0 | G6: 0 | H6: =F6 -> 0 | I6: =G6+H6 -> 0
A7: 2. 기타비용 | C7: 式 | E7: 0 | F7: 586606403 | G7: 0 | H7: =F7 -> 586606403 | I7: =G7+H7 -> 586606403 | J7: 납기준수비 지급
A8: 소 계 | B8: 물량 | F8: =SUM(F4:F7) -> 1722776903 | G8: =SUM(G4:G7) -> 3026605250 | H8: =F8 -> 1722776903 | I8: =G8+H8 -> 4749382153
A9: 3. 노무비 | B9: 직접노무비 | C9: 式 | D9: ='근로내역 (04월)'!AN130 -> 3642.5 | E9: =F9/D9 -> 185052.16 | F9: ='근로내역 (04월)'!AP130 -> 674052500 | G9: 1894886250 | H9: =F9 -> 674052500 | I9: =G9+H9 -> 2568938750
A10: 4. 숙소 및 식대 | B10: 임대료+관리비 | C10: 式 | D10: =SUM(숙소임차료!H4:H8)+SUM(숙소관리비!H4:H8) -> 0 | E10: =F10/D10 -> #DIV/0! | F10: =숙소임차료!I3+숙소관리비!I3 -> 25806300 | G10: 83864823 | H10: =F10 -> 25806300 | I10: =G10+H10 -> 1.0967112e+08 | M10: =+H10+H11 -> 76290480
B11: 식대 | C11: 式 | D11: =SUM(식대비용!G4:G9) -> 0 | E11: =F11/D11 -> #DIV/0! | F11: =식대비용!I3 -> 50484180 | G11: 128529910 | H11: =F11 -> 50484180 | I11: =G11+H11 -> 179014090
A12: 5. 기타 공제 내역 | C12: 式 | E12: 0 | F12: =D12*E12 -> 0 | G12: 0 | H12: =F12 -> 0 | I12: =G12+H12 -> 0
A13: 소 계 | B13: 공제 | F13: =SUM(F9:F12) -> 750342980 | G13: =SUM(G9:G12) -> 2.107281e+09 | H13: =F13 -> 750342980 | I13: =G13+H13 -> 2.857624e+09
A14: 합 계 | B14: 기성 (물량-공제) | F14: =F8-F13 -> 972433923 | G14: =G8-G13 -> 9.1932427e+08 | H14: =F14 -> 972433923 | I14: =G14+H14 -> 1.8917582e+09
A15: 6. 유보금 | B15: 기성금*XX% | C15: 式 | F15: 572400000 | G15: 799272449 | H15: =F15 -> 572400000 | I15: =G15+H15 -> 1371672449
A16: 7. 유보금 차액 | B16: 전회 누계유보금+적자 기성액 | C16: 式 | H16: =F16 -> 0 | I16: =G16+H16 -> 0
A17: 8. NEGO | B17: NEGO | C17: 式 | H17: =F17 -> 0 | I17: =G17+H17 -> 0
A18: 총 계 | B18: 최종기성 | F18: =F14-F15-F16-F17 -> 400033923 | G18: =G14-G15-G16-G17 -> 1.2005182e+08 | H18: =F18 -> 400033923 | I18: =G18+H18 -> 5.2008574e+08
A19: 선급금 | B19: 선수공제 | C19: 式 | G19: 0 | H19: =F19 -> 0 | I19: =G19+H19 -> 0 | K19: 지급 선급금 | L19: 선급금 차액
B20: 단수정리 | C20: 式 | F20: =ROUNDDOWN(F19,-5) -> 0 | H20: =F20 -> 0 | I20: =G20+H20 -> 0 | J20: 만 단위 이하 절사 | K20: 0 | L20: =K20-I20 -> 0
A21: 공제 후 실 지급액 | F21: =F18-F20 -> 400033923 | G21: =G18-G19 -> 1.2005182e+08 | H21: =F21 -> 400033923 | I21: =G21+H21 -> 5.2008574e+08
A22: 세금계산서 기준 | F22: =ROUNDDOWN(F21,-5) -> 400000000 | G22: =ROUNDDOWN(G21,-5) -> 120000000 | H22: =F22 -> 400000000 | I22: =G22+H22 -> 520000000 | J22: 만 단위 이하 절사
A23: TERMS AND CONDITIONS | D23: NOTE
A24: 1. 납 기 : KCEnC 지정 납기로 별도 협의 하에 결정하는 것으로 함.
A25: 2. 지불조건 : KCEnC 지불 조건에 따름.
A26: 3. 유효기간 : 기성 제출일로 부터 30일 이내

Sheet 물량 내역서
A1: 2026년 (04)월 물량 내역서
A2: ='용역청구서 표지'!$B$7 -> P4 Ph4 GAS 1공구 마감공사 | M2: 단위 : 원
A3: 품 명 | B3: 규 격 | C3: 단위 | D3: W/P 수량 | E3: 단 가 | F3: 계 약 내 역 | H3: 전 회 누 계 물 량 | J3: 금 회 물 량 | L3: 누 계 물 량
F4: D/I 수량 | G4: 금액 | H4: D/I 수량 | I4: 금액 | J4: D/I 수량 | K4: 금액 | L4: D/I 수량 | M4: 금액
A5: WEDING POINT | B5: 8A | C5: POINT | D5: 0 | E5: 437000 | F5: =L5 -> 0 | G5: =M5 -> 0 | H5: 0 | I5: 0 | J5: =$D5*'DIA-INCH'!$C5 -> 0 | K5: =$E5*$J5 -> 0 | L5: =H5+J5 -> 0 | M5: =I5+K5 -> 0
A6: WEDING POINT | B6: 15A | C6: POINT | D6: 0 | E6: 437000 | F6: =L6 -> 0 | G6: =M6 -> 0 | H6: 0 | I6: 0 | J6: =$D6*'DIA-INCH'!$C6 -> 0 | K6: =$E6*$J6 -> 0 | L6: =H6+J6 -> 0 | M6: =I6+K6 -> 0
A7: WEDING POINT | B7: 20A | C7: POINT | D7: 0 | E7: 437000 | F7: =L7 -> 0 | G7: =M7 -> 0 | H7: 0 | I7: 0 | J7: =$D7*'DIA-INCH'!$C7 -> 0 | K7: =$E7*$J7 -> 0 | L7: =H7+J7 -> 0 | M7: =I7+K7 -> 0
A8: WEDING POINT | B8: 25A | C8: POINT | D8: 174 | E8: 437000 | F8: =L8 -> 695 | G8: =M8 -> 303715000 | H8: 521 | I8: 227677000 | J8: =$D8*'DIA-INCH'!$C8 -> 174 | K8: =$E8*$J8 -> 76038000 | L8: =H8+J8 -> 695 | M8: =I8+K8 -> 303715000
A9: WEDING POINT | B9: 32A | C9: POINT | D9: 0 | E9: 437000 | F9: =L9 -> 0 | G9: =M9 -> 0 | H9: 0 | I9: 0 | J9: =$D9*'DIA-INCH'!$C9 -> 0 | K9: =$E9*$J9 -> 0 | L9: =H9+J9 -> 0 | M9: =I9+K9 -> 0
A10: WEDING POINT | B10: 40A | C10: POINT | D10: 115 | E10: 437000 | F10: =L10 -> 298.5 | G10: =M10 -> 130444500 | H10: 126 | I10: 55062000 | J10: =$D10*'DIA-INCH'!$C10 -> 172.5 | K10: =$E10*$J10 -> 75382500 | L10: =H10+J10 -> 298.5 | M10: =I10+K10 -> 130444500
A11: WEDING POINT | B11: 50A | C11: POINT | D11: 61 | E11: 437000 | F11: =L11 -> 658 | G11: =M11 -> 287546000 | H11: 536 | I11: 234232000 | J11: =$D11*'DIA-INCH'!$C11 -> 122 | K11: =$E11*$J11 -> 53314000 | L11: =H11+J11 -> 658 | M11: =I11+K11 -> 287546000
A12: WEDING POINT | B12: 65A | C12: POINT | D12: 110 | E12: 437000 | F12: =L12 -> 537.5 | G12: =M12 -> 234887500 | H12: 262.5 | I12: 114712500 | J12: =$D12*'DIA-INCH'!$C12 -> 275 | K12: =$E12*$J12 -> 120175000 | L12: =H12+J12 -> 537.5 | M12: =I12+K12 -> 234887500
A13: WEDING POINT | B13: 80A | C13: POINT | D13: 26 | E13: 437000 | F13: =L13 -> 441 | G13: =M13 -> 192717000 | H13: 363 | I13: 158631000 | J13: =$D13*'DIA-INCH'!$C13 -> 78 | K13: =$E13*$J13 -> 34086000 | L13: =H13+J13 -> 441 | M13: =I13+K13 -> 192717000
A14: WEDING POINT | B14: 100A | C14: POINT | D14: 97 | E14: 437000 | F14: =L14 -> 968 | G14: =M14 -> 423016000 | H14: 580 | I14: 253460000 | J14: =$D14*'DIA-INCH'!$C14 -> 388 | K14: =$E14*$J14 -> 169556000 | L14: =H14+J14 -> 968 | M14: =I14+K14 -> 423016000
A15: WEDING POINT | B15: 110A | C15: POINT | D15: 0 | E15: 437000 | F15: =L15 -> 0 | G15: =M15 -> 0 | H15: 0 | I15: 0 | J15: =$D15*'DIA-INCH'!$C15 -> 0 | K15: =$E15*$J15 -> 0 | L15: =H15+J15 -> 0 | M15: =I15+K15 -> 0
A16: WEDING POINT | B16: 125A | C16: POINT | D16: 138 | E16: 437000 | F16: =L16 -> 2230 | G16: =M16 -> 974510000 | H16: 1540 | I16: 672980000 | J16: =$D16*'DIA-INCH'!$C16 -> 690 | K16: =$E16*$J16 -> 301530000 | L16: =H16+J16 -> 2230 | M16: =I16+K16 -> 974510000
... A21: WEDING POINT | B21: 250A | C21: POINT | D21: 16 | E21: 437000 | F21: =L21 -> 890 | G21: =M21 -> 388930000 | H21: 730 | I21: 319010000 | J21: =$D21*'DIA-INCH'!$C21 -> 160 | K21: =$E21*$J21 -> 69920000 | L21: =H21+J21 -> 890 | M21: =I21+K21 -> 388930000
A22: WEDING POINT | B22: 300A | C22: POINT | D22: 27 | E22: 437000 | F22: =L22 -> 1836 | G22: =M22 -> 802332000 | H22: 1512 | I22: 660744000 | J22: =$D22*'DIA-INCH'!$C22 -> 324 | K22: =$E22*$J22 -> 141588000 | L22: =H22+J22 -> 1836 | M22: =I22+K22 -> 802332000 | N22: =+E23/$E$31 -> 4.9942857
A23: WEDING POINT | B23: 350A | C23: POINT | D23: 0 | E23: 437000 | F23: =L23 -> 0 | G23: =M23 -> 0 | H23: 0 | I23: 0 | J23: =$D23*'DIA-INCH'!$C23 -> 0 | K23: =$E23*$J23 -> 0 | L23: =H23+J23 -> 0 | M23: =I23+K23 -> 0
A24: WEDING POINT | B24: 400A | C24: POINT | D24: 0 | E24: 437000 | F24: =L24 -> 0 | G24: =M24 -> 0 | H24: 0 | I24: 0 | J24: =$D24*'DIA-INCH'!$C24 -> 0 | K24: =$E24*$J24 -> 0 | L24: =H24+J24 -> 0 | M24: =I24+K24 -> 0
A25: WEDING POINT | B25: 450A | C25: POINT | D25: 0 | E25: 437000 | F25: =L25 -> 0 | G25: =M25 -> 0 | H25: 0 | I25: 0 | J25: =$D25*'DIA-INCH'!$C25 -> 0 | K25: =$E25*$J25 -> 0 | L25: =H25+J25 -> 0 | M25: =I25+K25 -> 0
A26: WEDING POINT | B26: 500A | C26: POINT | D26: 0 | E26: 437000 | F26: =L26 -> 0 | G26: =M26 -> 0 | H26: 0 | I26: 0 | J26: =$D26*'DIA-INCH'!$C26 -> 0 | K26: =$E26*$J26 -> 0 | L26: =H26+J26 -> 0 | M26: =I26+K26 -> 0
A27: WEDING POINT | B27: 550A | C27: POINT | D27: 0 | E27: 437000 | F27: =L27 -> 0 | G27: =M27 -> 0 | H27: 0 | I27: 0 | J27: =$D27*'DIA-INCH'!$C27 -> 0 | K27: =$E27*$J27 -> 0 | L27: =H27+J27 -> 0 | M27: =I27+K27 -> 0
A28: VALVE 설치비 | B28: 8A | C28: EA | D28: 0 | E28: =$E$31*'DIA-INCH'!$C5 -> 21875 | F28: =L28 -> 0 | G28: =M28 -> 0 | H28: 0 | I28: 0 | J28: =D28 -> 0 | K28: =$J28*$E28 -> 0 | L28: =H28+J28 -> 0 | M28: =I28+K28 -> 0
A29: VALVE 설치비 | B29: 15A | C29: EA | D29: 0 | E29: =$E$31*'DIA-INCH'!$C6 -> 43750 | F29: =L29 -> 0 | G29: =M29 -> 0 | H29: 0 | I29: 0 | J29: =D29 -> 0 | K29: =$J29*$E29 -> 0 | L29: =H29+J29 -> 0 | M29: =I29+K29 -> 0
A30: VALVE 설치비 | B30: 20A | C30: EA | D30: 0 | E30: =$E$31*'DIA-INCH'!$C7 -> 65625 | F30: =L30 -> 0 | G30: =M30 -> 0 | H30: 0 | I30: 0 | J30: =D30 -> 0 | K30: =$J30*$E30 -> 0 | L30: =H30+J30 -> 0 | M30: =I30+K30 -> 0
A31: VALVE 설치비 | B31: 25A | C31: EA | D31: 48 | E31: 87500 | F31: =L31 -> 122 | G31: =M31 -> 10675000 | H31: 74 | I31: 6475000 | J31: =D31 -> 48 | K31: =$J31*$E31 -> 4200000 | L31: =H31+J31 -> 122 | M31: =I31+K31 -> 10675000 | N31: =+$E$31/E31 -> 1 | O31: =+N31*J31 -> 48
A32: VALVE 설치비 | B32: 32A | C32: EA | D32: 0 | E32: =$E$31*'DIA-INCH'!$C9 -> 109375 | F32: =L32 -> 84 | G32: =M32 -> 9187500 | H32: 84 | I32: 9187500 | J32: =D32 -> 0 | K32: =$J32*$E32 -> 0 | L32: =H32+J32 -> 84 | M32: =I32+K32 -> 9187500 | N32: =+E32/$E$31 -> 1.25 | O32: =+N32*J32 -> 0
A33: VALVE 설치비 | B33: 40A | C33: EA | D33: 18 | E33: =$E$31*'DIA-INCH'!$C10 -> 131250 | F33: =L33 -> 20 | G33: =M33 -> 2625000 | H33: 2 | I33: 262500 | J33: =D33 -> 18 | K33: =$J33*$E33 -> 2362500 | L33: =H33+J33 -> 20 | M33: =I33+K33 -> 2625000 | N33: =+E33/$E$31 -> 1.5 | O33: =+N33*J33 -> 27
A34: VALVE 설치비 | B34: 50A | C34: EA | D34: 3 | E34: =$E$31*'DIA-INCH'!$C11 -> 175000 | F34: =L34 -> 11 | G34: =M34 -> 1925000 | H34: 8 | I34: 1400000 | J34: =D34 -> 3 | K34: =$J34*$E34 -> 525000 | L34: =H34+J34 -> 11 | M34: =I34+K34 -> 1925000 | N34: =+E34/$E$31 -> 2 | O34: =+N34*J34 -> 6
A35: VALVE 설치비 | B35: 65A | C35: EA | D35: 2 | E35: =$E$31*'DIA-INCH'!$C12 -> 218750 | F35: =L35 -> 9 | G35: =M35 -> 1968750 | H35: 7 | I35: 1531250 | J35: =D35 -> 2 | K35: =$J35*$E35 -> 437500 | L35: =H35+J35 -> 9 | M35: =I35+K35 -> 1968750 | N35: =+E35/$E$31 -> 2.5 | O35: =+N35*J35 -> 5
A36: VALVE 설치비 | B36: 80A | C36: EA | D36: 2 | E36: =$E$31*'DIA-INCH'!$C13 -> 262500 | F36: =L36 -> 3 | G36: =M36 -> 787500 | H36: 1 | I36: 262500 | J36: =D36 -> 2 | K36: =$J36*$E36 -> 525000 | L36: =H36+J36 -> 3 | M36: =I36+K36 -> 787500 | N36: =+E36/$E$31 -> 3 | O36: =+N36*J36 -> 6
A37: VALVE 설치비 | B37: 100A | C37: EA | D37: 0 | E37: =$E$31*'DIA-INCH'!$C14 -> 350000 | F37: =L37 -> 0 | G37: =M37 -> 0 | H37: 0 | I37: 0 | J37: =D37 -> 0 | K37: =$J37*$E37 -> 0 | L37: =H37+J37 -> 0 | M37: =I37+K37 -> 0 | O37: =+N37*J37 -> 0
A38: VALVE 설치비 | B38: 110A | C38: EA | D38: 0 | E38: =$E$31*'DIA-INCH'!$C15 -> 350000 | F38: =L38 -> 0 | G38: =M38 -> 0 | H38: 0 | I38: 0 | J38: =D38 -> 0 | K38: =$J38*$E38 -> 0 | L38: =H38+J38 -> 0 | M38: =I38+K38 -> 0 | O38: =+N38*J38 -> 0
A39: VALVE 설치비 | B39: 125A | C39: EA | D39: 10 | E39: =$E$31*'DIA-INCH'!$C16 -> 437500 | F39: =L39 -> 24 | G39: =M39 -> 10500000 | H39: 14 | I39: 6125000 | J39: =D39 -> 10 | K39: =$J39*$E39 -> 4375000 | L39: =H39+J39 -> 24 | M39: =I39+K39 -> 10500000 | N39: =+E39/$E$31 -> 5 | O39: =+N39*J39 -> 50
A40: VALVE 설치비 | B40: 150A | C40: EA | D40: 0 | E40: =$E$31*'DIA-INCH'!$C17 -> 525000 | F40: =L40 -> 0 | G40: =M40 -> 0 | H40: 0 | I40: 0 | J40: =D40 -> 0 | K40: =$J40*$E40 -> 0 | L40: =H40+J40 -> 0 | M40: =I40+K40 -> 0 | O40: =+N40*J40 -> 0
A41: VALVE 설치비 | B41: 175A | C41: EA | D41: 0 | E41: =$E$31*'DIA-INCH'!$C18 -> 612500 | F41: =L41 -> 0 | G41: =M41 -> 0 | H41: 0 | I41: 0 | J41: =D41 -> 0 | K41: =$J41*$E41 -> 0 | L41: =H41+J41 -> 0 | M41: =I41+K41 -> 0 | O41: =+N41*J41 -> 0
A42: VALVE 설치비 | B42: 200A | C42: EA | D42: 0 | E42: =$E$31*'DIA-INCH'!$C19 -> 700000 | F42: =L42 -> 1 | G42: =M42 -> 700000 | H42: 1 | I42: 700000 | J42: =D42 -> 0 | K42: =$J42*$E42 -> 0 | L42: =H42+J42 -> 1 | M42: =I42+K42 -> 700000 | N42: =+E42/$E$31 -> 8 | O42: =+N42*J42 -> 0
A43: VALVE 설치비 | B43: 225A | C43: EA | D43: 0 | E43: =$E$31*'DIA-INCH'!$C20 -> 787500 | F43: =L43 -> 0 | G43: =M43 -> 0 | H43: 0 | I43: 0 | J43: =D43 -> 0 | K43: =$J43*$E43 -> 0 | L43: =H43+J43 -> 0 | M43: =I43+K43 -> 0 | O43: =+N43*J43 -> 0
A44: VALVE 설치비 | B44: 250A | C44: EA | D44: 0 | E44: =$E$31*'DIA-INCH'!$C21 -> 875000 | F44: =L44 -> 1 | G44: =M44 -> 875000 | H44: 1 | I44: 875000 | J44: =D44 -> 0 | K44: =$J44*$E44 -> 0 | L44: =H44+J44 -> 1 | M44: =I44+K44 -> 875000 | N44: =+E44/$E$31 -> 10 | O44: =+N44*J44 -> 0
A45: VALVE 설치비 | B45: 300A | C45: EA | D45: 0 | E45: =$E$31*'DIA-INCH'!$C22 -> 1050000 | F45: =L45 -> 0 | G45: =M45 -> 0 | H45: 0 | I45: 0 | J45: =D45 -> 0 | K45: =$J45*$E45 -> 0 | L45: =H45+J45 -> 0 | M45: =I45+K45 -> 0
A46: VALVE 설치비 | B46: 350A | C46: EA | D46: 0 | E46: =$E$31*'DIA-INCH'!$C23 -> 1225000 | F46: =L46 -> 0 | G46: =M46 -> 0 | H46: 0 | I46: 0 | J46: =D46 -> 0 | K46: =$J46*$E46 -> 0 | L46: =H46+J46 -> 0 | M46: =I46+K46 -> 0
A47: VALVE 설치비 | B47: 400A | C47: EA | D47: 0 | E47: =$E$31*'DIA-INCH'!$C24 -> 1400000 | F47: =L47 -> 0 | G47: =M47 -> 0 | H47: 0 | I47: 0 | J47: =D47 -> 0 | K47: =$J47*$E47 -> 0 | L47: =H47+J47 -> 0 | M47: =I47+K47 -> 0
A48: VALVE 설치비 | B48: 450A | C48: EA | D48: 0 | E48: =$E$31*'DIA-INCH'!$C25 -> 1575000 | F48: =L48 -> 0 | G48: =M48 -> 0 | H48: 0 | I48: 0 | J48: =D48 -> 0 | K48: =$J48*$E48 -> 0 | L48: =H48+J48 -> 0 | M48: =I48+K48 -> 0
A49: VALVE 설치비 | B49: 500A | C49: EA | D49: 0 | E49: =$E$31*'DIA-INCH'!$C26 -> 1750000 | F49: =L49 -> 0 | G49: =M49 -> 0 | H49: 0 | I49: 0 | J49: =D49 -> 0 | K49: =$J49*$E49 -> 0 | L49: =H49+J49 -> 0 | M49: =I49+K49 -> 0
A50: VALVE 설치비 | B50: 550A | C50: EA | D50: 0 | E50: =$E$31*'DIA-INCH'!$C27 -> 1925000 | F50: =L50 -> 0 | G50: =M50 -> 0 | H50: 0 | I50: 0 | J50: =D50 -> 0 | K50: =$J50*$E50 -> 0 | L50: =H50+J50 -> 0 | M50: =I50+K50 -> 0
A51: 합 계 | F51: =SUM(F5:F50) -> 9711 | G51: =SUM(G5:G50) -> 4162775750 | H51: =SUM(H5:H50) -> 7056.5 | I51: =SUM(I5:I50) -> 3026605250 | J51: =SUM(J5:J50) -> 2654.5 | K51: =SUM(K5:K50) -> 1136170500 | L51: =SUM(L5:L50) -> 9711 | M51: =SUM(M5:M50) -> 4162775750

Sheet 근로내역 (04월)
A1: 2026년 ( 04 )월 일용 노무비명세서 | AH1: 현장명 | AM1: ='용역청구서 표지'!$B$7 -> P4 Ph4 GAS 1공구 마감공사
AH2: 현장소장 | AM2: 장규철
AH3: 잡코드 | AM3: ='용역청구서 표지'!$C$8 -> S25-004
A5: 번호 | B5: 성명 | C5: 주민등록번호 | D5: 직종 | E5: 연락처(H.P) | F5: 은행명 | G5: 예금주 | H5: 계좌번호 | I5: 1 | J5: 2 | K5: 3 | L5: 4 | M5: 5 | N5: 6 | O5: 7 | P5: 8 | Q5: 9 | R5: 10 | S5: 11 | T5: 12 | U5: 13 | V5: 14 | W5: 15 | X5: 16 | Y5: 17 | Z5: 18 | AA5: 19 | AB5: 20 | AC5: 21 | AD5: 22 | AE5: 23 | AF5: 24 | AG5: 25 | AH5: 26 | AI5: 27 | AJ5: 28 | AK5: 29 | AL5: 30 | AN5: 공수 | AO5: 단가 | AP5: 총액
A6: 1 | B6: 강경섭 | C6: 781225-1392311 | D6: 공사보조 | E6: 010-2573-6379 | F6: 농협 | G6: 강경섭 | H6: 356-0973-5567-73 | I6: 2 | J6: 2 | K6: 2 | N6: 2 | O6: 2 | P6: 2 | Q6: 2 | R6: 2 | U6: 2 | V6: 2 | W6: 2 | X6: 1.5 | Y6: 2 | AB6: 2 | AC6: 2 | AD6: 2 | AE6: 2 | AF6: 1.75 | AI6: 2 | AJ6: 2 | AK6: 2 | AN6: =SUM(I6:AM6) -> 41.25 | AO6: 230000 | AP6: =AN6*AO6 -> 9487500
A7: 2 | B7: 강동근 | C7: 960219-1406218 | D7: 보통인부 | E7: 010-5555-5945 | F7: 신한 | G7: 강동근 | H7: 110-444-941185 | J7: 1.5 | K7: 1.5 | P7: 1.5 | Q7: 1.5 | R7: 1.5 | S7: 1 | U7: 1.5 | V7: 1.5 | X7: 1.5 | Y7: 1.5 | AB7: 1.5 | AD7: 1 | AE7: 1.5 | AF7: 0.5 | AI7: 1.5 | AJ7: 1.5 | AK7: 1.5 | AN7: =SUM(I7:AM7) -> 23.5 | AO7: 150000 | AP7: =AN7*AO7 -> 3525000
A8: 3 | B8: 강우형 | C8: 000830-3484718 | D8: 보통인부 | E8: 010-7963-4799 | F8: 토스 | G8: 강우형 | H8: 1002-2019-2812 | I8: 0.75 | J8: 1 | K8: 1.5 | L8: 1 | P8: 1.5 | Q8: 1.25 | R8: 1.5 | S8: 0.375 | V8: 1.5 | W8: 1 | X8: 1.5 | Y8: 1.5 | AC8: 1.5 | AD8: 1 | AF8: 1.5 | AI8: 1.5 | AJ8: 1.5 | AK8: 1.5 | AL8: 1.5 | AN8: =SUM(I8:AM8) -> 24.375 | AO8: 150000 | AP8: =AN8*AO8 -> 3656250
A9: 4 | B9: 강원태 | C9: 920818-1240811 | D9: 보통인부 | E9: 010-9205-4684 | F9: 기업 | G9: 강원태 | H9: 186-075475-01-013 | I9: 1.5 | J9: 1.5 | K9: 1.5 | L9: 1 | N9: 1.5 | O9: 1.5 | P9: 1.5 | Q9: 1.5 | R9: 1.5 | S9: 0.5 | U9: 1.5 | V9: 1.5 | W9: 1 | X9: 1.5 | Y9: 1.5 | Z9: 0.5 | AB9: 1.5 | AC9: 1.5 | AD9: 1 | AE9: 1.5 | AF9: 1.5 | AI9: 1.5 | AJ9: 1.5 | AK9: 1.5 | AL9: 1.5 | AN9: =SUM(I9:AM9) -> 34 | AO9: 160000 | AP9: =AN9*AO9 -> 5440000
A10: 5 | B10: 강인수 | C10: 690511-1067622 | D10: 보통인부 | E10: 010-2486-6843 | F10: 부산 | G10: 강인수 | H10: 112-2027-3566-01 | I10: 1.5 | J10: 1.5 | K10: 1.5 | L10: 1 | N10: 1.5 | O10: 1.5 | P10: 1.5 | Q10: 1.5 | R10: 1.5 | S10: 1 | U10: 1.5 | V10: 1.5 | W10: 1 | X10: 1.5 | Y10: 1.5 | AN10: =SUM(I10:AM10) -> 21 | AO10: 160000 | AP10: =AN10*AO10 -> 3360000
A11: 6 | B11: 강희재 | C11: 940122-1491011 | D11: 공사보조 | E11: 010-9127-3784 | F11: 신한 | G11: 강희재 | H11: 110-404-502876 | I11: 1.5 | J11: 1.5 | K11: 1.5 | L11: 1 | N11: 1.5 | O11: 1.5 | P11: 1.5 | Q11: 1.5 | R11: 1.5 | S11: 1 | U11: 1.5 | V11: 1.5 | W11: 1 | X11: 1.5 | Y11: 1.5 | Z11: 1 | AB11: 1.5 | AC11: 1.5 | AD11: 1 | AE11: 1.5 | AF11: 1.5 | AG11: 0.5 | AI11: 1.5 | AJ11: 1.5 | AK11: 1.5 | AL11: 1.75 | AN11: =SUM(I11:AM11) -> 35.75 | AO11: 230000 | AP11: =AN11*AO11 -> 8222500
A12: 7 | B12: 고인걸 | C12: 960204-1106615 | D12: 보통인부 | E12: 010-4088-9424 | F12: 기업 | G12: 고인걸 | H12: 157-194203-01-015 | O12: 0.75 | Q12: 1 | R12: 1.5 | U12: 1.25 | V12: 1.5 | W12: 1 | X12: 1.5 | Y12: 1.5 | AB12: 1.5 | AD12: 1 | AE12: 1.5 | AF12: 0.375 | AG12: 1 | AI12: 1.5 | AJ12: 1.5 | AN12: =SUM(I12:AM12) -> 18.375 | AO12: 160000 | AP12: =AN12*AO12 -> 2940000
A13: 8 | B13: 곽명재 | C13: 800514-1894915 | D13: 용접공 | E13: 010-9232-3215 | F13: 농협 | G13: 곽명재 | H13: 312-0172-2596-61 | I13: 2 | K13: 2 | N13: 2 | O13: 2 | P13: 2 | Q13: 2 | R13: 2 | U13: 2 | W13: 2 | X13: 2 | Y13: 2 | AB13: 2 | AC13: 2 | AD13: 2 | AE13: 2 | AF13: 2 | AI13: 2 | AJ13: 2 | AK13: 2 | AN13: =SUM(I13:AM13) -> 38 | AO13: 240000 | AP13: =AN13*AO13 -> 9120000
A14: 9 | B14: 권혁만 | C14: 770319-1772710 | D14: 보통인부 | E14: 010-9084-0127 | F14: 기업 | G14: 권혁만 | H14: 530-023847-01-014 | I14: 1.5 | J14: 1.5 | K14: 1.5 | AN14: =SUM(I14:AM14) -> 4.5 | AO14: 180000 | AP14: =AN14*AO14 -> 810000
A15: 10 | B15: 김강현 | C15: 910414-1031829 | D15: 보통인부 | E15: 010-6733-7963 | F15: 신한 | G15: 김강현 | H15: 110-302-846665 | I15: 1.5 | J15: 1.5 | K15: 1.5 | L15: 1 | N15: 1.5 | O15: 1.5 | P15: 1.5 | Q15: 1.5 | R15: 1.5 | S15: 0.5 | U15: 1.5 | V15: 1.5 | W15: 1 | X15: 1.5 | Y15: 1.5 | Z15: 1 | AB15: 1.5 | AC15: 1.5 | AD15: 1 | AE15: 1.5 | AF15: 1.5 | AG15: 1 | AI15: 1.5 | AJ15: 1.5 | AK15: 1.5 | AL15: 1.5 | AN15: =SUM(I15:AM15) -> 35.5 | AO15: 190000 | AP15: =AN15*AO15 -> 6745000
A16: 11 | B16: 김경태 | C16: 901120-1588112 | D16: 보통인부 | E16: 010-9538-3223 | F16: 국민 | G16: 김경태 | H16: 99538322358 | I16: 2 | J16: 2 | K16: 2 | N16: 2 | O16: 2 | P16: 2 | Q16: 2 | R16: 2 | U16: 2 | V16: 2 | W16: 2 | X16: 2 | Y16: 2 | AB16: 2 | AC16: 2 | AD16: 2 | AE16: 2 | AF16: 2 | AI16: 2 | AJ16: 2 | AK16: 2 | AN16: =SUM(I16:AM16) -> 42 | AO16: 140000 | AP16: =AN16*AO16 -> 5880000
A17: 12 | B17: 김광동 | C17: 930520-1692511 | D17: 보통인부 | E17: 010-4348-0266 | F17: 국민 | G17: 김광동 | H17: 926102-01-496205 | I17: 1.5 | J17: 1.5 | K17: 1.5 | L17: 0.5 | N17: 1.5 | O17: 1.5 | P17: 1.5 | Q17: 1.5 | R17: 1.5 | S17: 1 | U17: 1.5 | V17: 1.5 | W17: 1 | X17: 1.5 | Y17: 1.5 | Z17: 1 | AB17: 1.5 | AC17: 1.5 | AD17: 1 | AE17: 1.5 | AF17: 1.5 | AI17: 1.5 | AJ17: 1.5 | AK17: 1.5 | AL17: 1.5 | AN17: =SUM(I17:AM17) -> 34.5 | AO17: 150000 | AP17: =AN17*AO17 -> 5175000
A18: 13 | B18: 김귀훈 | C18: 820528-1001326 | D18: 보통인부 | E18: 010-4789-0798 | F18: 신한 | G18: 김귀훈 | H18: 110-290-207123 | I18: 1.5 | J18: 1.5 | K18: 1.5 | N18: 1.5 | P18: 1.5 | Q18: 1.5 | R18: 1.5 | S18: 0.5 | AN18: =SUM(I18:AM18) -> 11 | AO18: 170000 | AP18: =AN18*AO18 -> 1870000
A19: 14 | B19: 김기진 | C19: 871020-1850315 | D19: 보통인부 | E19: 010-6613-2156 | F19: 농협 | G19: 김기진 | H19: 937-12-468305 | I19: 2 | J19: 2 | K19: 2 | N19: 2 | O19: 2 | P19: 2 | Q19: 2 | R19: 2 | U19: 2 | V19: 2 | W19: 2 | X19: 2 | Y19: 2 | AB19: 2 | AC19: 2 | AD19: 2 | AE19: 2 | AF19: 2 | AI19: 2 | AJ19: 2 | AK19: 2 | AN19: =SUM(I19:AM19) -> 42 | AO19: 160000 | AP19: =AN19*AO19 -> 6720000
A20: 15 | B20: 김동민 | C20: 840606-1768018 | D20: 용접공 | E20: 010-3804-2432 | F20: 신한 | G20: 김동민 | H20: 110-408-565589 | I20: 2 | J20: 2 | K20: 2 | N20: 2 | O20: 2 | P20: 2 | Q20: 2 | R20: 2 | U20: 2 | V20: 2 | W20: 2 | X20: 2 | Y20: 2 | AB20: 2 | AC20: 2 | AD20: 2 | AE20: 2 | AF20: 2 | AI20: 2 | AJ20: 2 | AK20: 2 | AN20: =SUM(I20:AM20) -> 42 | AO20: 240000 | AP20: =AN20*AO20 -> 10080000
A21: 16 | B21: 김동열 | C21: 920815-1331213 | D21: 안전보조 | E21: 010-2426-3254 | F21: 새마을 | G21: 김동열 | H21: 9003-2999-8313-9 | I21: 1.5 | J21: 1.5 | K21: 1.5 | N21: 1.5 | O21: 1 | Q21: 1.5 | R21: 1.5 | S21: 1 | U21: 1.5 | V21: 1.5 | W21: 1 | X21: 1.5 | Y21: 1.5 | AB21: 1.5 | AC21: 1.5 | AD21: 1 | AE21: 1.5 | AF21: 1.5 | AG21: 1 | AI21: 1.5 | AJ21: 1.5 | AK21: 1.5 | AL21: 1.5 | AN21: =SUM(I21:AM21) -> 32 | AO21: 210000 | AP21: =AN21*AO21 -> 6720000
A22: 17 | B22: 김동준 | C22: 981003-1558112 | D22: 배관공 | E22: 010-9930-1495 | F22: 카카오 | G22: 김동준 | H22: 3333-16-2421842 | I22: 2 | J22: 2 | K22: 2 | N22: 2 | O22: 2 | P22: 2 | Q22: 2 | R22: 2 | U22: 2 | V22: 2 | W22: 2 | X22: 2 | Y22: 2 | AB22: 2 | AC22: 2 | AD22: 2 | AF22: 2 | AI22: 2 | AJ22: 2 | AN22: =SUM(I22:AM22) -> 38 | AO22: 180000 | AP22: =AN22*AO22 -> 6840000
A23: 18 | B23: 김명수 | C23: 001211-3823418 | D23: 보통인부 | E23: 010-5797-6473 | F23: 국민 | G23: 김명수 | H23: 944502-00-579965 | I23: 1.5 | J23: 1.5 | K23: 1.5 | L23: 1 | N23: 1.5 | P23: 1.5 | Q23: 1.5 | R23: 1.5 | S23: 1 | U23: 1.5 | V23: 1.5 | W23: 1 | X23: 1.5 | Y23: 1.5 | Z23: 1 | AB23: 1.5 | AC23: 1.5 | AD23: 1 | AE23: 1.5 | AF23: 1.5 | AI23: 1.5 | AJ23: 1.5 | AK23: 1.5 | AL23: 1.5 | AN23: =SUM(I23:AM23) -> 33.5 | AO23: 150000 | AP23: =AN23*AO23 -> 5025000
A24: 19 | B24: 김선광 | C24: 880728-1903519 | D24: 용접공 | E24: 010-4560-3710 | F24: 신한 | G24: 김선광 | H24: 110-214-578576 | I24: 2 | J24: 2 | K24: 2 | N24: 2 | O24: 2 | P24: 2 | Q24: 2 | R24: 2 | U24: 2 | V24: 2 | X24: 2 | Y24: 2 | AB24: 2 | AC24: 2 | AD24: 2 | AE24: 2 | AF24: 2 | AI24: 2 | AJ24: 2 | AK24: 2 | AN24: =SUM(I24:AM24) -> 40 | AO24: 240000 | AP24: =AN24*AO24 -> 9600000
A25: 20 | B25: 김성인 | C25: 781127-1567319 | D25: 배관공 | E25: 010-8336-3710 | F25: 우체국 | G25: 김성인 | H25: 503904-02-235538 | I25: 2 | J25: 2 | K25: 2 | N25: 2 | O25: 2 | P25: 2 | Q25: 2 | R25: 2 | U25: 2 | V25: 2 | W25: 2 | X25: 2 | Y25: 2 | AB25: 2 | AD25: 2 | AE25: 2 | AF25: 2 | AI25: 2 | AJ25: 2 | AK25: 2 | AN25: =SUM(I25:AM25) -> 40 | AO25: 230000 | AP25: =AN25*AO25 -> 9200000
A26: 21 | B26: 김성준 | C26: 961016-1179611 | D26: 보통인부 | E26: 010-7732-6708 | F26: 국민 | G26: 김성준 | H26: 166102-04-160013 | I26: 2 | J26: 2 | K26: 2 | N26: 2 | O26: 2 | P26: 2 | Q26: 2 | R26: 2 | U26: 2 | V26: 2 | W26: 2 | X26: 2 | Y26: 2 | AB26: 2 | AC26: 2 | AD26: 2 | AE26: 2 | AF26: 2 | AN26: =SUM(I26:AM26) -> 36 | AO26: 160000 | AP26: =AN26*AO26 -> 5760000
A27: 22 | B27: 김성중 | C27: 911126-1043210 | D27: 보통인부 | E27: 010-3777-9825 | F27: 기업 | G27: 김성중 | H27: 118-149246-01-011 | I27: 1.5 | J27: 1.5 | K27: 1.5 | L27: 1 | N27: 1.5 | O27: 1.5 | P27: 1.5 | Q27: 1.5 | R27: 1.5 | S27: 1 | U27: 1.5 | V27: 1.5 | W27: 1 | X27: 1.5 | Y27: 1.5 | Z27: 1 | AB27: 1.5 | AC27: 1.5 | AD27: 1 | AE27: 1.5 | AG27: 0.5 | AI27: 1.375 | AJ27: 1.5 | AK27: 1.5 | AL27: 1.5 | AN27: =SUM(I27:AM27) -> 33.875 | AO27: 150000 | AP27: =AN27*AO27 -> 5081250
A28: 23 | B28: 김승진 | C28: 751018-1332839 | D28: 안전보조 | E28: 010-4742-4181 | F28: 신한 | G28: 김승진 | H28: 110-338-273904 | I28: 0.75 | J28: 0.25 | K28: 1 | N28: 1.25 | O28: 0.5 | P28: 1.25 | Q28: 1.125 | U28: 1.25 | V28: 1.25 | W28: 1 | X28: 0.875 | Y28: 1.125 | AB28: 1.25 | AC28: 1.375 | AD28: 0.75 | AI28: 1.125 | AJ28: 1.25 | AK28: 1.125 | AL28: 0.75 | AN28: =SUM(I28:AM28) -> 19.25 | AO28: 270000 | AP28: =AN28*AO28 -> 5197500
A29: 24 | B29: 김양근 | C29: 930824-1030929 | D29: 용접공 | E29: 010-2301-4979 | F29: 신한 | G29: 김양근 | H29: 110-349-207217 | J29: 1.5 | K29: 1.5 | L29: 1 | N29: 1.5 | O29: 1 | P29: 1.5 | Q29: 1.25 | R29: 1.5 | U29: 1.5 | V29: 1.5 | W29: 1 | X29: 1.5 | Z29: 1 | AB29: 1.5 | AC29: 1.5 | AD29: 1 | AF29: 1.5 | AI29: 1.5 | AJ29: 1.5 | AK29: 1.5 | AL29: 1.5 | AN29: =SUM(I29:AM29) -> 28.75 | AO29: 240000 | AP29: =AN29*AO29 -> 6900000
A30: 25 | B30: 김영광 | C30: 920704-1860718 | D30: 공무보조 | E30: 010-7704-1777 | F30: 기업 | G30: 김영광 | H30: 580-022392-01-010 | I30: 1.5 | J30: 1.5 | K30: 1.375 | L30: 0.875 | N30: 1.5 | O30: 1.5 | P30: 1.125 | Q30: 1.5 | R30: 1.5 | U30: 1.5 | V30: 1.5 | W30: 1 | X30: 1.375 | Y30: 1.5 | Z30: 0.875 | AB30: 1.5 | AC30: 1.5 | AD30: 1 | AE30: 1.5 | AF30: 1.375 | AG30: 1 | AI30: 1.5 | AJ30: 1.5 | AK30: 1.5 | AL30: 1.25 | AN30: =SUM(I30:AM30) -> 33.75 | AO30: 200000 | AP30: =AN30*AO30 -> 6750000
A31: 26 | B31: 김영철 | C31: 720622-1921415 | D31: 배관공 | E31: 010-3884-4513 | F31: 새마을 | G31: 김영철 | H31: 9003-2504-8199-8 | I31: 1.5 | J31: 1.5 | K31: 1.5 | L31: 1 | N31: 1.5 | O31: 1.5 | P31: 1.5 | Q31: 1.5 | R31: 1.5 | S31: 1 | U31: 1.5 | X31: 1.5 | Y31: 1.5 | AB31: 1.5 | AC31: 1.5 | AD31: 1 | AE31: 1.5 | AF31: 1.5 | AG31: 1 | AI31: 1.5 | AJ31: 1.5 | AK31: 1.5 | AL31: 1.5 | AN31: =SUM(I31:AM31) -> 32.5 | AO31: 210000 | AP31: =AN31*AO31 -> 6825000
A32: 27 | B32: 김윤하 | C32: 860417-1348219 | D32: 배관공 | E32: 010-4807-9031 | F32: 국민 | G32: 김윤하 | H32: 263102-04-214815 | I32: 1.5 | J32: 1.5 | K32: 1.5 | L32: 1 | N32: 1.5 | O32: 1.5 | P32: 1.5 | Q32: 1.5 | R32: 1.5 | S32: 1 | U32: 1.5 | V32: 1.5 | W32: 1 | X32: 1.5 | Y32: 1.5 | Z32: 0.5 | AB32: 1.5 | AC32: 1.5 | AD32: 0.875 | AE32: 1.5 | AF32: 1.5 | AG32: 1 | AI32: 1.5 | AJ32: 1.5 | AK32: 1.5 | AL32: 1.5 | AN32: =SUM(I32:AM32) -> 35.375 | AO32: 210000 | AP32: =AN32*AO32 -> 7428750
A33: 28 | B33: 김재관 | C33: 910814-1661010 | D33: 보통인부 | E33: 010-7532-8645 | F33: 농협 | G33: 김재관 | H33: 645014-56-068999 | O33: 0.75 | Q33: 1 | R33: 1.5 | U33: 1.5 | V33: 1.5 | W33: 1 | X33: 1.5 | Y33: 1.5 | AC33: 1.5 | AD33: 1 | AE33: 1.5 | AF33: 1.5 | AI33: 1.5 | AJ33: 1.5 | AK33: 1.5 | AL33: 0.5 | AN33: =SUM(I33:AM33) -> 20.75 | AO33: 150000 | AP33: =AN33*AO33 -> 3112500
A34: 29 | B34: 김재호 | C34: 740417-1691211 | D34: 배관공 | E34: 010-7903-8334 | F34: 수협 | G34: 김재호 | H34: 0010-2858-8334 | I34: 1.5 | J34: 1.5 | K34: 1.5 | L34: 1 | N34: 1.5 | O34: 1.5 | P34: 1.5 | Q34: 1.5 | R34: 1.5 | S34: 1 | U34: 1.5 | V34: 1.5 | W34: 1 | X34: 1 | Y34: 1.5 | Z34: 1 | AB34: 1.5 | AC34: 1.5 | AD34: 1 | AE34: 1.5 | AF34: 1.5 | AG34: 1 | AI34: 1.5 | AJ34: 1.5 | AK34: 1.5 | AL34: 1 | AN34: =SUM(I34:AM34) -> 35 | AO34: 230000 | AP34: =AN34*AO34 -> 8050000
A35: 30 | B35: 김정천 | C35: 010314-3837113 | D35: 보통인부 | E35: 010-2210-3629 | F35: 카카오 | G35: 김정천 | H35: 3333-14-2904871 | I35: 0.75 | Q35: 1 | R35: 1.5 | S35: 1 | U35: 1.5 | V35: 1.5 | W35: 0.875 | X35: 1.5 | Y35: 1.5 | Z35: 0.875 | AB35: 1.5 | AC35: 1.5 | AD35: 1 | AF35: 1.5 | AG35: 0.875 | AI35: 1.25 | AJ35: 1.25 | AK35: 1.5 | AL35: 0.5 | AN35: =SUM(I35:AM35) -> 22.875 | AO35: 150000 | AP35: =AN35*AO35 -> 3431250
A36: 31 | B36: 김태훈 | C36: 810515-1814611 | D36: 보통인부 | E36: 010-5844-3098 | F36: 농협 | G36: 김태훈 | H36: 793-12-097221 | I36: 1.5 | J36: 1.5 | K36: 1.5 | L36: 1 | N36: 1.5 | O36: 1.5 | P36: 1.5 | Q36: 1.5 | R36: 1.5 | U36: 1.5 | V36: 1.5 | W36: 1 | X36: 1.5 | Y36: 1.5 | AB36: 1.5 | AC36: 1.5 | AD36: 1 | AE36: 1.5 | AF36: 1.5 | AG36: 1 | AI36: 1.5 | AK36: 1.5 | AL36: 1.5 | AN36: =SUM(I36:AM36) -> 32.5 | AO36: 150000 | AP36: =AN36*AO36 -> 4875000
A37: 32 | B37: 김현규 | C37: 921116-1163211 | D37: 공사보조 | E37: 010-9150-0018 | F37: 국민 | G37: 김현규 | H37: 920302-01-333030 | I37: 1.375 | J37: 1.5 | K37: 1.5 | L37: 1 | N37: 1.5 | O37: 1.5 | P37: 1.5 | Q37: 1.5 | R37: 1.5 | U37: 1.5 | V37: 1.5 | W37: 1 | X37: 1.5 | Y37: 1.5 | Z37: 1 | AB37: 1.5 | AC37: 1.5 | AD37: 1 | AE37: 1.5 | AF37: 1.5 | AG37: 1 | AI37: 1.5 | AJ37: 1.5 | AK37: 1.5 | AL37: 1.75 | AN37: =SUM(I37:AM37) -> 35.125 | AO37: 170000 | AP37: =AN37*AO37 -> 5971250
A38: 33 | B38: 김현수 | C38: 960703-1675511 | D38: 보통인부 | E38: 010-7760-4917 | F38: IM뱅크 | G38: 김현수 | H38: 143-13-132971 | I38: 2 | J38: 2 | K38: 2 | N38: 2 | O38: 2 | P38: 2 | Q38: 2 | U38: 2 | V38: 2 | W38: 2 | X38: 2 | Y38: 2 | AC38: 2 | AD38: 2 | AE38: 2 | AF38: 2 | AI38: 2 | AJ38: 2 | AK38: 2 | AN38: =SUM(I38:AM38) -> 38 | AO38: 160000 | AP38: =AN38*AO38 -> 6080000
A39: 34 | B39: 김현재 | C39: 700202-1057315 | D39: 보통인부 | E39: 010-9062-6693 | F39: 국민 | G39: 김현재 | H39: 040001-04-096857 | I39: 1.5 | J39: 1.5 | K39: 1.5 | L39: 0.5 | N39: 1.5 | O39: 1.5 | P39: 1.5 | Q39: 1.5 | R39: 1.5 | U39: 1.5 | V39: 1.5 | W39: 1 | Y39: 1.5 | Z39: 1 | AB39: 1.5 | AC39: 1.5 | AD39: 1 | AE39: 1.5 | AF39: 1.5 | AG39: 0.5 | AI39: 1.5 | AJ39: 1.5 | AK39: 1.5 | AL39: 1.5 | AN39: =SUM(I39:AM39) -> 32.5 | AO39: 160000 | AP39: =AN39*AO39 -> 5200000
A40: 35 | B40: 김형식 | C40: 910612-1075819 | D40: 보통인부 | E40: 010-7340-6771 | F40: 기업 | G40: 김형식 | H40: 052-096995-01-018 | O40: 0.75 | Q40: 1 | R40: 1.5 | U40: 1.5 | V40: 1.5 | W40: 0.5 | X40: 1.5 | Y40: 1.5 | AB40: 1.5 | AC40: 1.5 | AD40: 1 | AE40: 1.5 | AI40: 1.5 | AJ40: 1.5 | AK40: 1.5 | AL40: 1.5 | AN40: =SUM(I40:AM40) -> 21.25 | AO40: 150000 | AP40: =AN40*AO40 -> 3187500
A41: 36 | B41: 남희수 | C41: 741212-1068534 | D41: 보통인부 | E41: 010-8994-9296 | F41: 국민 | G41: 남희수 | H41: 547201-01-029724 | I41: 1.5 | J41: 1.5 | K41: 1.5 | L41: 1 | N41: 1.5 | O41: 1.5 | P41: 1.5 | Q41: 1.5 | R41: 1.5 | S41: 1 | U41: 1.5 | V41: 1.5 | W41: 1 | X41: 1.5 | Y41: 1.5 | Z41: 1 | AB41: 1.5 | AC41: 1.5 | AD41: 1 | AE41: 1.5 | AF41: 1.5 | AG41: 1 | AI41: 1.5 | AJ41: 1.5 | AK41: 1.5 | AL41: 1.5 | AN41: =SUM(I41:AM41) -> 36 | AO41: 160000 | AP41: =AN41*AO41 -> 5760000
A42: 37 | B42: 도남철 | C42: 681003-1683610 | D42: 보통인부 | E42: 010-3734-2196 | F42: 새마을 | G42: 도남철 | H42: 9002-1869-8588-9 | I42: 1.5 | J42: 1.5 | K42: 1.5 | L42: 1 | N42: 1.5 | O42: 1.5 | P42: 1.5 | Q42: 1.5 | R42: 1.5 | U42: 1.5 | V42: 1.5 | W42: 1 | X42: 1.5 | Y42: 1.5 | Z42: 1 | AB42: 1.5 | AC42: 1.5 | AD42: 1 | AE42: 1.5 | AF42: 1.5 | AG42: 1 | AI42: 1.5 | AJ42: 1.5 | AK42: 1.5 | AL42: 1.5 | AN42: =SUM(I42:AM42) -> 35 | AO42: 150000 | AP42: =AN42*AO42 -> 5250000
A43: 38 | B43: 문정윤 | C43: 941211-1631917 | D43: 보통인부 | E43: 010-3727-5340 | F43: 농협 | G43: 문정윤 | H43: 351-0895-4369-13 | O43: 0.75 | Q43: 1 | R43: 1.5 | U43: 1 | AN43: =SUM(I43:AM43) -> 4.25 | AO43: 160000 | AP43: =AN43*AO43 -> 680000
A44: 39 | B44: 박동은 | C44: 740428-1777929 | D44: 보통인부 | E44: 010-8240-5009 | F44: 농협 | G44: 박동은 | H44: 717-12-084497 | I44: 1.5 | J44: 1.5 | K44: 1.5 | L44: 1 | N44: 1.5 | O44: 1.5 | P44: 1.5 | Q44: 1.5 | R44: 1.5 | S44: 1 | U44: 1.5 | V44: 1.5 | W44: 1 | X44: 1.5 | Y44: 1.5 | Z44: 1 | AB44: 1.5 | AC44: 1.5 | AD44: 1 | AE44: 1.5 | AF44: 1.5 | AG44: 1 | AI44: 1.5 | AJ44: 1.5 | AK44: 1.5 | AL44: 1.375 | AN44: =SUM(I44:AM44) -> 35.875 | AO44: 180000 | AP44: =AN44*AO44 -> 6457500
A45: 40 | B45: 박민우 | C45: 841026-1531716 | D45: 배관공 | E45: 010-4768-4757 | F45: 국민 | G45: 박민우 | H45: 673002-01-201903 | I45: 2 | J45: 2 | K45: 1.75 | O45: 2 | P45: 2 | Q45: 2 | R45: 2 | U45: 2 | V45: 2 | W45: 2 | X45: 2 | AB45: 2 | AC45: 2 | AD45: 1.75 | AE45: 2 | AF45: 2 | AI45: 1.75 | AJ45: 2 | AK45: 2 | AN45: =SUM(I45:AM45) -> 37.25 | AO45: 220000 | AP45: =AN45*AO45 -> 8195000
A46: 41 | B46: 박성근 | C46: 850811-1526610 | D46: 배관공 | E46: 010-9463-2277 | F46: 농협 | G46: 박성근 | H46: 352-0406-9764-83 | I46: 2 | J46: 2 | K46: 2 | N46: 2 | O46: 2 | P46: 2 | Q46: 2 | R46: 2 | U46: 2 | V46: 2 | W46: 2 | X46: 2 | Y46: 2 | AB46: 2 | AC46: 2 | AD46: 2 | AE46: 2 | AF46: 2 | AI46: 2 | AJ46: 2 | AK46: 2 | AN46: =SUM(I46:AM46) -> 42 | AO46: 220000 | AP46: =AN46*AO46 -> 9240000
A47: 42 | B47: 박성호 | C47: 941107-1199714 | D47: 배관공 | E47: 010-2922-3403 | F47: 기업 | G47: 박성호 | H47: 450-033865-01-013 | I47: 1.5 | J47: 1.5 | K47: 1.5 | L47: 1 | O47: 1.5 | P47: 1.5 | Q47: 1.5 | R47: 1.5 | S47: 1 | U47: 0.5 | V47: 1.5 | W47: 1 | X47: 1.5 | Y47: 1.5 | Z47: 1 | AB47: 1.5 | AC47: 1.5 | AD47: 1 | AE47: 1.5 | AF47: 1.5 | AI47: 1.5 | AJ47: 1.5 | AK47: 1.5 | AL47: 1.5 | AN47: =SUM(I47:AM47) -> 32.5 | AO47: 180000 | AP47: =AN47*AO47 -> 5850000
A48: 43 | B48: 박세호 | C48: 830125-1674711 | D48: 용접공 | E48: 010-8898-7171 | F48: 카카오 | G48: 박세호 | H48: 3333-21-7116487 | I48: 1.5 | J48: 1.5 | K48: 1.5 | N48: 1.5 | O48: 1.5 | P48: 1.5 | Q48: 1.5 | R48: 1.5 | U48: 1.5 | V48: 1 | W48: 1 | X48: 1.5 | Y48: 1.5 | Z48: 1 | AB48: 1.5 | AC48: 1.5 | AD48: 1 | AE48: 1.5 | AF48: 1.5 | AG48: 0.875 | AI48: 1.5 | AJ48: 1.5 | AK48: 1.5 | AL48: 1.5 | AN48: =SUM(I48:AM48) -> 33.375 | AO48: 240000 | AP48: =AN48*AO48 -> 8010000
A49: 44 | B49: 박승남 | C49: 730316-1654417 | D49: 보통인부 | E49: 010-7618-6130 | F49: 농협 | G49: 박승남 | H49: 211065-56-138642 | I49: 1.5 | J49: 1.5 | K49: 1.5 | N49: 1.5 | O49: 1.5 | P49: 1.5 | Q49: 1.5 | R49: 1.5 | S49: 1 | U49: 1.5 | V49: 1.5 | W49: 1 | X49: 1.5 | Y49: 1.5 | AB49: 1.5 | AC49: 1.5 | AD49: 1 | AE49: 1.5 | AF49: 1.5 | AG49: 1 | AI49: 1.5 | AJ49: 1.5 | AK49: 1.5 | AL49: 1.5 | AN49: =SUM(I49:AM49) -> 34 | AO49: 150000 | AP49: =AN49*AO49 -> 5100000
A50: 45 | B50: 박안서 | C50: 810228-1469327 | D50: 용접공 | E50: 010-3690-0417 | F50: 우리 | G50: 박안서 | H50: 1002-040-987874 | I50: 1.5 | J50: 1.5 | K50: 1.5 | N50: 1.5 | O50: 1.5 | P50: 1.5 | Q50: 1.5 | R50: 1.5 | S50: 1 | U50: 1.5 | V50: 1.5 | W50: 1 | X50: 1.5 | Y50: 1.5 | AB50: 1.5 | AC50: 1.5 | AD50: 1 | AE50: 1.5 | AF50: 1.5 | AG50: 1 | AI50: 1.5 | AJ50: 1.5 | AK50: 1.5 | AL50: 1.5 | AN50: =SUM(I50:AM50) -> 34 | AO50: 240000 | AP50: =AN50*AO50 -> 8160000
A51: 46 | B51: 박종윤 | C51: 910520-1199615 | D51: 보통인부 | E51: 010-4441-1944 | F51: 기업 | G51: 박종윤 | H51: 186-086154-01-013 | O51: 0.75 | Q51: 1 | R51: 1.5 | U51: 1.5 | V51: 1.5 | W51: 1 | X51: 1.5 | Y51: 1.5 | Z51: 1 | AN51: =SUM(I51:AM51) -> 11.25 | AO51: 170000 | AP51: =AN51*AO51 -> 1912500
A52: 47 | B52: 박주영 | C52: 730810-1457613 | D52: 배관공 | E52: 010-3356-9406 | F52: 하나 | G52: 박주영 | H52: 130-910013-37908 | I52: 1.375 | J52: 1.5 | K52: 1.5 | L52: 1 | N52: 1.5 | O52: 1.5 | P52: 1.5 | Q52: 1.5 | R52: 1.5 | U52: 1.5 | V52: 1.5 | X52: 1.5 | Y52: 1.5 | Z52: 1 | AB52: 1.5 | AC52: 1.5 | AD52: 1 | AE52: 1.5 | AF52: 1.5 | AI52: 1.5 | AJ52: 1.5 | AK52: 1.5 | AL52: 1.5 | AN52: =SUM(I52:AM52) -> 32.875 | AO52: 210000 | AP52: =AN52*AO52 -> 6903750
A53: 48 | B53: 반춘호 | C53: 680115-1057219 | D53: 보통인부 | E53: 010-5440-6205 | F53: 농협 | G53: 반춘호 | H53: 302-1494-8082-31 | I53: 1.5 | J53: 1.5 | K53: 1.5 | L53: 1 | N53: 1.5 | O53: 1.5 | P53: 1.5 | Q53: 1.5 | R53: 1.5 | S53: 0.5 | U53: 1.5 | V53: 1.5 | W53: 1 | X53: 1.5 | Y53: 1.5 | Z53: 0.5 | AB53: 1.5 | AC53: 1.5 | AD53: 1 | AE53: 1.5 | AF53: 1.5 | AG53: 1 | AI53: 1.5 | AJ53: 1.5 | AK53: 1.5 | AL53: 1.5 | AN53: =SUM(I53:AM53) -> 35 | AO53: 150000 | AP53: =AN53*AO53 -> 5250000
A54: 49 | B54: 백승모 | C54: 800106-1229412 | D54: 배관공 | E54: 010-2773-3333 | F54: 우체국 | G54: 백승모 | H54: 101824-02-361526 | I54: 1.5 | J54: 1.5 | K54: 1.5 | N54: 1.5 | O54: 1.5 | P54: 1.5 | Q54: 1.5 | R54: 1.5 | S54: 1 | U54: 1.5 | V54: 1.5 | W54: 1 | X54: 1.5 | Y54: 1.5 | Z54: 1 | AB54: 1.5 | AC54: 1.5 | AD54: 1 | AE54: 1.5 | AF54: 1.5 | AG54: 1 | AI54: 1.5 | AJ54: 1.5 | AK54: 1.5 | AL54: 1.5 | AN54: =SUM(I54:AM54) -> 35 | AO54: 220000 | AP54: =AN54*AO54 -> 7700000
A55: 50 | B55: 백승배 | C55: 850323-1520514 | D55: 공사보조 | E55: 010-8113-3288 | F55: 우체국 | G55: 백승배 | H55: 402057-02-369681 | I55: 1.5 | J55: 1.5 | K55: 1.5 | L55: 0.5 | N55: 1.5 | Q55: 1.5 | R55: 1.5 | S55: 1 | U55: 1.5 | V55: 1.5 | W55: 1 | X55: 1.5 | Y55: 1.5 | Z55: 1 | AC55: 1.5 | AD55: 1 | AE55: 1.5 | AF55: 1.5 | AG55: 0.5 | AI55: 1.5 | AJ55: 1.5 | AK55: 1.5 | AL55: 0.5 | AN55: =SUM(I55:AM55) -> 29.5 | AO55: 190000 | AP55: =AN55*AO55 -> 5605000
A56: 51 | B56: 서용원 | C56: 680629-1224212 | D56: 보통인부 | E56: 010-5326-2653 | F56: 신협 | G56: 서용원 | H56: 132-101-853762 | I56: 2 | J56: 2 | K56: 2 | N56: 2 | O56: 2 | P56: 2 | Q56: 2 | R56: 2 | U56: 2 | V56: 2 | W56: 2 | X56: 2 | Y56: 2 | AB56: 2 | AC56: 2 | AD56: 2 | AF56: 2 | AI56: 2 | AJ56: 2 | AK56: 2 | AN56: =SUM(I56:AM56) -> 40 | AO56: 150000 | AP56: =AN56*AO56 -> 6000000
A57: 52 | B57: 서주석 | C57: 670215-1386321 | D57: 보통인부 | E57: 010-4514-8042 | F57: 농협 | G57: 서주석 | H57: 352-1129-4746-73 | I57: 2 | J57: 2 | K57: 2 | N57: 2 | O57: 2 | P57: 2 | Q57: 2 | R57: 2 | U57: 2 | V57: 2 | W57: 2 | X57: 2 | Y57: 2 | AB57: 2 | AC57: 2 | AD57: 2 | AE57: 2 | AF57: 2 | AI57: 2 | AJ57: 1.75 | AK57: 2 | AN57: =SUM(I57:AM57) -> 41.75 | AO57: 160000 | AP57: =AN57*AO57 -> 6680000
A58: 53 | B58: 서현우 | C58: 911210-1163410 | D58: 보통인부 | E58: 010-2320-6077 | F58: 하나 | G58: 서현우 | H58: 576-910358-27807 | I58: 1.5 | J58: 1.5 | K58: 1.5 | L58: 1 | N58: 1.5 | O58: 1.5 | P58: 1.5 | Q58: 1.5 | R58: 1.5 | U58: 1.5 | V58: 1.5 | W58: 1 | X58: 1.5 | Y58: 1.5 | Z58: 1 | AB58: 1.5 | AC58: 1.5 | AD58: 1 | AE58: 1.5 | AF58: 1.5 | AI58: 1.5 | AJ58: 1.5 | AK58: 1.5 | AL58: 1.5 | AN58: =SUM(I58:AM58) -> 34 | AO58: 150000 | AP58: =AN58*AO58 -> 5100000
A59: 54 | B59: 선승훈 | C59: 960323-1149910 | D59: 보통인부 | E59: 010-8006-8489 | F59: 카카오 | G59: 선승훈 | H59: 3333-06-8041872 | O59: 0.75 | Q59: 1 | R59: 1.5 | U59: 1 | AN59: =SUM(I59:AM59) -> 4.25 | AO59: 150000 | AP59: =AN59*AO59 -> 637500
A60: 55 | B60: 손동섭 | C60: 700908-1108719 | D60: 배관공 | E60: 010-3842-1987 | F60: 부산 | G60: 손동섭 | H60: 067-12-025943-0 | I60: 1.5 | J60: 1.5 | K60: 1.5 | L60: 1 | N60: 1.5 | O60: 1.5 | P60: 1.5 | Q60: 1.5 | R60: 1.5 | U60: 1.5 | V60: 1.5 | W60: 1 | X60: 1.5 | Y60: 1.5 | Z60: 1 | AB60: 1.5 | AC60: 1.5 | AD60: 1 | AE60: 1.5 | AF60: 1.5 | AG60: 1 | AI60: 1.5 | AJ60: 1.5 | AK60: 1.5 | AL60: 1.5 | AN60: =SUM(I60:AM60) -> 35 | AO60: 200000 | AP60: =AN60*AO60 -> 7000000
A61: 56 | B61: 손창경 | C61: 961203-1106415 | D61: 보통인부 | E61: 010-4089-1887 | F61: 부산 | G61: 손창경 | H61: 112-2076-1195-04 | O61: 0.75 | Q61: 1 | R61: 1.5 | U61: 1.25 | V61: 1.5 | W61: 1 | X61: 1.5 | Z61: 1 | AB61: 1.5 | AC61: 1.5 | AD61: 1 | AE61: 1.5 | AF61: 1.5 | AI61: 1.5 | AN61: =SUM(I61:AM61) -> 18 | AO61: 170000 | AP61: =AN61*AO61 -> 3060000
A62: 57 | B62: 송상엽 | C62: 820530-1167417 | D62: 보통인부 | E62: 010-3142-8904 | F62: 하나 | G62: 송상엽 | H62: 349-910362-94907 | I62: 1.5 | J62: 1.5 | K62: 1.5 | L62: 1 | N62: 1.5 | O62: 1.5 | P62: 1.5 | Q62: 1.5 | R62: 0.375 | S62: 1 | V62: 1.5 | W62: 1 | X62: 1.5 | Y62: 1.5 | Z62: 1 | AB62: 1.5 | AC62: 1.5 | AD62: 1 | AE62: 1.5 | AF62: 1.5 | AG62: 0.5 | AI62: 1.5 | AJ62: 1.5 | AK62: 1.5 | AL62: 1.5 | AN62: =SUM(I62:AM62) -> 32.875 | AO62: 200000 | AP62: =AN62*AO62 -> 6575000
A63: 58 | B63: 송수림 | C63: 840920-1789928 | D63: 보통인부 | E63: 010-2777-7145 | F63: 농협 | G63: 송수림 | H63: 352-0253-3500-63 | I63: 1.5 | J63: 1.5 | K63: 1.5 | L63: 1 | N63: 1.5 | O63: 1.5 | P63: 1.5 | Q63: 1.5 | R63: 1.5 | S63: 1 | U63: 1.5 | V63: 1.5 | W63: 1 | X63: 1.5 | Y63: 1.5 | Z63: 1 | AB63: 1.5 | AC63: 1.5 | AD63: 1 | AE63: 1.5 | AF63: 1.5 | AG63: 1 | AI63: 1.5 | AJ63: 1.5 | AK63: 1.5 | AL63: 1.5 | AN63: =SUM(I63:AM63) -> 36 | AO63: 150000 | AP63: =AN63*AO63 -> 5400000
A64: 59 | B64: 송용기 | C64: 980114-1811111 | D64: 보통인부 | E64: 010-9473-9352 | F64: 농협 | G64: 송용기 | H64: 352-2309-2775-73 | I64: 2 | J64: 2 | K64: 2 | N64: 2 | O64: 1.75 | P64: 2 | Q64: 2 | R64: 2 | U64: 2 | V64: 2 | W64: 2 | X64: 2 | Y64: 2 | AB64: 2 | AC64: 1.75 | AD64: 2 | AE64: 2 | AF64: 2 | AI64: 2 | AJ64: 2 | AK64: 2 | AN64: =SUM(I64:AM64) -> 41.5 | AO64: 150000 | AP64: =AN64*AO64 -> 6225000
A65: 60 | B65: 신기현 | C65: 951018-1458314 | D65: 보통인부 | E65: 010-3950-1045 | F65: 카카오 | G65: 신기현 | H65: 3333-05-4607779 | I65: 1.5 | J65: 1.5 | K65: 1.5 | L65: 0.5 | N65: 1.5 | O65: 1.5 | P65: 1.5 | Q65: 1.5 | R65: 1.5 | S65: 1 | U65: 1.5 | V65: 1.5 | W65: 1 | X65: 1.5 | Y65: 1.5 | AC65: 1.5 | AD65: 1 | AI65: 1.5 | AJ65: 1.5 | AK65: 1.5 | AL65: 1.5 | AN65: =SUM(I65:AM65) -> 29 | AO65: 150000 | AP65: =AN65*AO65 -> 4350000
A66: 61 | B66: 신민재 | C66: 900411-1246925 | D66: 배관공 | E66: 010-8361-4080 | F66: 기업 | G66: 신민재 | H66: 136-086738-01-013 | I66: 1.5 | J66: 1.5 | K66: 1.5 | N66: 1.5 | O66: 1.5 | P66: 1.5 | Q66: 1.5 | R66: 1.5 | S66: 0.5 | AN66: =SUM(I66:AM66) -> 12.5 | AO66: 220000 | AP66: =AN66*AO66 -> 2750000
A67: 62 | B67: 신원석 | C67: 820823-1151611 | D67: 보통인부 | E67: 010-5794-3572 | F67: 신한 | G67: 신원석 | H67: 110-312-958801 | I67: 1.5 | J67: 1.5 | K67: 1.5 | L67: 1 | N67: 1.5 | O67: 1.5 | P67: 1.5 | Q67: 1.5 | R67: 1.5 | S67: 1 | U67: 1.5 | V67: 1.5 | W67: 1 | X67: 1.5 | Y67: 1.5 | Z67: 1 | AB67: 1.5 | AC67: 1.5 | AD67: 1 | AE67: 1.5 | AF67: 1.5 | AI67: 1.5 | AJ67: 1.5 | AK67: 1.5 | AL67: 1.5 | AN67: =SUM(I67:AM67) -> 35 | AO67: 190000 | AP67: =AN67*AO67 -> 6650000
A68: 63 | B68: 신준호 | C68: 860115-1063914 | D68: 보통인부 | E68: 010-7628-6061 | F68: 우리 | G68: 신준호 | H68: 1002-735-727923 | I68: 2 | J68: 2 | K68: 2 | N68: 2 | O68: 2 | P68: 2 | Q68: 2 | R68: 2 | U68: 2 | V68: 2 | W68: 2 | X68: 2 | Y68: 2 | AB68: 2 | AC68: 2 | AD68: 2 | AE68: 2 | AF68: 2 | AI68: 2 | AJ68: 2 | AK68: 2 | AN68: =SUM(I68:AM68) -> 42 | AO68: 150000 | AP68: =AN68*AO68 -> 6300000
A69: 64 | B69: 심용철 | C69: 851207-1080916 | D69: 배관공 | E69: 010-7283-9100 | F69: 카카오 | G69: 심용철 | H69: 3333-06-2043775 | O69: 1 | Q69: 1 | R69: 1.5 | U69: 1.5 | V69: 1.5 | W69: 1 | X69: 1.5 | AB69: 1.5 | AC69: 1.5 | AD69: 1 | AF69: 1.5 | AJ69: 1.5 | AK69: 1.375 | AN69: =SUM(I69:AM69) -> 17.375 | AO69: 210000 | AP69: =AN69*AO69 -> 3648750
A70: 65 | B70: 안성원 | C70: 730222-1674813 | D70: 보통인부 | E70: 010-9575-3445 | F70: 새마을 | G70: 안성원 | H70: 9003-2348-2974-4 | I70: 1.5 | J70: 1.5 | K70: 1.5 | N70: 1.5 | O70: 1.5 | P70: 1.5 | Q70: 1.5 | R70: 1.5 | S70: 1 | U70: 1.5 | V70: 1.5 | W70: 1 | X70: 1.5 | Y70: 1.5 | Z70: 0.5 | AB70: 1.5 | AC70: 1.5 | AD70: 1 | AE70: 1.5 | AF70: 1.5 | AG70: 1 | AI70: 1.5 | AJ70: 1.5 | AK70: 1.5 | AL70: 1.5 | AN70: =SUM(I70:AM70) -> 34.5 | AO70: 170000 | AP70: =AN70*AO70 -> 5865000
A71: 66 | B71: 안수민 | C71: 900220-1083010 | D71: 보통인부 | E71: 010-5250-9814 | F71: 새마을 | G71: 안수민 | H71: 8010-5250-9814-0 | I71: 2 | J71: 2 | K71: 0.75 | N71: 1.75 | O71: 2 | P71: 2 | Q71: 2 | R71: 2 | U71: 2 | V71: 1.75 | X71: 2 | Y71: 2 | AB71: 2 | AC71: 2 | AD71: 0.5 | AE71: 2 | AI71: 2 | AJ71: 2 | AK71: 2 | AN71: =SUM(I71:AM71) -> 34.75 | AO71: 150000 | AP71: =AN71*AO71 -> 5212500
A72: 67 | B72: 안영애 | C72: 730210-2810921 | D72: 보통인부 | E72: 010-4250-5380 | F72: 국민 | G72: 안영애 | H72: 402401-04-137923 | I72: 1.5 | J72: 1.5 | K72: 1.5 | L72: 1 | N72: 1.5 | O72: 1.5 | P72: 1.5 | Q72: 1.5 | R72: 1.5 | S72: 1 | U72: 1.5 | V72: 1.5 | W72: 1 | X72: 1.5 | Y72: 1.5 | AB72: 1.5 | AC72: 1.5 | AD72: 1 | AE72: 1.5 | AF72: 1.5 | AG72: 1 | AI72: 1.375 | AJ72: 1.5 | AK72: 1.5 | AL72: 1.5 | AN72: =SUM(I72:AM72) -> 34.875 | AO72: 160000 | AP72: =AN72*AO72 -> 5580000
A73: 68 | B73: 안현진 | C73: 940313-1105610 | D73: 보통인부 | E73: 010-8108-0460 | F73: 우리 | G73: 안현진 | H73: 1002-750-745421 | I73: 2 | J73: 2 | N73: 2 | O73: 2 | P73: 2 | Q73: 2 | R73: 2 | U73: 2 | V73: 2 | W73: 2 | X73: 2 | Y73: 2 | AC73: 2 | AD73: 2 | AE73: 2 | AF73: 2 | AI73: 2 | AJ73: 2 | AK73: 2 | AN73: =SUM(I73:AM73) -> 38 | AO73: 150000 | AP73: =AN73*AO73 -> 5700000
A74: 69 | B74: 양동현 | C74: 970121-1126611 | D74: 보통인부 | E74: 010-5213-3183 | F74: 카카오 | G74: 양동현 | H74: 3333-05-3629952 | I74: 1.5 | J74: 1.5 | K74: 1.5 | L74: 1 | N74: 1.5 | O74: 1.5 | P74: 1.5 | Q74: 1.5 | R74: 1.5 | S74: 1 | U74: 1.5 | V74: 1.5 | W74: 1 | X74: 1.5 | Y74: 1.5 | AB74: 1.5 | AC74: 1.5 | AD74: 1 | AF74: 1.5 | AI74: 1.5 | AJ74: 1.5 | AK74: 1.5 | AL74: 1.5 | AN74: =SUM(I74:AM74) -> 32.5 | AO74: 150000 | AP74: =AN74*AO74 -> 4875000
A75: 70 | B75: 양희성 | C75: 911226-1178314 | D75: 보통인부 | E75: 010-8362-1226 | F75: 신한 | G75: 양희성 | H75: 110-314-832686 | I75: 1.5 | J75: 1.5 | K75: 1.5 | L75: 1 | N75: 1.5 | O75: 1.5 | P75: 1.5 | Q75: 1.5 | R75: 1.5 | S75: 1 | U75: 1.5 | V75: 1.5 | W75: 1 | X75: 1.5 | Y75: 1.5 | Z75: 1 | AB75: 1.5 | AC75: 1.5 | AD75: 1 | AE75: 1.5 | AF75: 1.5 | AG75: 1 | AI75: 1.5 | AJ75: 1.5 | AK75: 1.5 | AL75: 1.5 | AN75: =SUM(I75:AM75) -> 36 | AO75: 150000 | AP75: =AN75*AO75 -> 5400000
A76: 71 | B76: 엄재현 | C76: 940507-1693011 | D76: 보통인부 | E76: 010-3735-9457 | F76: 신한 | G76: 엄재현 | H76: 110-492-625050 | O76: 0.75 | Q76: 1 | R76: 1.5 | U76: 1.5 | V76: 1.5 | W76: 0.5 | X76: 1.5 | Y76: 1.5 | Z76: 1 | AB76: 1.5 | AC76: 1.5 | AD76: 1 | AE76: 1.5 | AI76: 1.5 | AJ76: 1.5 | AK76: 1.5 | AL76: 0.5 | AN76: =SUM(I76:AM76) -> 21.25 | AO76: 180000 | AP76: =AN76*AO76 -> 3825000
A77: 72 | B77: 여훈 | C77: 790116-1696716 | D77: 보통인부 | E77: 010-8583-1849 | F77: 신한 | G77: 여훈 | H77: 110-302-536595 | I77: 1.5 | J77: 1.5 | K77: 1.5 | N77: 1.5 | O77: 1.5 | P77: 1.5 | Q77: 1.5 | R77: 1.5 | S77: 0.5 | U77: 1.5 | V77: 1.5 | W77: 1 | X77: 1.5 | Y77: 1.5 | AB77: 1.5 | AC77: 1.5 | AD77: 1 | AE77: 1.5 | AF77: 1.5 | AG77: 1 | AI77: 1.5 | AJ77: 1.5 | AK77: 1.5 | AL77: 1.5 | AN77: =SUM(I77:AM77) -> 33.5 | AO77: 150000 | AP77: =AN77*AO77 -> 5025000
A78: 73 | B78: 오창환 | C78: 890930-1184115 | D78: 배관공 | E78: 010-2600-4405 | F78: 농협 | G78: 오창환 | H78: 312-0145-7256-61 | O78: 1 | Q78: 1 | R78: 1.5 | U78: 1.5 | V78: 1.5 | W78: 1 | X78: 1.5 | Y78: 1.5 | AC78: 1.5 | AD78: 1 | AE78: 1.5 | AF78: 0.5 | AG78: 1 | AI78: 1.5 | AJ78: 1.5 | AK78: 1.5 | AL78: 0.5 | AN78: =SUM(I78:AM78) -> 21 | AO78: 210000 | AP78: =AN78*AO78 -> 4410000
A79: 74 | B79: 원홍연 | C79: 801025-1057720 | D79: 공사보조 | E79: 010-2922-2223 | F79: 케이뱅크 | G79: 원홍연 | H79: 100-214-461370 | I79: 1.5 | J79: 1.5 | K79: 1.5 | L79: 1 | N79: 1.5 | O79: 1.5 | P79: 1.5 | Q79: 1.5 | R79: 1.5 | S79: 1 | U79: 1.5 | V79: 1.5 | W79: 1 | X79: 1.5 | Y79: 1.5 | Z79: 1 | AB79: 1.5 | AC79: 1.5 | AD79: 1 | AE79: 1.5 | AF79: 1.5 | AG79: 1 | AI79: 1.5 | AJ79: 1.5 | AK79: 1.5 | AL79: 1.75 | AN79: =SUM(I79:AM79) -> 36.25 | AO79: 230000 | AP79: =AN79*AO79 -> 8337500
A80: 75 | B80: 이경백 | C80: 830511-1727011 | D80: 보통인부 | E80: 010-9612-0511 | F80: 국민 | G80: 이경백 | H80: 613201-04-212972 | I80: 1.5 | J80: 1.5 | K80: 1.5 | L80: 1 | N80: 1.5 | O80: 1.5 | P80: 1.5 | U80: 1.5 | V80: 1.5 | W80: 1 | X80: 1.5 | Y80: 1.5 | Z80: 1 | AN80: =SUM(I80:AM80) -> 18 | AO80: 160000 | AP80: =AN80*AO80 -> 2880000
A81: 76 | B81: 이관창 | C81: 740709-1262013 | D81: 보통인부 | E81: 010-5385-2305 | F81: 농협 | G81: 이관창 | H81: 167-02-743383 | I81: 2 | J81: 2 | K81: 2 | N81: 2 | O81: 2 | P81: 2 | Q81: 2 | R81: 2 | U81: 2 | V81: 2 | W81: 2 | X81: 2 | Y81: 2 | AB81: 2 | AC81: 2 | AD81: 2 | AE81: 2 | AF81: 2 | AI81: 2 | AJ81: 2 | AK81: 2 | AN81: =SUM(I81:AM81) -> 42 | AO81: 160000 | AP81: =AN81*AO81 -> 6720000
A82: 77 | B82: 이명재 | C82: 840407-1011315 | D82: 배관공 | E82: 010-2288-2353 | F82: 신한 | G82: 이명재 | H82: 110-470-707347 | I82: 1.5 | J82: 1.5 | K82: 1.5 | L82: 1 | N82: 1.5 | O82: 1.5 | P82: 1.5 | Q82: 1.5 | R82: 1.5 | S82: 1 | U82: 1.5 | V82: 1.5 | W82: 1 | X82: 1.5 | Y82: 1.5 | Z82: 1 | AB82: 1.5 | AC82: 1.5 | AD82: 1 | AE82: 1.5 | AI82: 1.5 | AJ82: 1.5 | AK82: 1.5 | AL82: 1.5 | AN82: =SUM(I82:AM82) -> 33.5 | AO82: 200000 | AP82: =AN82*AO82 -> 6700000
A83: 78 | B83: 이상범 | C83: 860701-1070519 | D83: 배관공 | E83: 010-2221-9310 | F83: 농협 | G83: 이상범 | H83: 352-2141-5574-83 | I83: 2 | J83: 2 | K83: 2 | N83: 2 | O83: 2 | P83: 2 | Q83: 2 | R83: 2 | U83: 2 | V83: 2 | W83: 2 | X83: 2 | Y83: 2 | AB83: 2 | AC83: 2 | AD83: 2 | AE83: 2 | AF83: 2 | AI83: 2 | AJ83: 2 | AK83: 2 | AN83: =SUM(I83:AM83) -> 42 | AO83: 230000 | AP83: =AN83*AO83 -> 9660000
A84: 79 | B84: 이상수 | C84: 781203-1474219 | D84: 보통인부 | E84: 010-6515-6214 | F84: 우리 | G84: 이상수 | H84: 1002-531-775338 | I84: 1.5 | J84: 1.5 | K84: 1.5 | N84: 1.5 | O84: 1.5 | P84: 1.5 | Q84: 1.5 | R84: 1.5 | U84: 1.5 | V84: 1.5 | W84: 1 | X84: 1.5 | Y84: 1.5 | Z84: 1 | AB84: 1.5 | AC84: 1.5 | AD84: 1 | AE84: 1.5 | AI84: 1.5 | AJ84: 1.5 | AK84: 1.5 | AL84: 1.5 | AN84: =SUM(I84:AM84) -> 31.5 | AO84: 150000 | AP84: =AN84*AO84 -> 4725000
A85: 80 | B85: 이상수 | C85: 810518-1927711 | D85: 용접공 | E85: 010-3552-7717 | F85: 기업 | G85: 이상수 | H85: 171077318-02-013 | I85: 1.5 | J85: 1.5 | K85: 1.5 | N85: 1.5 | O85: 1.5 | P85: 1.5 | Q85: 1.5 | R85: 1.5 | S85: 1 | U85: 1.5 | V85: 1.5 | W85: 0.875 | X85: 1.5 | Y85: 1.5 | AB85: 1.5 | AC85: 1.5 | AD85: 1 | AE85: 1.5 | AF85: 1.5 | AI85: 1.5 | AJ85: 1.5 | AK85: 1.375 | AN85: =SUM(I85:AM85) -> 31.25 | AO85: 240000 | AP85: =AN85*AO85 -> 7500000
A86: 81 | B86: 이예성 | C86: 851227-1117515 | D86: 용접공 | E86: 010-3639-0770 | F86: 국민 | G86: 이예성 | H86: 114001-04-126831 | I86: 2 | J86: 2 | K86: 2 | N86: 2 | O86: 2 | P86: 2 | Q86: 2 | R86: 2 | U86: 2 | V86: 2 | W86: 2 | X86: 2 | Y86: 2 | AB86: 2 | AC86: 2 | AD86: 2 | AE86: 2 | AF86: 2 | AN86: =SUM(I86:AM86) -> 36 | AO86: 240000 | AP86: =AN86*AO86 -> 8640000
A87: 82 | B87: 이재선 | C87: 781210-1810810 | D87: 보통인부 | E87: 010-7195-4289 | F87: 농협 | G87: 이재선 | H87: 356-0502-1280-53 | I87: 1.5 | J87: 1.5 | K87: 1.5 | N87: 1.5 | O87: 1.5 | P87: 1.5 | Q87: 1.5 | R87: 1.5 | S87: 0.5 | AN87: =SUM(I87:AM87) -> 12.5 | AO87: 160000 | AP87: =AN87*AO87 -> 2000000
A88: 83 | B88: 이정완 | C88: 680304-1661020 | D88: 보통인부 | E88: 010-3833-5897 | F88: 카카오 | G88: 이정완 | H88: 3333-22-9072681 | I88: 1.5 | J88: 1.5 | K88: 1.5 | L88: 1 | N88: 1.5 | O88: 1.5 | P88: 1.5 | Q88: 1.5 | R88: 0.5 | U88: 1.5 | V88: 1.5 | W88: 1 | X88: 1.5 | Y88: 1.5 | Z88: 1 | AB88: 1.5 | AC88: 1.5 | AD88: 1 | AE88: 1.5 | AF88: 1.5 | AG88: 1 | AI88: 1.5 | AJ88: 1.5 | AK88: 1.5 | AL88: 1.5 | AN88: =SUM(I88:AM88) -> 34 | AO88: 150000 | AP88: =AN88*AO88 -> 5100000
A89: 84 | B89: 이주문 | C89: 730118-1047421 | D89: 보통인부 | E89: 010-9628-9599 | F89: 하나 | G89: 이주문 | H89: 159-910705-92107 | I89: 1.5 | J89: 1.5 | K89: 1.5 | L89: 1 | N89: 1.5 | O89: 1.5 | P89: 1.5 | Q89: 1.5 | R89: 1.5 | U89: 1.5 | V89: 1.5 | W89: 1 | X89: 1.5 | Y89: 1.5 | AB89: 1.5 | AC89: 1.5 | AD89: 1 | AE89: 1.5 | AF89: 1.5 | AI89: 0.5 | AJ89: 1 | AK89: 1.5 | AL89: 1.5 | AN89: =SUM(I89:AM89) -> 31.5 | AO89: 160000 | AP89: =AN89*AO89 -> 5040000
A90: 85 | B90: 이준희 | C90: 990409-1482511 | D90: 보통인부 | E90: 010-7610-5782 | F90: 농협 | G90: 이준희 | H90: 352-9999-0409-23 | I90: 1.5 | J90: 1.375 | K90: 1.5 | L90: 1 | N90: 1.5 | O90: 1.5 | P90: 1.5 | Q90: 1.5 | R90: 1.5 | S90: 1 | U90: 1.5 | V90: 1.5 | W90: 1 | X90: 1.5 | Y90: 1.5 | Z90: 1 | AB90: 1.5 | AC90: 1.5 | AD90: 1 | AE90: 1.5 | AF90: 1.5 | AG90: 1 | AI90: 1.5 | AJ90: 1.5 | AK90: 1.5 | AL90: 1.5 | AN90: =SUM(I90:AM90) -> 35.875 | AO90: 150000 | AP90: =AN90*AO90 -> 5381250
A91: 86 | B91: 이진호 | C91: 800112-1155512 | D91: 보통인부 | E91: 010-4616-2315 | F91: 새마을 | G91: 이진호 | H91: 90003-2589-7444-6 | O91: 0.75 | Q91: 1 | R91: 1.5 | U91: 1.5 | V91: 1.5 | W91: 1 | X91: 1.5 | Y91: 1.5 | Z91: 1 | AB91: 1.5 | AC91: 1.5 | AD91: 1 | AE91: 1.5 | AF91: 1.5 | AG91: 1 | AI91: 1.5 | AJ91: 1.5 | AK91: 1.5 | AL91: 0.5 | AN91: =SUM(I91:AM91) -> 24.25 | AO91: 160000 | AP91: =AN91*AO91 -> 3880000
A92: 87 | B92: 이창수 | C92: 891212-1042614 | D92: 보통인부 | E92: 010-7370-6219 | F92: 카카오 | G92: 이창수 | H92: 3333-26-3010854 | I92: 1.5 | J92: 1.5 | K92: 1.5 | N92: 1.5 | O92: 0.5 | P92: 1.5 | Q92: 1.5 | R92: 1.5 | U92: 1.5 | V92: 1.5 | W92: 1 | X92: 1.5 | Y92: 1.5 | AB92: 1.5 | AC92: 1.5 | AD92: 1 | AE92: 1.5 | AF92: 1.5 | AG92: 1 | AI92: 1.5 | AJ92: 1.5 | AK92: 1.5 | AL92: 1.5 | AN92: =SUM(I92:AM92) -> 32 | AO92: 150000 | AP92: =AN92*AO92 -> 4800000
A93: 88 | B93: 이해주 | C93: 701028-1536510 | D93: 보통인부 | E93: 010-4503-9417 | F93: 기업 | G93: 이해주 | H93: 541-011332-01-010 | I93: 2 | J93: 2 | K93: 2 | N93: 2 | O93: 2 | P93: 2 | Q93: 2 | R93: 2 | U93: 2 | V93: 2 | W93: 2 | X93: 2 | AB93: 2 | AC93: 2 | AD93: 2 | AE93: 2 | AF93: 2 | AI93: 2 | AJ93: 2 | AK93: 2 | AN93: =SUM(I93:AM93) -> 40 | AO93: 160000 | AP93: =AN93*AO93 -> 6400000
A94: 89 | B94: 이희완 | C94: 910415-1692627 | D94: 용접공 | E94: 010-9909-6141 | F94: 신한 | G94: 이희완 | H94: 110-316-569643 | V94: 1 | X94: 1 | Y94: 1.5 | AB94: 1.5 | AC94: 1.5 | AD94: 1 | AE94: 1.5 | AF94: 1.5 | AG94: 1 | AI94: 1.5 | AJ94: 1.5 | AK94: 1.5 | AL94: 1.5 | AN94: =SUM(I94:AM94) -> 17.5 | AO94: 240000 | AP94: =AN94*AO94 -> 4200000
A95: 90 | B95: 임국빈 | C95: 730623-1357211 | D95: 보통인부 | E95: 010-9061-4722 | F95: 농협 | G95: 임국빈 | H95: 336-02-182566 | I95: 2 | J95: 2 | K95: 2 | N95: 2 | O95: 2 | P95: 2 | Q95: 2 | R95: 2 | U95: 2 | V95: 2 | W95: 2 | X95: 2 | Y95: 2 | AB95: 2 | AC95: 2 | AD95: 2 | AE95: 2 | AF95: 2 | AI95: 2 | AJ95: 2 | AK95: 2 | AN95: =SUM(I95:AM95) -> 42 | AO95: 160000 | AP95: =AN95*AO95 -> 6720000
A96: 91 | B96: 임세훈 | C96: 801028-1113827 | D96: 용접공 | E96: 010-7444-3839 | F96: 기업 | G96: 임세훈 | H96: 453-050090-01-012 | I96: 1.5 | J96: 1.5 | K96: 1.5 | L96: 1 | O96: 1.5 | P96: 1.5 | Q96: 1.5 | R96: 1.5 | S96: 1 | U96: 1.5 | V96: 1.5 | W96: 1 | X96: 1.5 | Y96: 1.5 | Z96: 1 | AB96: 1.5 | AC96: 1.5 | AD96: 1 | AE96: 1.5 | AF96: 1.5 | AG96: 1 | AI96: 1.5 | AJ96: 1.5 | AK96: 1.5 | AL96: 1.5 | AN96: =SUM(I96:AM96) -> 34.5 | AO96: 240000 | AP96: =AN96*AO96 -> 8280000
A97: 92 | B97: 임승희 | C97: 881107-1235222 | D97: 공사보조 | E97: 010-4393-9938 | F97: 신한 | G97: 임승희 | H97: 110-353-055995 | I97: 1.5 | J97: 1.5 | K97: 1.5 | L97: 1 | N97: 1.5 | O97: 1.5 | P97: 1.5 | Q97: 1.5 | R97: 1.5 | S97: 1 | U97: 1.5 | V97: 1.5 | W97: 1 | X97: 1.5 | Y97: 1.5 | AB97: 1.5 | AC97: 1.5 | AD97: 1 | AE97: 1.5 | AF97: 1.5 | AG97: 1 | AI97: 1.5 | AJ97: 1.5 | AK97: 1.5 | AL97: 1.75 | AN97: =SUM(I97:AM97) -> 35.25 | AO97: 210000 | AP97: =AN97*AO97 -> 7402500
A98: 93 | B98: 전용훈 | C98: 941206-1187916 | D98: 보통인부 | E98: 010-5397-1694 | F98: 기업 | G98: 전용훈 | H98: 972-025806-01-019 | O98: 0.75 | Q98: 1 | R98: 1.5 | U98: 1.5 | V98: 1.25 | W98: 0.5 | X98: 1.5 | Y98: 1.5 | Z98: 1 | AB98: 1.5 | AD98: 1 | AE98: 1.5 | AF98: 1.5 | AG98: 1 | AI98: 1.5 | AJ98: 1.5 | AK98: 1.5 | AL98: 1 | AN98: =SUM(I98:AM98) -> 22.5 | AO98: 150000 | AP98: =AN98*AO98 -> 3375000
A99: 94 | B99: 전준 | C99: 800228-1168033 | D99: 보통인부 | E99: 010-2822-3392 | F99: 신한 | G99: 전준 | H99: 110-264-802497 | I99: 1.5 | J99: 1.5 | K99: 1.5 | L99: 1 | N99: 1.5 | O99: 1.5 | P99: 1.5 | Q99: 1.5 | R99: 1 | S99: 1 | U99: 1.5 | V99: 1.5 | W99: 1 | X99: 1.5 | Y99: 1.5 | Z99: 1 | AB99: 0.5 | AC99: 1.5 | AD99: 1 | AE99: 1.5 | AF99: 1.5 | AG99: 1 | AI99: 1.5 | AJ99: 1.5 | AK99: 1.5 | AL99: 1.5 | AN99: =SUM(I99:AM99) -> 34.5 | AO99: 210000 | AP99: =AN99*AO99 -> 7245000
A100: 95 | B100: 정다은 | C100: 000410-4352521 | D100: 안전보조 | E100: 010-5668-9410 | F100: 토스 | G100: 정다은 | H100: 1000-8817-8812 | I100: 1 | J100: 1.5 | K100: 1.5 | L100: 1 | N100: 1.5 | O100: 1.5 | P100: 1.5 | Q100: 1.5 | R100: 1 | S100: 1 | AN100: =SUM(I100:AM100) -> 13 | AO100: 160000 | AP100: =AN100*AO100 -> 2080000
A101: 96 | B101: 정덕원 | C101: 970110-1675211 | D101: 보통인부 | E101: 010-5100-8961 | F101: 하나 | G101: 정덕원 | H101: 119-910619-32507 | I101: 2 | N101: 2 | O101: 2 | P101: 2 | Q101: 2 | R101: 2 | U101: 2 | V101: 2 | W101: 2 | X101: 2 | Y101: 2 | AB101: 2 | AC101: 2 | AD101: 2 | AE101: 2 | AF101: 2 | AI101: 2 | AJ101: 2 | AK101: 2 | AN101: =SUM(I101:AM101) -> 38 | AO101: 160000 | AP101: =AN101*AO101 -> 6080000
...

Sheet 용접기자재
A1: 용접 기자재
A2: No | B2: 구매일 | C2: 구분 | D2: 품명 | E2: 규격 | F2: 거래처명 | G2: 발주수량 | H2: 단가 | I2: 합계 | J2: 비고
I3: =ROUND(SUM(I4:I82),) -> 659700
A4: =ROW()-3 -> 1 | B4: 46121 | C4: 소모성자재 | D4: 알곤용접봉 | E4: [TGC316L.2.4mm,5kg [조선선재]] | F4: 미래공구 | G4: 1 | H4: 89500 | I4: 89500 | L4: 입력해야하는 항목 외 수정 금지
A5: =ROW()-3 -> 2 | B5: 46125 | C5: 소모성자재 | D5: 알곤용접봉 | E5: [TGC316L.2.4mm,5kg [조선선재]] | F5: 미래공구 | G5: 1 | H5: 89500 | I5: 89500 | L5: 입력항목
A6: =ROW()-3 -> 3 | B6: 46128 | C6: 소모성자재 | D6: 텅스텐봉 | E6: [3.2Q,10개,란탄2%,CTX [크레토스]] | F6: 미래공구 | G6: 3 | H6: 95900 | I6: 287700 | L6: 구매일
A7: =ROW()-3 -> 4 | B7: 46135 | C7: 소모성자재 | D7: 알곤용접봉 | E7: [TGC308L.2.4mm,5kg [조선선재]] | F7: 미래공구 | G7: 2 | H7: 71500 | I7: 143000 | L7: 구분
A8: =ROW()-3 -> 5 | B8: 46135 | C8: 소모성자재 | D8: 용접유리 | E8: [2T,투명,CTX [크레토스]] | F8: 미래공구 | G8: 10 | H8: 100 | I8: 1000 | L8: 품명
A9: =ROW()-3 -> 6 | B9: 46139 | C9: 소모성자재 | D9: 알곤토치헤드 | E9: [350A,플렉시블,CT-35F,CTX [크레토스]] | F9: 미래공구 | G9: 5 | H9: 9800 | I9: 49000 | L9: 규격
L10: 거래처명
L11: 발주수량
L12: 단가
L14: ■ 구분은 [소모성자재, 공구, 임대(공구), 안전용품, 비품] 이외 항목은 입력금지

Sheet 배관기자재
A1: 배관 기자재
A2: No | B2: 구매일 | C2: 구분 | D2: 품명 | E2: 규격 | F2: 거래처명 | G2: 발주수량 | H2: 단가 | I2: 합계 | J2: 비고
I3: =ROUND(SUM(I4:I66),) -> 2583673 | L3: 입력해야하는 항목 외 수정 금지
A4: =ROW()-3 -> 1 | B4: 46120 | C4: 소모성자재 | D4: 스포츠백팩 | F4: 11번가 | G4: 100 | H4: 840.90909 | I4: 84090.909 | L4: 입력항목
A5: =ROW()-3 -> 2 | B5: 46133 | C5: 소모성자재 | D5: NBR 코팅장갑 | E5: M | F5: 네이버파이낸셜(주) | G5: 35 | H5: 667.27273 | I5: 23354.545 | L5: 구매일
A6: =ROW()-3 -> 3 | B6: 46141 | C6: 안전용품 | D6: 헤드랜턴 | E6: G016-m5 | F6: 네이버파이낸셜(주) | G6: 5 | H6: 4236.3636 | I6: 21181.818 | L6: 구분
A7: =ROW()-3 -> 4 | B7: 46125 | C7: 소모성자재 | D7: 라인테이프 | E7: 48mm*30m | F7: 마루한길 | G7: 100 | H7: 1800 | I7: 180000 | L7: 품명
A8: =ROW()-3 -> 5 | B8: 46139 | C8: 소모성자재 | D8: 라인테이프 | E8: 48mm*30m | F8: 마루한길 | G8: 50 | H8: 1800 | I8: 90000 | L8: 규격
A9: =ROW()-3 -> 6 | B9: 46113 | C9: 소모성자재 | D9: 낙상경보기 | E9: [200*90 [3S]] | F9: 미래공구 | G9: 20 | H9: 4000 | I9: 80000 | L9: 거래처명
A10: =ROW()-3 -> 7 | B10: 46113 | C10: 소모성자재 | D10: 안전커버 | E10: [마그네틱드릴보호커버,PMD3530용(#104),CTX [UDT]] | F10: 미래공구 | G10: 2 | H10: 6100 | I10: 12200 | L10: 발주수량
A11: =ROW()-3 -> 8 | B11: 46114 | C11: 소모성자재 | D11: 마대 | E11: [수입,정80kg,80L [SW]] | F11: 미래공구 | G11: 200 | H11: 300 | I11: 60000 | L11: 단가
A12: =ROW()-3 -> 9 | B12: 46114 | C12: 소모성자재 | D12: 쇼바 | E12: [BY4-500-20kg(=C1K3500200) [부영]] | F12: 미래공구 | G12: 2 | H12: 12000 | I12: 24000
A13: =ROW()-3 -> 10 | B13: 46114 | C13: 소모성자재 | D13: 쇼바브라켓 | E13: [BY4-BK-1,평자 [부영]] | F13: 미래공구 | G13: 2 | H13: 1700 | I13: 3400 | N13: ■ 구분은 [소모성자재, 공구, 임대(공구), 안전용품, 비품] 이외 항목은 입력금지
A14: =ROW()-3 -> 11 | B14: 46114 | C14: 소모성자재 | D14: 쇼바브라켓 | E14: [BY4-BK-2,ㄱ자 [부영]] | F14: 미래공구 | G14: 2 | H14: 2000 | I14: 4000
A15: =ROW()-3 -> 12 | B15: 46115 | C15: 소모성자재 | D15: 수세미 | E15: [MIGHTY BLUE PAD,녹색 [3M]] | F15: 미래공구 | G15: 10 | H15: 1200 | I15: 12000
A16: =ROW()-3 -> 13 | B16: 46119 | C16: 소모성자재 | D16: 평브러쉬 | E16: [4",스텐 [동양]] | F16: 미래공구 | G16: 30 | H16: 3500 | I16: 105000
A17: =ROW()-3 -> 14 | B17: 46119 | C17: 소모성자재 | D17: 밴드쏘부품 | E17: [손잡이(RB-180II용),6"용 [록스]] | F17: 미래공구 | G17: 1 | H17: 25700 | I17: 25700
A18: =ROW()-3 -> 15 | B18: 46121 | C18: 소모성자재 | D18: 마대 | E18: [PP,신재 [국산/HNS]] | F18: 미래공구 | G18: 20 | H18: 400 | I18: 8000
A19: =ROW()-3 -> 16 | B19: 46121 | C19: 소모성자재 | D19: 밴드쏘고무링 | E19: [R-180용,6" [록스]] | F19: 미래공구 | G19: 3 | H19: 13000 | I19: 39000
A20: =ROW()-3 -> 17 | B20: 46121 | C20: 소모성자재 | D20: 튜브컷터날 | E20: [7.0028(7.0031용) [로덴베르거]] | F20: 미래공구 | G20: 3 | H20: 8400 | I20: 25200
A21: =ROW()-3 -> 18 | B21: 46121 | C21: 소모성자재 | D21: 튜브컷터날 | E21: [TCBC105 [슈퍼]] | F21: 미래공구 | G21: 3 | H21: 10000 | I21: 30000
A22: =ROW()-3 -> 19 | B22: 46122 | C22: 소모성자재 | D22: 포장용비닐 | E22: [700*0.045T*440m [국산]] | F22: 미래공구 | G22: 1 | H22: 89500 | I22: 89500
A23: =ROW()-3 -> 20 | B23: 46122 | C23: 소모성자재 | D23: 컷쏘날 | E23: [S1122BF,철재,바이메탈,5개입 [보쉬]] | F23: 미래공구 | G23: 10 | H23: 19000 | I23: 190000
A24: =ROW()-3 -> 21 | B24: 46122 | C24: 소모성자재 | D24: 컷쏘날 | E24: [S922BF,철재,바이메탈,5개입 [보쉬]] | F24: 미래공구 | G24: 10 | H24: 14500 | I24: 145000
A25: =ROW()-3 -> 22 | B25: 46122 | C25: 소모성자재 | D25: 공캔 | E25: [4L,뚜껑미포함 [수입/SW]] | F25: 미래공구 | G25: 5 | H25: 2500 | I25: 12500
... A51: =ROW()-3 -> 48 | B51: 46142 | C51: 소모성자재 | D51: 실리콘 | E51: [아이보리 [신에츠]] | F51: 미래공구 | G51: 1 | H51: 1700 | I51: 1700
A52: =ROW()-3 -> 49 | B52: 46129 | C52: 소모성자재 | D52: 탭 | F52: 진위공구철물 | G52: 1 | H52: 55000 | I52: 55000
A53: =ROW()-3 -> 50 | B53: 46129 | C53: 소모성자재 | D53: AA 건전지 | F53: 쿠팡㈜ | G53: 2 | H53: 11581.818 | I53: 23163.636
A54: =ROW()-3 -> 51 | B54: 46129 | C54: 소모성자재 | D54: AA 건전지 | F54: 쿠팡㈜ | G54: 3 | H54: 11566.667 | I54: 34700
A55: =ROW()-3 -> 52 | B55: 46139 | C55: 안전용품 | D55: 손전등 라이트 | F55: 쿠팡㈜ | G55: 4 | H55: 6795.4545 | I55: 27181.818

Sheet 숙소임차료
A1: 숙소 임차료
A2: No. | B2: 납부일 | C2: 구분 | D2: 품명 | E2: 주소 | F2: 호수 | G2: 수량 | H2: 사용인원 | I2: 임차료 | J2: 비 고
I3: =SUM(I4:I25) -> 21500000 | L3: 입력해야하는 항목 외 수정 금지
A4: =ROW()-3 -> 1 | B4: 46142 | C4: KC대납 임대료 | D4: 숙소임대료(4월분) | E4: 함박산1길 16 | F4: 301호 | G4: 1 | I4: =800000 -> 800000 | J4: KC 대납 | L4: 납부일
A5: =ROW()-3 -> 2 | B5: 46142 | C5: KC대납 임대료 | D5: 숙소임대료(4월분) | E5: 함박산8길 37 | F5: 302호 | G5: 1 | I5: =800000 -> 800000 | J5: KC 대납 | L5: 구분
A6: =ROW()-3 -> 3 | B6: 46142 | C6: KC대납 임대료 | D6: 숙소임대료(4월분) | E6: 고덕여염11길 85 | F6: 202호 | G6: 1 | I6: =850000 -> 850000 | J6: KC 대납 | L6: 품명
A7: =ROW()-3 -> 4 | B7: 46142 | C7: KC대납 임대료 | D7: 숙소임대료(4월분) | E7: 함박산9길 8-1 | F7: 201호 | G7: 1 | I7: =850000 -> 850000 | J7: KC 대납 | L7: 주소
A8: =ROW()-3 -> 5 | B8: 46142 | C8: KC대납 임대료 | D8: 숙소임대료(4월분) | E8: 함박산12길 8-10 | F8: 301호 | G8: 1 | I8: =950000 -> 950000 | J8: KC 대납 | L8: 호수
A9: =ROW()-3 -> 6 | B9: 46142 | C9: KC대납 임대료 | D9: 숙소임대료(4월분) | E9: 함박산10길 19 | F9: 201호 | G9: 1 | I9: =1000000 -> 1000000 | J9: KC 대납 | L9: 수량
A10: =ROW()-3 -> 7 | B10: 46142 | C10: KC대납 임대료 | D10: 숙소임대료(4월분) | E10: 함박산10길 19 | F10: 301호 | G10: 1 | I10: =1000000 -> 1000000 | J10: KC 대납 | L10: 사용인원
A11: =ROW()-3 -> 8 | B11: 46142 | C11: KC대납 임대료 | D11: 숙소임대료(4월분) | E11: 고덕여염6길 108 | F11: 302호 | G11: 1 | I11: =1000000 -> 1000000 | J11: KC 대납
A12: =ROW()-3 -> 9 | B12: 46142 | C12: KC대납 임대료 | D12: 숙소임대료(4월분) | E12: 고덕여염5길 23-16 | F12: 402호 | G12: 1 | I12: =850000 -> 850000 | J12: KC 대납 | L12: ■ 구분은 [KC대납 임대료 및 임대료] 이외 항목은 입력금지
A13: =ROW()-3 -> 10 | B13: 46142 | C13: KC대납 임대료 | D13: 숙소임대료(4월분) | E13: 고덕여염12길 92 | F13: 202호 | G13: 1 | I13: =850000 -> 850000 | J13: KC 대납
A14: =ROW()-3 -> 11 | B14: 46142 | C14: KC대납 임대료 | D14: 숙소임대료(4월분) | E14: 고덕여염16길 32 | F14: 202호 | G14: 1 | I14: =850000 -> 850000 | J14: KC 대납
A15: =ROW()-3 -> 12 | B15: 46142 | C15: KC대납 임대료 | D15: 숙소임대료(4월분) | E15: 고덕여염 5길 15-10 | F15: 301호 | G15: 1 | I15: =1000000 -> 1000000 | J15: KC 대납
A16: =ROW()-3 -> 13 | B16: 46142 | C16: KC대납 임대료 | D16: 숙소임대료(4월분) | E16: 고덕여염 5길 15-10 | F16: 201호 | G16: 1 | I16: =1000000 -> 1000000 | J16: KC 대납
A17: =ROW()-3 -> 14 | B17: 46142 | C17: KC대납 임대료 | D17: 숙소임대료(4월분) | E17: 고덕여염 5길 15-10 | F17: 202호 | G17: 1 | I17: =1000000 -> 1000000 | J17: KC 대납
A18: =ROW()-3 -> 15 | B18: 46142 | C18: KC대납 임대료 | D18: 숙소임대료(4월분) | E18: 고덕 갈평10길 67 | F18: 201호 | G18: 1 | I18: =950000 -> 950000 | J18: KC 대납
A19: =ROW()-3 -> 16 | B19: 46142 | C19: KC대납 임대료 | D19: 숙소임대료(4월분) | E19: 고덕 갈평10길 102 | F19: 302호 | G19: 1 | I19: =950000 -> 950000 | J19: KC 대납
A20: =ROW()-3 -> 17 | B20: 46142 | C20: KC대납 임대료 | D20: 숙소임대료(4월분) | E20: 고덕 갈평9길 43 | F20: 202호 | G20: 1 | I20: =1000000 -> 1000000 | J20: KC 대납
A21: =ROW()-3 -> 18 | B21: 46142 | C21: KC대납 임대료 | D21: 숙소임대료(4월분) | E21: 함박산2길 32-2 | F21: 201호 | G21: 1 | I21: =1000000 -> 1000000 | J21: KC 대납
A22: =ROW()-3 -> 19 | B22: 46142 | C22: KC대납 임대료 | D22: 숙소임대료(4월분) | E22: 함박산8길 36-2 | F22: 301호 | G22: 1 | I22: =1100000 -> 1100000 | J22: KC 대납
A23: =ROW()-3 -> 20 | B23: 46142 | C23: KC대납 임대료 | D23: 숙소임대료(4월분) | E23: 고덕갈평7길 61 | F23: 301호 | G23: 1 | I23: =1100000 -> 1100000 | J23: KC 대납
A24: =ROW()-3 -> 21 | B24: 46142 | C24: KC대납 임대료 | D24: 숙소임대료(4월분) | E24: 함박산4길 20 | F24: 202호 | G24: 1 | I24: =1100000 -> 1100000 | J24: KC 대납
A25: =ROW()-3 -> 22 | B25: 46142 | C25: KC대납 임대료 | D25: 숙소임대료(4월분) | E25: 함박산1길 51 | F25: 301호 | G25: 1 | I25: =1500000 -> 1500000 | J25: KC 대납

Sheet 숙소관리비
A1: 숙소 관리비
A2: No. | B2: 납부일 | C2: 구분 | D2: 품명 | E2: 주소 | F2: 호수 | G2: 수량 | H2: 사용인원 | I2: 임차료 | J2: 비 고
I3: =SUM(I4:I71) -> 4306300
A4: =ROW()-3 -> 1 | B4: 46142 | C4: 관리비 | D4: 숙소전기요금(4월) | E4: 함박산1길 16 | F4: 301호 | G4: 1 | I4: 31460
A5: =ROW()-3 -> 2 | B5: 46142 | C5: 관리비 | D5: 숙소전기요금(4월) | E5: 함박산8길 37 | F5: 302호 | G5: 1 | I5: 22700
A6: =ROW()-3 -> 3 | B6: 46142 | C6: 관리비 | D6: 숙소전기요금(4월) | E6: 고덕여염11길 85 | F6: 202호 | G6: 1 | I6: 21790
A7: =ROW()-3 -> 4 | B7: 46142 | C7: 관리비 | D7: 숙소전기요금(4월) | E7: 함박산9길 8-1 | F7: 201호 | G7: 1 | I7: 23000
A8: =ROW()-3 -> 5 | B8: 46142 | C8: 관리비 | D8: 숙소전기요금(4월) | E8: 함박산12길 8-10 | F8: 301호 | G8: 1 | I8: 34760
A9: =ROW()-3 -> 6 | B9: 46142 | C9: 관리비 | D9: 숙소전기요금(4월) | E9: 함박산10길 19 | F9: 201호 | G9: 1 | I9: 22760
A10: =ROW()-3 -> 7 | B10: 46142 | C10: 관리비 | D10: 숙소전기요금(4월) | E10: 함박산10길 19 | F10: 301호 | G10: 1 | I10: 21100
A11: =ROW()-3 -> 8 | B11: 46142 | C11: 관리비 | D11: 숙소전기요금(4월) | E11: 고덕여염6길 108 | F11: 302호 | G11: 1 | I11: 33280
A12: =ROW()-3 -> 9 | B12: 46142 | C12: 관리비 | D12: 숙소전기요금(4월) | E12: 고덕여염5길 23-16 | F12: 402호 | G12: 1 | I12: 19070
A13: =ROW()-3 -> 10 | B13: 46142 | C13: 관리비 | D13: 숙소전기요금(4월) | E13: 고덕여염12길 92 | F13: 202호 | G13: 1 | I13: 16500
A14: =ROW()-3 -> 11 | B14: 46142 | C14: 관리비 | D14: 숙소전기요금(4월) | E14: 고덕여염16길 32 | F14: 202호 | G14: 1 | I14: 59750
A15: =ROW()-3 -> 12 | B15: 46142 | C15: 관리비 | D15: 숙소전기요금(4월) | E15: 고덕여염 5길 15-10 | F15: 301호 | G15: 1 | I15: 25110
... A71: =ROW()-3 -> 68 | B71: 46142 | C71: 관리비 | D71: 숙소수도요금(4월) | E71: 함박산1길 51 | F71: 301호 | G71: 1 | I71: 11420

Sheet 식대비용
A1: 식대 비용
A2: No. | B2: 납부일 | C2: 구분 | D2: 품명 | E2: 거래처명 | F2: 수량 | G2: 식수인원 | H2: 단가 | I2: 합 계 | J2: 비 고
I3: =SUM(I4:I10) -> 50484180 | L3: 입력해야하는 항목 외 수정 금지
A4: =ROW()-3 -> 1 | B4: 46137 | C4: KC대납 식대 | D4: 기술인및관리자 (현장 식당) | E4: 태정위드유 주식회사 | F4: 1 | H4: 1675545 | I4: =F4*H4 -> 1675545 | J4: KC 대납 | L4: 입력항목
A5: =ROW()-3 -> 2 | B5: 46137 | C5: KC대납 식대 | D5: 기술인및관리자 (현장 식당) | E5: 다모아한식뷔페 | F5: 85 | H5: 7000 | I5: =F5*H5 -> 595000 | J5: KC 대납 | L5: 납부일
A6: =ROW()-3 -> 3 | B6: 46137 | C6: KC대납 식대 | D6: 기술인및관리자 (현장 식당) | E6: 영미손김밥 | F6: 1 | H6: 1464545 | I6: =F6*H6 -> 1464545 | J6: KC 대납 | L6: 구분
A7: =ROW()-3 -> 4 | B7: 46137 | C7: KC대납 식대 | D7: 기술인및관리자 (현장 식당) | E7: 옛날장터 | F7: 6341 | H7: 7000 | I7: =F7*H7 -> 44387000 | J7: KC 대납 | L7: 품명
A8: =ROW()-3 -> 5 | B8: 46137 | C8: KC대납 식대 | D8: 기술인및관리자 (현장 식당) | E8: 은주네한식뷔페 | F8: 80 | H8: 7000 | I8: =F8*H8 -> 560000 | J8: KC 대납 | L8: 거래처명
A9: =ROW()-3 -> 6 | B9: 46137 | C9: KC대납 식대 | D9: 기술인및관리자 (현장 식당) | E9: 삼성김밥 | F9: 1 | H9: 1487545 | I9: =F9*H9 -> 1487545 | J9: KC 대납 | L9: 수량
A10: =ROW()-3 -> 7 | B10: 46137 | C10: KC대납 식대 | D10: 기술인및관리자 (현장 식당) | E10: 한솥 | F10: 1 | H10: 314545 | I10: =F10*H10 -> 314545 | J10: KC 대납 | L10: 식수인원
A11: =ROW()-3 -> 8 | B11: 46142 | C11: 식대 | E11: 법인카드 | F11: 1 | H11: 2112545 | I11: =F11*H11 -> 2112545 | L11: 단가
L13: ■ 구분은 [KC대납 식대 및 식대] 이외 항목은 입력금지

Sheet 기타비용
A1: 기타 비용
A2: No. | B2: 구매일 | C2: 구분 | D2: 품명 | E2: 거래처명 | F2: 수량 | G2: 단가 | H2: 합계 | I2: 비고
H3: =SUM(H4:H23) -> 3324027.3 | K3: 입력해야하는 항목 외 수정 금지
A4: =ROW()-3 -> 1 | B4: 46114 | C4: 차량유류대 | D4: 85어 5471 포터2 | E4: (주)소모 칠곡주유소 | F4: 1 | G4: 63636.364 | H4: =F4*G4 -> 63636.364 | K4: 입력항목
A5: =ROW()-3 -> 2 | B5: 46118 | C5: 차량유류대 | D5: 85어 5471 포터2 | E5: 남사농업협동조합 | F5: 1 | G5: 63636.364 | H5: =F5*G5 -> 63636.364 | K5: 구매일
A6: =ROW()-3 -> 3 | B6: 46120 | C6: 차량유류대 | D6: 85어 5471 포터2 | E6: (주)소모 칠곡주유소 | F6: 1 | G6: 63636.364 | H6: =F6*G6 -> 63636.364 | K6: 구분
A7: =ROW()-3 -> 4 | B7: 46122 | C7: 차량유류대 | D7: 85어 5471 포터2 | E7: (주)소모 칠곡주유소 | F7: 1 | G7: 63636.364 | H7: =F7*G7 -> 63636.364 | K7: 품명
A8: =ROW()-3 -> 5 | B8: 46122 | C8: 차량유류대 | D8: 85어 5471 포터2 | E8: (주)소모 칠곡주유소 | F8: 1 | G8: 9090.9091 | H8: =F8*G8 -> 9090.9091 | K8: 거래처명
A9: =ROW()-3 -> 6 | B9: 46126 | C9: 차량유류대 | D9: 85어 5471 포터2 | E9: SB새벽주유소 | F9: 1 | G9: 63636.364 | H9: =F9*G9 -> 63636.364 | K9: 수량
A10: =ROW()-3 -> 7 | B10: 46128 | C10: 차량유류대 | D10: 85어 5471 포터2 | E10: (주)소모 칠곡주유소 | F10: 1 | G10: 63636.364 | H10: =F10*G10 -> 63636.364 | K10: 단가
A11: =ROW()-3 -> 8 | B11: 46132 | C11: 차량유류대 | D11: 85어 5471 포터2 | E11: 남사농업협동조합 | F11: 1 | G11: 63636.364 | H11: =F11*G11 -> 63636.364
A12: =ROW()-3 -> 9 | B12: 46134 | C12: 차량유류대 | D12: 85어 5471 포터2 | E12: 남사농업협동조합 | F12: 1 | G12: 63636.364 | H12: =F12*G12 -> 63636.364 | K12: ■ 구분은 [사무용품, 소모품비, 법인카드] 이외 항목은 입력금지
A13: =ROW()-3 -> 10 | B13: 46137 | C13: 차량유류대 | D13: 85어 5471 포터2 | E13: 남사농업협동조합 | F13: 1 | G13: 63636.364 | H13: =F13*G13 -> 63636.364
A14: =ROW()-3 -> 11 | B14: 46140 | C14: 차량유류대 | D14: 85어 5471 포터2 | E14: 남사농업협동조합 | F14: 1 | G14: 63636.364 | H14: =F14*G14 -> 63636.364
A15: =ROW()-3 -> 12 | B15: 46129 | C15: 소모성자재 | D15: 85어5471 엔진오일 | E15: 공임나라 평택진위점 | F15: 1 | G15: 110000 | H15: =F15*G15 -> 110000
A16: =ROW()-3 -> 13 | B16: 46139 | C16: 소모성자재 | D16: 85어 5471 수리비 | E16: 공임나라 평택진위점 | F16: 1 | G16: 1981818.2 | H16: =F16*G16 -> 1981818.2
A17: =ROW()-3 -> 14 | B17: 46136 | C17: 소모성자재 | D17: 복합기 토너 | E17: 위프린트 | F17: 4 | G17: 91125 | H17: =F17*G17 -> 364500
A18: =ROW()-3 -> 15 | B18: 46121 | C18: 소모성자재 | D18: 네임펜 | E18: 쿠팡㈜ | F18: 24 | G18: 727.27273 | H18: =F18*G18 -> 17454.545
A19: =ROW()-3 -> 16 | B19: 46121 | C19: 소모성자재 | D19: 보드마카 | E19: 쿠팡㈜ | F19: 24 | G19: 348.48485 | H19: =F19*G19 -> 8363.6364
A20: =ROW()-3 -> 17 | B20: 46125 | C20: 소모성자재 | D20: A3 코팅지 | E20: 쿠팡㈜ | F20: 6 | G20: 13545.455 | H20: =F20*G20 -> 81272.727
A21: =ROW()-3 -> 18 | B21: 46125 | C21: 소모성자재 | D21: 페인트 마카 | E21: 쿠팡㈜ | F21: 24 | G21: 713.63636 | H21: =F21*G21 -> 17127.273
A22: =ROW()-3 -> 19 | B22: 46135 | C22: 소모성자재 | D22: 네임펜 | E22: 쿠팡㈜ | F22: 24 | G22: 493.93939 | H22: =F22*G22 -> 11854.545
A23: =ROW()-3 -> 20 | B23: 46140 | C23: 비품 | D23: 선풍기 | E23: 쿠팡㈜ | F23: 2 | G23: 43090.909 | H23: =F23*G23 -> 86181.818

Sheet 서명란
B2: 현 장 확 인 | C2: 소 장 | E2: (서명)
C3: 공 사 | E3: (서명)
C4: 공 무 | E4: (서명)
G6: 사 업 부 | H6: Frontier 사업부 GNP 본부장 | I6: BOC 센터장 | J6: Frontier 사업부장
L8: 본 사 | M8: 담 당 | N8: 검 토 | O8: 검 토
Q11: 구 분 | R11: 확 인
Q12: 품 질 | R12: O O O (인)
Q13: 공 무 | R13: O O O (인)

Sheet DIA-INCH
B3: SIZE
B4: A(mm) | C4: Inch
B5: 8A | C5: 0.25
B6: 15A | C6: 0.5
B7: 20A | C7: 0.75
B8: 25A | C8: 1
B9: 32A | C9: 1.25
B10: 40A | C10: 1.5
B11: 50A | C11: 2
B12: 65A | C12: 2.5
B13: 80A | C13: 3
B14: 100A | C14: 4
B15: 110A | C15: 4
B16: 125A | C16: 5
... B27: 550A | C27: 22
